Q No.,Question,Answer,Domain,Sub-Domain
1,"यदि एक आयताकार बॉक्स की लंबाई १० इंच, चौड़ाई ५ इंच और ऊँचाई ३ इंच हो तो बॉक्स का कुल आयतन कितना है?",१५०,Math,Math
2,बेंजीन के १ अणु में कितने कार्बन होते हैं?,६,Chemistry,Chemistry
3,मीना २० मी/से की गति से १० मिनट दौड़े तो कितना रास्ता पार करेगी?,१२०००,Physics,Physics
4,फिटकरी के एक अणु में कितने ऑक्सीजन होते हैं?,४०,Chemistry,Chemistry
5,एक बॉक्स में ६ लाल और ४ सफेद गेंदें हैं। यदि एक गेंद यादृच्छिक रूप से निकाली जाए तो गेंद के लाल होने की प्रायिकता कितनी है?,०.६०,Math,Probability
6,दशमलव संख्या २५ का बाइनरी कितना है?,११००१,CS,CS
7,५% लाभ की दर से १० वर्षों में १०००० रुपये पर कितने रुपये का लाभ मिलेगा?,२५००,Math,Math
8,१ मोल इथेनॉल और १ मोल ऑक्सीजन के संयोजन से बनने वाले जल की मात्रा ग्राम में ज्ञात कीजिए।,१८,Chemistry,Chemistry
9,"एक बाइक ने ७ सेकंड में २१ मीटर की यात्रा की। बाइक की औसत गति कितने मीटर प्रति सेकंड है, ज्ञात कीजिए।",३,Physics,Physics
10,कार्बन मोनोऑक्साइड के ९ मोल का भार कितने ग्राम है?,२५२,Chemistry,Chemistry
11,एल्युमिनियम हाइड्रॉक्साइड में एल्युमिनियम का भार प्रतिशत में ज्ञात कीजिए।,३४.६,Chemistry,Chemistry
12,एक ट्रेन औसतन १० मी/सेकंड की गति से ८० मीटर की दूरी तय करती है। यात्रा की कुल अवधि कितनी है?,८,Physics,Physics
13,एक आदमी पहले दिन एक रुपया जमा करता है। अगले दिनों में वह पिछले दिन का दोगुना रुपया जमा करता है। इस प्रकार महीने के अंतिम दिन वह कितने रुपये जमा कर पाएगा?,५३६८७०९१२,Math,Math
14,जनवरी महीने में जतिन का जन्मदिन होने की संभावना कितनी है?,१/१२,Math,Probability
15,अप्रैल महीने की ३१ तारीख को जतिन का जन्मदिन होने की संभावना कितनी है?,०,Math,Probability
16,"यदि जतिन का जन्मदिन जनवरी महीने में है, तो जनवरी महीने की ३१ तारीख को जतिन का जन्मदिन होने की संभावना कितनी है?",१/३१,Math,Probability
17,"यदि अमित औसतन १०० मी/सेकंड की गति से १००० मीटर की प्रतियोगिता में भाग ले और प्रतियोगिता जीतने के लिए २० सेकंड से पहले प्रतियोगिता पूरी करनी हो, तो अमित के जीतने की संभावना कितनी है?",१,Math,Probability
18,"यदि अमित औसतन ५० मी/सेकंड की गति से १००० मीटर की प्रतियोगिता में भाग ले और प्रतियोगिता जीतने के लिए १० सेकंड से पहले प्रतियोगिता पूरी करनी हो, तो अमित के जीतने की संभावना कितनी है?",०,Math,Probability
19,३० डिग्री सेल्सियस तापमान कितने डिग्री फ़ारेनहाइट के बराबर है?,८६,Physics,Physics
20,-८०.६५ डिग्री सेल्सियस तापमान कितने डिग्री फ़ारेनहाइट के बराबर है?,-११३.१७,Physics,Physics
21,५० डिग्री फ़ारेनहाइट तापमान कितने डिग्री सेल्सियस के बराबर है?,१०,Physics,Physics
22,३०० केल्विन तापमान कितने डिग्री फ़ारेनहाइट के बराबर है?,८०.३३,Physics,Physics
23,३३०.७६ केल्विन तापमान कितने डिग्री सेल्सियस के बराबर है?,५७.६१,Physics,Physics
24,एक त्रिभुज के आधार की लंबाई १० मीटर और ऊँचाई २०० मीटर है। त्रिभुज का क्षेत्रफल कितना है?,१०००,Math,Solid Geometry
25,एक आयत की लंबाई ११.५ मीटर और चौड़ाई २२ मीटर है। आयत का क्षेत्रफल कितना है?,२५३,Math,Solid Geometry
26,एक वर्ग की भुजा ११.५ मीटर है। वर्ग का क्षेत्रफल कितना है?,१३२.२५,Math,Solid Geometry
27,एक वर्ग की भुजा ११.५ मीटर है। वर्ग के विकर्ण की लंबाई कितनी है?,१६.२६,Math,Solid Geometry
28,"एक ट्रेन स्थिर अवस्था से चलना शुरू करके ६०० मीटर की दूरी पार करती है तो ट्रेन का वेग १२० मी/से हो जाता है, त्वरण ज्ञात कीजिए।",१२,Physics,Physics
29,९.८ मी/से के वेग से एक पत्थर को ऊपर की ओर फेंका गया। यह कितने समय बाद भूमि पर वापस आएगा?,२,Physics,Physics
30,२००० मीटर ऊँचे एक टावर से एक पत्थर को नीचे की ओर गिराया गया। यह कितने समय बाद भूमि पर गिरेगा (गुरुत्वीय त्वरण g = १०)?,२०,Physics,Physics
31,एक वस्तु का द्रव्यमान १० किग्रा और आयतन १०० घन मीटर है। वस्तु का घनत्व कितना है?,०.१०,Physics,Physics
32,एक समकोण त्रिभुज का आधार १२ और लंब ५ हो तो कर्ण कितना है?,१३,Math,Solid Geometry
33,यदि किसी समुच्चय के सदस्यों की संख्या ५ हो तो उसके उचित उपसमुच्चयों की संख्या कितनी है?,३१,Math,Set Function
34,यदि किसी समुच्चय के सदस्यों की संख्या ३ हो तो उसके उचित उपसमुच्चयों की संख्या कितनी है?,७,Math,Set Function
35,यदि किसी समुच्चय के सदस्यों की संख्या ६ हो तो उसके उपसमुच्चयों की संख्या कितनी है?,६४,Math,Set Function
36,यदि किसी समुच्चय के सदस्यों की संख्या ५ हो तो उसके उपसमुच्चयों की संख्या कितनी है?,३२,Math,Set Function
37,"यदि A = {१,२,३,४} हो तो इसके उचित उपसमुच्चयों की संख्या कितनी है?",१५,Math,Set Function
38,"यदि A = {-१,१३,२०,५६,८९} हो तो इसके उचित उपसमुच्चयों की संख्या कितनी है?",३१,Math,Set Function
39,"यदि A = {-१,२०,१३७,६५६,९८९} हो तो इसके उपसमुच्चयों की संख्या कितनी है?",३२,Math,Set Function
40,"यदि A = {-१२३५,-२९०,१३४७,१५६७,८९२२,२०३३४} हो तो इसके उपसमुच्चयों की संख्या कितनी है?",६४,Math,Set Function
41,"A = {१,२,३,४,५} समुच्चय के घात समुच्चय (power set) के अवयवों की संख्या कितनी है?",३२,Math,Set Function
42,"यदि A = {१,४,६,८} हो, तो A x A ज्ञात करने पर कितने क्रमित युग्म प्राप्त होंगे?",१६,Math,Set Function
43,"A = {३,४,५,८} समुच्चय के घात समुच्चय (power set) के अवयवों की संख्या कितनी है?",१६,Math,Set Function
44,"यदि A = {१,२,३} हो, तो A x A ज्ञात करने पर कितने क्रमित युग्म प्राप्त होंगे?",९,Math,Set Function
45,"कुछ छात्र-छात्राओं में से ६० को क्रिकेट, ४० को फुटबॉल और २५ को दोनों खेल पसंद हैं। कम से कम एक खेल कितनों को पसंद है?",७५,Math,Set Function
46,६० छात्रों में से ४० हिंदी में और ३० अंग्रेज़ी में पास हुए। दोनों विषयों में २० पास हुए। तो केवल हिंदी में कितने पास हुए?,२०,Math,Set Function
47,६० छात्रों में से ४० हिंदी में और ३० अंग्रेज़ी में पास हुए। दोनों विषयों में २० पास हुए। तो कम से कम एक विषय में कितने पास हुए?,५०,Math,Set Function
48,६० छात्रों में से ४० हिंदी में और ३० अंग्रेज़ी में पास हुए। दोनों विषयों में २० पास हुए। तो दोनों विषयों में कितने फेल हुए?,१०,Math,Set Function
49,"यदि एक पहिये का व्यास १४ से.मी. हो, तो उसकी परिधि का निकटतम मान कितने से.मी. है?",४३.९८,Math,Trigonometry
50,"यदि एक पहिये का व्यास ३.१४१६ मीटर हो, तो पहिये की परिधि कितने मीटर है?",९.८७,Math,Trigonometry
51,पृथ्वी की त्रिज्या ६४४० कि.मी. है। दिल्ली और जयपुर पृथ्वी के केंद्र पर ३ डिग्री का कोण बनाते हैं। दिल्ली और जयपुर की दूरी कितने कि.मी. है?,३३७.२०,Math,Trigonometry
52,पृथ्वी की त्रिज्या ६४४० कि.मी. है। दिल्ली और मुंबई पृथ्वी के केंद्र पर ६ डिग्री का कोण बनाते हैं। दिल्ली और मुंबई की दूरी कितने कि.मी. है?,६७४.३९,Math,Trigonometry
53,"यदि दो पहियों की परिधि का अंतर ९० से.मी. हो, तो उनकी त्रिज्याओं का अंतर कितने से.मी. है?",१४.३२,Math,Trigonometry
54,"यदि दो पहियों की परिधि का अंतर ४० से.मी. हो, तो उनके व्यासों का अंतर कितने से.मी. है?",१२.७३,Math,Trigonometry
55,"यदि दो पहियों की परिधि का अंतर १२० से.मी. हो, तो उनकी त्रिज्याओं का अंतर कितने से.मी. है?",१९.०९,Math,Trigonometry
56,"यदि दो पहियों की परिधि का अंतर ७० से.मी. हो, तो उनके व्यासों का अंतर कितने से.मी. है?",२२.२८,Math,Trigonometry
57,"यदि दो पहियों की परिधि का अंतर १२० से.मी. हो, तो उनके व्यासों का अंतर कितने से.मी. है?",३८.१९,Math,Trigonometry
58,"यदि दो पहियों की परिधि का अंतर ७० से.मी. हो, तो उनकी त्रिज्याओं का अंतर कितने से.मी. है?",११.१४,Math,Trigonometry
59,"एक पहिया १.७५ कि.मी. रास्ता तय करने में ४० बार घूमता है, पहिये की त्रिज्या कितने मीटर है?",६.९६,Math,Trigonometry
60,"एक पहिया १.७५ कि.मी. रास्ता तय करने में ३० बार घूमता है, पहिये की त्रिज्या कितने मीटर है?",९.२८,Math,Trigonometry
61,"एक पहिया ४ कि.मी. रास्ता तय करने में ७० बार घूमता है, पहिये का व्यास कितने मीटर है?",१८.१८,Math,Trigonometry
62,"एक पहिया ३.२५ कि.मी. रास्ता तय करने में २५ बार घूमता है, पहिये का व्यास कितने मीटर है?",४१.३८,Math,Trigonometry
63,"एक पहिया १२० से.मी. रास्ता तय करने में १२ बार घूमता है, पहिये का व्यास कितने से.मी. है?",३.१८,Math,Trigonometry
64,एक पहिया वृत्ताकार पथ पर २५० मीटर रास्ता तय करने में ३५ बार घूमता है। पहिये की त्रिज्या कितने मीटर है?,१.१३,Math,Trigonometry
65,एक गाय को रस्सी से इस प्रकार बाँधा गया कि गाय १४४ वर्ग मीटर के वृत्ताकार मैदान की घास खा सके। मैदान की परिधि कितने मीटर है?,४२.५३,Math,Trigonometry
66,एक गाय को रस्सी से इस प्रकार बाँधा गया कि गाय २५ वर्ग मीटर के वृत्ताकार मैदान की घास खा सके। मैदान की परिधि कितने मीटर है?,१७.७२,Math,Trigonometry
67,एक गाय को रस्सी से इस प्रकार बाँधा गया कि गाय १४४ वर्ग मीटर के वृत्ताकार मैदान की घास खा सके। मैदान की त्रिज्या कितने मीटर है?,६.७७,Math,Trigonometry
68,एक गाय को रस्सी से इस प्रकार बाँधा गया कि गाय २५ वर्ग मीटर के वृत्ताकार मैदान की घास खा सके। मैदान की त्रिज्या कितने मीटर है?,२.८२,Math,Trigonometry
69,एक गाय को रस्सी से इस प्रकार बाँधा गया कि गाय १४४ वर्ग मीटर के वृत्ताकार मैदान की घास खा सके। मैदान का व्यास कितने मीटर है?,१३.५४,Math,Trigonometry
70,एक गाय को रस्सी से इस प्रकार बाँधा गया कि गाय २५ वर्ग मीटर के वृत्ताकार मैदान की घास खा सके। मैदान का व्यास कितने मीटर है?,५.६४,Math,Trigonometry
71,५ से.मी. त्रिज्या वाले एक वृत्त की परिधि और व्यास का अनुपात कितना है?,३.१४:१,Math,Trigonometry
72,१५ मीटर त्रिज्या वाले एक वृत्त की परिधि और व्यास का अनुपात कितना है?,३.१४:१,Math,Trigonometry
73,५ से.मी. त्रिज्या वाले एक वृत्त की परिधि और त्रिज्या का अनुपात कितना है?,६.२८:१,Math,Trigonometry
74,२० मीटर त्रिज्या वाले एक वृत्त की परिधि और त्रिज्या का अनुपात कितना है?,६.२८:१,Math,Trigonometry
75,एक वृत्त की त्रिज्या ५ से.मी. है। वृत्त में १३ से.मी. लंबे चाप के केंद्रीय कोण का मान कितने रेडियन है?,२.६०,Math,Trigonometry
76,एक वृत्त की त्रिज्या १५ से.मी. है। वृत्त में ३ से.मी. लंबे चाप के केंद्रीय कोण का मान कितने रेडियन है?,०.२०,Math,Trigonometry
77,एक वृत्त का व्यास ५ से.मी. है। वृत्त में १३ से.मी. लंबे चाप के केंद्रीय कोण का मान कितने रेडियन है?,५.२०,Math,Trigonometry
78,एक वृत्त का व्यास ५ से.मी. है। वृत्त में १५ से.मी. लंबे चाप के केंद्रीय कोण का मान कितने रेडियन है?,६,Math,Trigonometry
79,२ से.मी. त्रिज्या वाले वृत्त का २ से.मी. लंबा एक चाप केंद्र पर कितने रेडियन का कोण बनाता है?,१,Math,Trigonometry
80,२ से.मी. त्रिज्या वाले वृत्त का ८ से.मी. लंबा एक चाप केंद्र पर कितने रेडियन का कोण बनाता है?,४,Math,Trigonometry
81,२ से.मी. व्यास वाले वृत्त का २ से.मी. लंबा एक चाप केंद्र पर कितने रेडियन का कोण बनाता है?,२,Math,Trigonometry
82,२ से.मी. व्यास वाले वृत्त का ८ से.मी. लंबा एक चाप केंद्र पर कितने रेडियन का कोण बनाता है?,८,Math,Trigonometry
83,"२ से.मी. त्रिज्या वाले वृत्त का एक चाप केंद्र पर ९० डिग्री का कोण बनाता है, चाप की लंबाई कितने से.मी. है (लगभग)?",३.१४,Math,Trigonometry
84,"२ से.मी. व्यास वाले वृत्त का एक चाप केंद्र पर ९० डिग्री का कोण बनाता है, चाप की लंबाई कितने से.मी. है (लगभग)?",१.५७,Math,Trigonometry
85,"२ से.मी. त्रिज्या वाले वृत्त का एक चाप केंद्र पर १८० डिग्री का कोण बनाता है, चाप की लंबाई कितने से.मी. है (लगभग)?",६.२८,Math,Trigonometry
86,"२ से.मी. व्यास वाले वृत्त का एक चाप केंद्र पर १८० डिग्री का कोण बनाता है, चाप की लंबाई कितने से.मी. है (लगभग)?",३.१४,Math,Trigonometry
87,"३ से.मी. व्यास वाले वृत्त का एक चाप केंद्र पर २ रेडियन का कोण बनाता है, चाप की लंबाई कितने से.मी. है (लगभग)?",३,Math,Trigonometry
88,"५ से.मी. व्यास वाले वृत्त का एक चाप केंद्र पर ३ रेडियन का कोण बनाता है, चाप की लंबाई कितने से.मी. है (लगभग)?",७.५०,Math,Trigonometry
89,"३ मीटर त्रिज्या वाले वृत्त का एक चाप केंद्र पर २ रेडियन का कोण बनाता है, चाप की लंबाई कितने से.मी. है (लगभग)?",६००,Math,Trigonometry
90,"५ मीटर त्रिज्या वाले वृत्त का एक चाप केंद्र पर ३ रेडियन का कोण बनाता है, चाप की लंबाई कितने मीटर है (लगभग)?",१५,Math,Trigonometry
91,"५ से.मी. त्रिज्या वाले वृत्त का एक चाप केंद्र पर ६० डिग्री का कोण बनाता है, चाप की लंबाई कितने से.मी. है (लगभग)?",५.२३,Math,Trigonometry
92,"५ से.मी. व्यास वाले वृत्त का एक चाप केंद्र पर ६० डिग्री का कोण बनाता है, चाप की लंबाई कितने से.मी. है (लगभग)?",२.६०,Math,Trigonometry
93,किसी वृत्त की त्रिज्या ७ से.मी. है। वृत्त के १४ से.मी. लंबे चाप के केंद्रीय कोण का मान कितने डिग्री है?,११४.५९,Math,Trigonometry
94,किसी वृत्त की त्रिज्या १० से.मी. है। वृत्त के ३५ से.मी. लंबे चाप के केंद्रीय कोण का मान कितने डिग्री है?,२००.५३,Math,Trigonometry
95,किसी वृत्त का व्यास २० से.मी. है। वृत्त के ५० से.मी. लंबे चाप के केंद्रीय कोण का मान कितने डिग्री है?,२८६.४७,Math,Trigonometry
96,किसी वृत्त का व्यास ७०.५ से.मी. है। वृत्त के ११०.२५ से.मी. लंबे चाप के केंद्रीय कोण का मान कितने डिग्री है?,१७९.२०,Math,Trigonometry
97,किसी वृत्त की त्रिज्या ९ से.मी. है। वृत्त के १५ से.मी. लंबे चाप के केंद्रीय कोण का वृत्तीय माप कितना है?,१.६७,Math,Trigonometry
98,किसी वृत्त का व्यास ९ से.मी. है। वृत्त के १५ से.मी. लंबे चाप के केंद्रीय कोण का वृत्तीय माप कितना है?,३.३३,Math,Trigonometry
99,पृथ्वी की त्रिज्या ६४४० कि.मी. है। दिल्ली और जयपुर पृथ्वी के केंद्र पर ५ डिग्री का कोण बनाते हैं। दिल्ली और जयपुर की दूरी कितने कि.मी. है?,५६१.९९,Math,Trigonometry
100,पृथ्वी का व्यास १२८०० कि.मी. है। दिल्ली और जयपुर पृथ्वी के केंद्र पर ४ डिग्री का कोण बनाते हैं। दिल्ली और जयपुर की दूरी कितने कि.मी. है?,४४६.८०,Math,Trigonometry
101,४५० किलोमीटर दूर एक बिंदु पर कोई पहाड़ ७ डिग्री का कोण बनाता है। पहाड़ की ऊँचाई कितने मीटर है?,५४९७७.८७,Math,Trigonometry
102,५०० किलोमीटर दूर एक बिंदु पर कोई पहाड़ ५ डिग्री का कोण बनाता है। पहाड़ की ऊँचाई कितने मीटर है?,४३६३३.२३,Math,Trigonometry
103,२०० किलोमीटर दूर एक बिंदु पर कोई पहाड़ २ रेडियन का कोण बनाता है। पहाड़ कितने किलोमीटर ऊँचा है?,४००,Math,Trigonometry
104,१५० किलोमीटर दूर एक बिंदु पर कोई पहाड़ २.५० रेडियन का कोण बनाता है। पहाड़ कितने किलोमीटर ऊँचा है?,३७५,Math,Trigonometry
105,दो कोणों का योग ६० डिग्री और अंतर ३० डिग्री है। बड़ा कोण कितने डिग्री है?,४५,Math,Trigonometry
106,दो कोणों का योग ६० डिग्री और अंतर ३० डिग्री है। छोटा कोण कितने डिग्री है?,१५,Math,Trigonometry
107,एक त्रिभुज के कोण समांतर श्रेणी में हैं। सबसे छोटा कोण सबसे बड़े कोण का आधा है। सबसे बड़े कोण का मान कितने डिग्री है?,८०,Math,Trigonometry
108,एक त्रिभुज के कोण समांतर श्रेणी में हैं। सबसे छोटा कोण सबसे बड़े कोण का आधा है। सबसे छोटे कोण का मान कितने डिग्री है?,४०,Math,Trigonometry
109,६० डिग्री को रेडियन में व्यक्त करने पर कितना होगा?,१.०४,Math,Trigonometry
110,१८० डिग्री को रेडियन में व्यक्त करने पर कितना होगा?,३.१४,Math,Trigonometry
111,२ रेडियन को डिग्री में व्यक्त करने पर कितना होगा?,११४.५९,Math,Trigonometry
112,१ रेडियन को डिग्री में व्यक्त करने पर कितना होगा?,५७.२९,Math,Trigonometry
113,५० डिग्री कोण का पूरक कोण कितना है?,४०,Math,Trigonometry
114,२५.५५ डिग्री कोण का पूरक कोण कितना है?,६४.४५,Math,Trigonometry
115,६० डिग्री कोण का संपूरक कोण कितना है?,१२०,Math,Trigonometry
116,७०.५० डिग्री कोण का संपूरक कोण कितना है?,१०९.५०,Math,Trigonometry
117,११० डिग्री कोण के संपूरक कोण को वृत्तीय पद्धति में व्यक्त करने पर कितना होगा?,१.२२,Math,Trigonometry
118,९० डिग्री कोण के संपूरक कोण को वृत्तीय पद्धति में व्यक्त करने पर कितना होगा?,१.५७,Math,Trigonometry
119,५० डिग्री कोण के पूरक कोण को वृत्तीय पद्धति में व्यक्त करने पर कितना होगा?,०.६९,Math,Trigonometry
120,७० डिग्री कोण के पूरक कोण को वृत्तीय पद्धति में व्यक्त करने पर कितना होगा?,०.३४,Math,Trigonometry
121,एक गाड़ी के पहिये का व्यास ०.८ मीटर है और पहिया प्रति सेकंड ६ बार घूमता है। गाड़ी की गति कितने किलोमीटर/घंटा है?,५४.२८,Math,Trigonometry
122,एक गाड़ी के पहिये का व्यास ०.४ मीटर है और पहिया प्रति सेकंड ४ बार घूमता है। गाड़ी की गति कितने किलोमीटर/घंटा है?,१८.०९,Math,Trigonometry
123,एक गाड़ी के पहिये की त्रिज्या ०.८ मीटर है और पहिया प्रति सेकंड ६ बार घूमता है। गाड़ी की गति कितने किलोमीटर/घंटा है?,१०८.५७,Math,Trigonometry
124,एक गाड़ी के पहिये की त्रिज्या ०.२ मीटर है और पहिया प्रति सेकंड ५ बार घूमता है। गाड़ी की गति कितने किलोमीटर/घंटा है?,२२.६१,Math,Trigonometry
125,४ बजे घड़ी की घंटे और मिनट की सुइयों के बीच का कोण कितने डिग्री होगा?,१२०,Math,Trigonometry
126,सुबह ८:३० बजे घड़ी की घंटे और मिनट की सुइयों के बीच का कोण कितने डिग्री होगा?,७५,Math,Trigonometry
127,सुबह ८:२० बजे घड़ी की घंटे और मिनट की सुइयों के बीच का कोण कितने डिग्री होगा?,१३०,Math,Trigonometry
128,दोपहर १:२० बजे घड़ी की घंटे और मिनट की सुइयों के बीच का कोण कितने डिग्री होगा?,८०,Math,Trigonometry
129,०.५० मीटर त्रिज्या वाला एक पहिया एक बार घूमने पर कितने मीटर की दूरी तय करेगा?,३.१४,Math,Trigonometry
130,०.२५ मीटर त्रिज्या वाला एक पहिया एक बार घूमने पर कितने मीटर की दूरी तय करेगा?,१.५७,Math,Trigonometry
131,०.५० मीटर व्यास वाला एक पहिया एक बार घूमने पर कितने मीटर की दूरी तय करेगा?,१.५७,Math,Trigonometry
132,०.२० मीटर व्यास वाला एक पहिया एक बार घूमने पर कितने मीटर की दूरी तय करेगा?,०.६२,Math,Trigonometry
133,एक समकोण त्रिभुज के लंब और आधार क्रमशः ३ और ४ हों तो इसका कर्ण कितना है?,५,Math,Trigonometry
134,एक समकोण त्रिभुज के लंब और आधार क्रमशः ५ और १२ हों तो इसका कर्ण कितना है?,१३,Math,Trigonometry
135,एक समकोण त्रिभुज के लंब और कर्ण क्रमशः ४ और ५ हों तो इसका आधार कितना है?,३,Math,Trigonometry
136,एक समकोण त्रिभुज के लंब और कर्ण क्रमशः ५ और १३ हों तो इसका आधार कितना है?,१२,Math,Trigonometry
137,एक समकोण त्रिभुज के आधार और कर्ण क्रमशः ३ और ५ हों तो इसका लंब कितना है?,४,Math,Trigonometry
138,एक समकोण त्रिभुज के आधार और कर्ण क्रमशः १२ और १३ हों तो इसका लंब कितना है?,५,Math,Trigonometry
139,"एक आयताकार ठोस की लंबाई ५ से.मी., चौड़ाई ४ से.मी. और ऊँचाई ३ से.मी. हो तो इसका विकर्ण कितने से.मी. है?",७.०७,Math,Solid Geometry
140,"एक आयताकार ठोस की लंबाई १२ से.मी., चौड़ाई ५ से.मी. और ऊँचाई ४ से.मी. हो तो इसका विकर्ण कितने से.मी. है?",१३.६०,Math,Solid Geometry
141,"एक आयताकार ठोस की लंबाई ५ से.मी., चौड़ाई ५ से.मी. और ऊँचाई ५ से.मी. हो तो इसका विकर्ण कितने से.मी. है?",८.६६,Math,Solid Geometry
142,"एक आयताकार ठोस की लंबाई १ से.मी., चौड़ाई १ से.मी. और ऊँचाई १ से.मी. हो तो इसका विकर्ण कितने से.मी. है?",१.७३,Math,Solid Geometry
143,"एक आयताकार ठोस की लंबाई ३ से.मी., विकर्ण ५ से.मी. और ऊँचाई ३ से.मी. हो तो इसकी चौड़ाई कितने से.मी. है?",२.६४,Math,Solid Geometry
144,"एक आयताकार ठोस की लंबाई ८ से.मी., विकर्ण ९ से.मी. और ऊँचाई ४ से.मी. हो तो इसकी चौड़ाई कितने से.मी. है?",१,Math,Solid Geometry
145,२ से.मी. व्यास की एक गोलाकार गेंद एक सिलिंडर आकार के बॉक्स में ठीक से समा जाती है। सिलिंडर का आयतन कितने घन से.मी. है?,६.२८,Math,Solid Geometry
146,४ से.मी. व्यास की एक गोलाकार गेंद एक सिलिंडर आकार के बॉक्स में ठीक से समा जाती है। सिलिंडर का आयतन कितने घन से.मी. है?,५०.२६,Math,Solid Geometry
147,२ से.मी. त्रिज्या की एक गोलाकार गेंद एक सिलिंडर आकार के बॉक्स में ठीक से समा जाती है। सिलिंडर का आयतन कितने घन से.मी. है?,५०.२६,Math,Solid Geometry
148,४ से.मी. त्रिज्या की एक गोलाकार गेंद एक सिलिंडर आकार के बॉक्स में ठीक से समा जाती है। सिलिंडर का आयतन कितने घन से.मी. है?,४०२.१२,Math,Solid Geometry
149,२ से.मी. व्यास की एक गोलाकार गेंद एक सिलिंडर आकार के बॉक्स में ठीक से समा जाती है। सिलिंडर के खाली भाग का आयतन कितने घन से.मी. है?,२.०९,Math,Solid Geometry
150,४ से.मी. व्यास की एक गोलाकार गेंद एक सिलिंडर आकार के बॉक्स में ठीक से समा जाती है। सिलिंडर के खाली भाग का आयतन कितने घन से.मी. है?,१६.७५,Math,Solid Geometry
151,२ से.मी. त्रिज्या की एक गोलाकार गेंद एक सिलिंडर आकार के बॉक्स में ठीक से समा जाती है। सिलिंडर के खाली भाग का आयतन कितने घन से.मी. है?,१६.७४,Math,Solid Geometry
152,४ से.मी. त्रिज्या की एक गोलाकार गेंद एक सिलिंडर आकार के बॉक्स में ठीक से समा जाती है। सिलिंडर के खाली भाग का आयतन कितने घन से.मी. है?,१३४.०४,Math,Solid Geometry
153,६ से.मी. व्यास वाले एक धातु के ठोस गोले को पिघलाकर ३ से.मी. त्रिज्या का एक लंब वृत्तीय सिलिंडर बनाया गया। बने सिलिंडर की ऊँचाई कितने से.मी. है?,४,Math,Solid Geometry
154,५ से.मी. व्यास वाले एक धातु के ठोस गोले को पिघलाकर ३ से.मी. त्रिज्या का एक सिलिंडर बनाया गया। बने सिलिंडर की ऊँचाई कितने से.मी. है?,२.३१,Math,Solid Geometry
155,३ से.मी. त्रिज्या वाले एक धातु के ठोस गोले को पिघलाकर १ से.मी. त्रिज्या का एक सिलिंडर बनाया गया। बने सिलिंडर की ऊँचाई कितने से.मी. है?,३६,Math,Solid Geometry
156,६ से.मी. त्रिज्या वाले एक धातु के ठोस गोले को पिघलाकर ३ से.मी. त्रिज्या का एक सिलिंडर बनाया गया। बने सिलिंडर की ऊँचाई कितने से.मी. है?,३२,Math,Solid Geometry
157,६ से.मी. व्यास वाले एक धातु के ठोस गोले को पिघलाकर ४ से.मी. ऊँचाई का एक सिलिंडर बनाया गया। बने सिलिंडर की त्रिज्या कितने से.मी. है?,३,Math,Solid Geometry
158,३ से.मी. त्रिज्या वाले एक धातु के ठोस गोले को पिघलाकर ३६ से.मी. ऊँचाई का एक सिलिंडर बनाया गया। बने सिलिंडर की त्रिज्या कितने से.मी. है?,१,Math,Solid Geometry
159,६ से.मी. त्रिज्या वाले एक धातु के ठोस गोले को पिघलाकर ३२ से.मी. ऊँचाई का एक सिलिंडर बनाया गया। बने सिलिंडर की त्रिज्या कितने से.मी. है?,३,Math,Solid Geometry
160,६ से.मी. व्यास वाले एक धातु के ठोस गोले को पिघलाकर ३ से.मी. त्रिज्या का एक लंब वृत्तीय सिलिंडर बनाया गया। बने सिलिंडर के वक्र पृष्ठ का क्षेत्रफल कितने वर्ग से.मी. है?,७५.३९,Math,Solid Geometry
161,५ से.मी. व्यास वाले एक धातु के ठोस गोले को पिघलाकर ३ से.मी. त्रिज्या का एक सिलिंडर बनाया गया। बने सिलिंडर के वक्र पृष्ठ का क्षेत्रफल कितने वर्ग से.मी. है?,२१.७७,Math,Solid Geometry
162,३ से.मी. त्रिज्या वाले एक धातु के ठोस गोले को पिघलाकर १ से.मी. त्रिज्या का एक सिलिंडर बनाया गया। बने सिलिंडर के वक्र पृष्ठ का क्षेत्रफल कितने वर्ग से.मी. है?,२२६.१९,Math,Solid Geometry
163,६ से.मी. त्रिज्या वाले एक धातु के ठोस गोले को पिघलाकर ३ से.मी. त्रिज्या का एक सिलिंडर बनाया गया। बने सिलिंडर के वक्र पृष्ठ का क्षेत्रफल कितने वर्ग से.मी. है?,६०३.१८,Math,Solid Geometry
164,६ से.मी. व्यास वाले एक धातु के ठोस गोले को पिघलाकर ४ से.मी. ऊँचाई का एक सिलिंडर बनाया गया। बने सिलिंडर के वक्र पृष्ठ का क्षेत्रफल कितने वर्ग से.मी. है?,७५.३९,Math,Solid Geometry
165,३ से.मी. त्रिज्या वाले एक धातु के ठोस गोले को पिघलाकर ३६ से.मी. ऊँचाई का एक सिलिंडर बनाया गया। बने सिलिंडर के वक्र पृष्ठ का क्षेत्रफल कितने वर्ग से.मी. है?,२२६.१९,Math,Solid Geometry
166,६ से.मी. त्रिज्या वाले एक धातु के ठोस गोले को पिघलाकर ३२ से.मी. ऊँचाई का एक सिलिंडर बनाया गया। बने सिलिंडर के वक्र पृष्ठ का क्षेत्रफल कितने वर्ग से.मी. है?,६०३.१८,Math,Solid Geometry
167,६ से.मी. व्यास वाले एक धातु के ठोस गोले को पिघलाकर ३ से.मी. त्रिज्या का एक लंब वृत्तीय सिलिंडर बनाया गया। बने सिलिंडर के संपूर्ण पृष्ठ का क्षेत्रफल कितने वर्ग से.मी. है?,१३१.९४,Math,Solid Geometry
168,३ से.मी. त्रिज्या वाले एक धातु के ठोस गोले को पिघलाकर १ से.मी. त्रिज्या का एक सिलिंडर बनाया गया। बने सिलिंडर के संपूर्ण पृष्ठ का क्षेत्रफल कितने वर्ग से.मी. है?,२३२.४७,Math,Solid Geometry
169,६ से.मी. त्रिज्या वाले एक धातु के ठोस गोले को पिघलाकर ३ से.मी. त्रिज्या का एक सिलिंडर बनाया गया। बने सिलिंडर के संपूर्ण पृष्ठ का क्षेत्रफल कितने वर्ग से.मी. है?,६५९.७३,Math,Solid Geometry
170,६ से.मी. व्यास वाले एक धातु के ठोस गोले को पिघलाकर ४ से.मी. ऊँचाई का एक सिलिंडर बनाया गया। बने सिलिंडर के संपूर्ण पृष्ठ का क्षेत्रफल कितने वर्ग से.मी. है?,१३१.९४,Math,Solid Geometry
171,३ से.मी. त्रिज्या वाले एक धातु के ठोस गोले को पिघलाकर ३६ से.मी. ऊँचाई का एक सिलिंडर बनाया गया। बने सिलिंडर के संपूर्ण पृष्ठ का क्षेत्रफल कितने वर्ग से.मी. है?,२३२.४७,Math,Solid Geometry
172,६ से.मी. त्रिज्या वाले एक धातु के ठोस गोले को पिघलाकर ३२ से.मी. ऊँचाई का एक सिलिंडर बनाया गया। बने सिलिंडर के संपूर्ण पृष्ठ का क्षेत्रफल कितने वर्ग से.मी. है?,६५९.७३,Math,Solid Geometry
173,६ से.मी. व्यास की एक गोलाकार गेंद एक घन आकार के बॉक्स में ठीक से समा जाती है। बॉक्स का आयतन कितने घन से.मी. है?,२१६,Math,Solid Geometry
174,१० से.मी. व्यास की एक गोलाकार गेंद एक घन आकार के बॉक्स में ठीक से समा जाती है। बॉक्स का आयतन कितने घन से.मी. है?,१०००,Math,Solid Geometry
175,६ से.मी. त्रिज्या की एक गोलाकार गेंद एक घन आकार के बॉक्स में ठीक से समा जाती है। बॉक्स का आयतन कितने घन से.मी. है?,१७२८,Math,Solid Geometry
176,१० से.मी. त्रिज्या की एक गोलाकार गेंद एक घन आकार के बॉक्स में ठीक से समा जाती है। बॉक्स का आयतन कितने घन से.मी. है?,८०००,Math,Solid Geometry
177,३ से.मी. त्रिज्या की एक गोलाकार गेंद एक घन आकार के बॉक्स में ठीक से समा जाती है। बॉक्स का आयतन कितने घन से.मी. है?,२१६,Math,Solid Geometry
178,यदि एक वर्ग के विकर्ण की लंबाई ८√२ से.मी. हो तो इसका क्षेत्रफल कितने वर्ग से.मी. है?,६४,Math,Solid Geometry
179,यदि एक वर्ग के विकर्ण की लंबाई ४√२ से.मी. हो तो इसका क्षेत्रफल कितने वर्ग से.मी. है?,१६,Math,Solid Geometry
180,यदि एक वर्ग के विकर्ण की लंबाई २√२ से.मी. हो तो इसका क्षेत्रफल कितने वर्ग से.मी. है?,४,Math,Solid Geometry
181,यदि एक वर्ग के विकर्ण की लंबाई ३√२ से.मी. हो तो इसका क्षेत्रफल कितने वर्ग से.मी. है?,९,Math,Solid Geometry
182,यदि एक वर्ग के विकर्ण की लंबाई √२ से.मी. हो तो इसका क्षेत्रफल कितने वर्ग से.मी. है?,१,Math,Solid Geometry
183,यदि एक वर्ग के विकर्ण की लंबाई ५√२ से.मी. हो तो इसका क्षेत्रफल कितने वर्ग से.मी. है?,२५,Math,Solid Geometry
184,"एक आयताकार ठोस की लंबाई १२ से.मी., चौड़ाई ९ से.मी. और ऊँचाई ६ से.मी. हो तो इसका आयतन कितने घन से.मी. है?",६४८,Math,Solid Geometry
185,"एक आयताकार ठोस की लंबाई ५ से.मी., चौड़ाई ४ से.मी. और ऊँचाई ३ से.मी. हो तो इसका आयतन कितने घन से.मी. है?",६०,Math,Solid Geometry
186,"एक आयताकार ठोस की लंबाई ६ से.मी., चौड़ाई ५ से.मी. और ऊँचाई ५ से.मी. हो तो इसका आयतन कितने घन से.मी. है?",१५०,Math,Solid Geometry
187,"एक आयताकार ठोस की लंबाई १ से.मी., चौड़ाई १ से.मी. और ऊँचाई १ से.मी. हो तो इसका आयतन कितने घन से.मी. है?",१,Math,Solid Geometry
188,"एक आयताकार ठोस की लंबाई १२ से.मी., चौड़ाई ९ से.मी. और ऊँचाई ६ से.मी. हो तो इसके संपूर्ण पृष्ठ का क्षेत्रफल कितने वर्ग से.मी. है?",४६८,Math,Solid Geometry
189,"एक आयताकार ठोस की लंबाई ५ से.मी., चौड़ाई ४ से.मी. और ऊँचाई ३ से.मी. हो तो इसके संपूर्ण पृष्ठ का क्षेत्रफल कितने वर्ग से.मी. है?",९४,Math,Solid Geometry
190,"एक आयताकार ठोस की लंबाई ६ से.मी., चौड़ाई ५ से.मी. और ऊँचाई ५ से.मी. हो तो इसके संपूर्ण पृष्ठ का क्षेत्रफल कितने वर्ग से.मी. है?",१७०,Math,Solid Geometry
191,"एक आयताकार ठोस की लंबाई १ से.मी., चौड़ाई १ से.मी. और ऊँचाई १ से.मी. हो तो इसके संपूर्ण पृष्ठ का क्षेत्रफल कितने वर्ग से.मी. है?",६,Math,Solid Geometry
192,एक आयताकार बगीचे की परिधि २० मीटर और लंबाई ८ मीटर है। बगीचे का क्षेत्रफल कितने वर्ग मीटर है?,१६,Math,Solid Geometry
193,यदि एक घन का एक किनारा २ से.मी. हो तो संपूर्ण पृष्ठ का क्षेत्रफल कितने वर्ग मीटर है?,२४,Math,Solid Geometry
194,"यदि एक घन के विकर्ण की लंबाई ५√३ इकाई हो, तो घन का आयतन कितने घन इकाई है?",१२५,Math,Solid Geometry
195,यदि एक घन की प्रत्येक भुजा की लंबाई दोगुनी कर दी जाए तो संपूर्ण पृष्ठ का क्षेत्रफल कितने गुना बढ़ जाएगा?,३,Math,Solid Geometry
196,"एक त्रिभुजाकार प्रिज्म के आधार की भुजाओं की लंबाई ३, ४ और ५ से.मी. है। इसके आधार का क्षेत्रफल कितने वर्ग से.मी. है?",६,Math,Solid Geometry
197,यदि प्रिज्म के आधार का क्षेत्रफल ६ वर्ग से.मी. और ऊँचाई ८ से.मी. हो तो प्रिज्म का आयतन कितने घन से.मी. है?,४८,Math,Solid Geometry
198,यदि एक सम पिरामिड के आधार की भुजा की लंबाई ४ से.मी. हो तो आधार का क्षेत्रफल कितने वर्ग से.मी. है?,१६,Math,Solid Geometry
199,यदि पिरामिड के वर्गाकार आधार की भुजा ४ इकाई और ऊँचाई ५ इकाई हो तो पिरामिड का आयतन कितने घन इकाई है?,२६.६६,Math,Solid Geometry
200,यदि एक पिरामिड के आधार का क्षेत्रफल ४ वर्ग से.मी. और ऊँचाई ३ से.मी. हो तो पिरामिड का आयतन कितने घन से.मी. है?,४,Math,Solid Geometry
201,१५ से.मी. भुजा वाले वर्गाकार आधार पर स्थित एक पिरामिड की ऊँचाई २० से.मी. हो तो इसका आयतन कितने घन से.मी. है?,१५००,Math,Solid Geometry
202,५ से.मी. भुजा वाले वर्गाकार आधार पर स्थित एक पिरामिड की ऊँचाई ६ से.मी. हो तो इसका आयतन कितने घन से.मी. है?,५०,Math,Solid Geometry
203,४ से.मी. भुजा वाले वर्गाकार आधार पर स्थित एक पिरामिड की ऊँचाई ३ से.मी. हो तो इसका आयतन कितने घन से.मी. है?,१६,Math,Probability
204,एक पासा फेंकने पर ३ आने की प्रायिकता कितनी है?,१/६,Math,Probability
205,"एक थैले में १२ नीली गेंदें, १६ सफेद गेंदें और २० काली गेंदें हैं। यादृच्छिक रूप से एक गेंद निकालने पर गेंद के नीली होने की प्रायिकता कितनी है?",१/४,Math,Probability
206,"एक थैले में १२ नीली गेंदें, १६ सफेद गेंदें और २० काली गेंदें हैं। यादृच्छिक रूप से एक गेंद निकालने पर गेंद के सफेद न होने की प्रायिकता कितनी है?",२/३,Math,Probability
207,एक सिक्के को तीन बार उछाला गया। टेल से अधिक बार हेड आने की प्रायिकता कितनी है?,१/२,Math,Probability
208,एक सिक्के को तीन बार उछाला गया। शून्य बार टेल आने की प्रायिकता कितनी है?,१/८,Math,Probability
209,दो सिक्के उछालने पर अधिक से अधिक एक हेड आने की प्रायिकता कितनी है?,३/४,Math,Probability
210,दो सिक्के उछालने पर कम से कम एक हेड आने की प्रायिकता कितनी है?,३/४,Math,Probability
211,एक पासा फेंकने पर सम संख्या आने के अनुकूल परिणाम कितने हैं?,३,Math,Probability
212,एक पासा फेंकने पर ३ से विभाज्य संख्या आने के अनुकूल परिणाम कितने हैं?,२,Math,Probability
213,एक टेस्ट क्रिकेट मैच के ड्रॉ होने की प्रायिकता कितनी है?,१/३,Math,Probability
214,१ से १० तक क्रमिक संख्या वाले टिकटों को अच्छी तरह मिलाकर यादृच्छिक रूप से एक टिकट निकालने पर टिकट के २ अथवा ३ के गुणज होने की प्रायिकता कितनी है?,७/१०,Math,Probability
215,एक सिक्का उछालने पर हेड अथवा टेल आने की घटना निश्चित घटना हो तो प्रायिकता कितनी है?,१,Math,Probability
216,एक निष्पक्ष पासे पर विषम संख्या आने की प्रायिकता कितनी है?,१/२,Math,Probability
217,एक निष्पक्ष पासे को एक बार फेंकने पर ३ के गुणज वाली संख्या आने की प्रायिकता कितनी है?,१/३,Math,Probability
218,एक निष्पक्ष पासे को एक बार फेंकने पर सम अथवा विषम संख्या आने की प्रायिकता कितनी है?,१,Math,Probability
219,एक निष्पक्ष पासे को एक बार फेंकने पर अभाज्य संख्या आने की प्रायिकता कितनी है?,१/२,Math,Probability
220,एक निष्पक्ष पासे को एक बार फेंकने पर अभाज्य और सम संख्या आने की प्रायिकता कितनी है?,१/६,Math,Probability
221,एक सिक्के को २००० बार उछालने पर १०३० बार हेड आता है। सिक्के को एक बार उछालने पर टेल आने की प्रायिकता कितनी है?,९७०/२०००,Math,Probability
222,एक सिक्के को १ बार उछालने पर हेड आने की प्रायिकता ०.४० है। सिक्के को ५०० बार उछालने पर कितनी बार टेल आ सकता है?,३००,Math,Probability
223,एक सिक्के को ७२० बार उछालने पर ४८० बार हेड आता है। तो हेड की आपेक्षिक बारंबारता कितनी है?,०.६६,Math,Probability
224,एक सिक्के को १ बार उछालने पर हेड आने की प्रायिकता ०.६० है। सिक्के को ३०० बार उछालने पर कितनी बार टेल आ सकता है?,१२०,Math,Probability
225,एक सिक्के को १ बार उछालने पर हेड आने की प्रायिकता ०.२० है। सिक्के को १५० बार उछालने पर कितनी बार टेल आ सकता है?,१२०,Math,Probability
226,एक सिक्के को १ बार उछालने पर हेड आने की प्रायिकता ०.७० है। सिक्के को ५०० बार उछालने पर कितनी बार टेल आ सकता है?,१५०,Math,Probability
227,एक सिक्के को १ बार उछालने पर हेड आने की प्रायिकता ०.८० है। सिक्के को ४०० बार उछालने पर कितनी बार टेल आ सकता है?,८०,Math,Probability
228,एक सिक्के को ७५० बार उछालने पर ३०० बार हेड आता है। तो हेड की आपेक्षिक बारंबारता कितनी है?,०.४०,Math,Probability
229,एक सिक्के को ७५० बार उछालने पर २५० बार हेड आता है। तो टेल की आपेक्षिक बारंबारता कितनी है?,०.६६,Math,Probability
230,एक निष्पक्ष पासे को एक बार फेंकने पर ५ से कम और अभाज्य संख्या आने की प्रायिकता कितनी है?,१/३,Math,Probability
231,एक निष्पक्ष पासे को एक बार फेंकने पर अभाज्य संख्या अथवा ३ से विभाज्य संख्या आने की प्रायिकता कितनी है?,२/३,Math,Probability
232,दो पासे निष्पक्ष रूप से फेंके जाएँ तो पासों के ऊपरी फलक पर एक ही संख्या न आने की प्रायिकता कितनी है?,५/६,Math,Probability
233,एक पासा और एक सिक्का निष्पक्ष रूप से फेंकने पर विषम संख्या और एक टेल आने की प्रायिकता कितनी है?,१/४,Math,Probability
234,"एक थैले में १० नीली गेंदें, १४ सफेद गेंदें और १८ काली गेंदें हैं। यादृच्छिक रूप से एक गेंद निकालने पर गेंद के नीली न होने की प्रायिकता कितनी है?",१६/२१,Math,Probability
235,पहली पच्चीस प्राकृतिक संख्याओं में से यादृच्छिक चयन में पूर्ण वर्ग संख्या आने की प्रायिकता कितनी है?,१/५,Math,Probability
236,पहली सौ प्राकृतिक संख्याओं में से यादृच्छिक चयन में पूर्ण वर्ग संख्या आने की प्रायिकता कितनी है?,१/१०,Math,Probability
237,१ से ९९ तक की प्राकृतिक संख्याओं में से यादृच्छिक रूप से एक संख्या ली जाए तो संख्या के पूर्ण वर्ग होने की प्रायिकता कितनी है?,१/११,Math,Probability
238,"एक चतुष्फलक को दो बार फेंका जाए, तो प्रायिकता के प्रतिदर्श बिंदु कितने हैं?",१६,Math,Probability
239,एक पासा और दो सिक्के एक साथ फेंके जाएँ तो घटित होने वाली घटनाएँ कितनी हैं?,२४,Math,Probability
240,"पाँच रुपये के चार सिक्के एक साथ उछाले जाएँ, तो प्रतिदर्श बिंदु कितने होंगे?",१६,Math,Probability
241,एक सिक्के को ३ बार उछाला जाए तो प्रतिदर्श बिंदु कितने हैं?,८,Math,Probability
242,पाँच सिक्के उछाले जाएँ तो कुल प्रतिदर्श बिंदु कितने हैं?,३२,Math,Probability
243,एक पासा और एक सिक्का एक साथ फेंके जाएँ तो घटित होने वाली घटनाएँ कितनी हैं?,१२,Math,Probability
244,दो सिक्के एक साथ उछाले जाएँ तो दो हेड न आने की प्रायिकता कितनी है?,३/४,Math,Probability
245,१ से २०० तक की प्राकृतिक संख्याओं में से यादृच्छिक रूप से एक संख्या ली जाए तो संख्या के पूर्ण घन होने की प्रायिकता कितनी है?,१/४०,Math,Probability
246,१ से १००० तक की प्राकृतिक संख्याओं में से यादृच्छिक रूप से एक संख्या ली जाए तो संख्या के पूर्ण घन होने की प्रायिकता कितनी है?,१/१००,Math,Probability
247,१ से ५००० तक की प्राकृतिक संख्याओं में से यादृच्छिक रूप से एक संख्या ली जाए तो संख्या के पूर्ण घन होने की प्रायिकता कितनी है?,१७/५०००,Math,Probability
248,मौसम विभाग से प्राप्त रिपोर्ट के अनुसार सितंबर महीने में १९ दिन बारिश हुई। तो ८ सितंबर को बारिश होने की प्रायिकता कितनी है?,१९/३०,Math,Probability
249,२००० में फरवरी महीने में ५ दिन बारिश हुई थी। १२ फरवरी को बारिश होने की प्रायिकता कितनी है?,५/२९,Math,Probability
250,दो सिक्के उछाले जाएँ तो दोनों सिक्कों पर एक ही परिणाम आने की प्रायिकता कितनी है?,१/२,Math,Probability
251,एक सिक्के को तीन बार उछाला जाए तो कम से कम एक हेड आने की प्रायिकता कितनी है?,७/८,Math,Probability
252,एक पासा और एक सिक्का एक साथ फेंके जाएँ तो कम से कम एक टेल आने की प्रायिकता कितनी है?,१/२,Math,Probability
253,एक पासा और एक सिक्का एक साथ फेंके जाएँ तो पासे पर अभाज्य संख्या और सिक्के पर हेड आने की प्रायिकता कितनी है?,१/४,Math,Probability
254,एक सिक्के को तीन बार उछाला जाए तो दो हेड और एक टेल आने की प्रायिकता कितनी है?,३/८,Math,Probability
255,दो सिक्के एक साथ उछाले जाएँ तो कम से कम एक टेल आने की प्रायिकता कितनी है?,३/४,Math,Probability
256,दो सिक्के एक साथ उछाले जाएँ तो अधिक से अधिक एक हेड आने की प्रायिकता कितनी है?,३/४,Math,Probability
257,"एक टोकरी में १५ सफेद, १० काली और २० लाल गेंदें हैं। यादृच्छिक रूप से एक गेंद निकाली गई। गेंद के सफेद अथवा लाल होने की प्रायिकता कितनी है?",७/९,Math,Probability
258,"एक टोकरी में १५ सफेद, १० काली और २० लाल गेंदें हैं। यादृच्छिक रूप से एक गेंद निकाली गई। गेंद के पीली होने की प्रायिकता कितनी है?",०,Math,Probability
259,एक पासा और एक सिक्का एक साथ फेंके जाएँ तो पासे पर सम संख्या और सिक्के पर टेल आने की प्रायिकता कितनी है?,१/४,Math,Probability
260,एक पासा और एक सिक्का एक साथ फेंके जाएँ तो पासे पर विषम संख्या और सिक्के पर हेड आने की प्रायिकता कितनी है?,१/४,Math,Probability
261,एक पासा और एक सिक्का एक साथ फेंके जाएँ तो पासे पर ३ से विभाज्य संख्या और सिक्के पर कोई भी फलक आने की प्रायिकता कितनी है?,१/३,Math,Probability
262,राकेश के लखनऊ से कानपुर बस से जाने की संभावना ४/५ और कानपुर से आगरा ट्रेन से जाने की संभावना ६/७ है। राकेश के लखनऊ से कानपुर बस से जाने किंतु कानपुर से आगरा ट्रेन से न जाने की संभावना कितनी है?,४/३५,Math,Probability
263,"भारतीय क्रिकेट टीम ने २०१० में ७ टेस्ट मैच खेले जिनमें से ३ हारे, २ टाई हुए, और २० टी-२० खेले जिनमें से १२ जीते और कोई मैच टाई नहीं हुआ। यदि कोई एक मैच यादृच्छिक रूप से लिया जाए तो उस मैच में जीत अथवा हार आने की प्रायिकता कितनी है?",२५/२७,Math,Probability
264,मौसम विभाग से प्राप्त रिपोर्ट के अनुसार जुलाई महीने में लखनऊ शहर में १० दिन मूसलाधार और १५ दिन बूँदा-बाँदी बारिश हुई। तो ४ जुलाई को बारिश न होने की प्रायिकता कितनी है?,६/३१,Math,Probability
265,१० से २१ तक की प्राकृतिक संख्याओं में से एक यादृच्छिक रूप से चुनी गई। संख्या के अभाज्य होने की प्रायिकता कितनी है?,१/३,Math,Probability
266,१० से २१ तक की प्राकृतिक संख्याओं में से एक यादृच्छिक रूप से चुनी गई। संख्या के २ या ३ से विभाज्य होने की प्रायिकता कितनी है?,२/३,Math,Probability
267,किसी लॉटरी में ७६० टिकट बिके। राजू ने २० टिकट खरीदे। टिकटों को अच्छी तरह मिलाकर एक टिकट यादृच्छिक रूप से निकाला गया। राजू को पहला पुरस्कार न मिलने की प्रायिकता कितनी है?,३७/३८,Math,Probability
268,"किसी लॉटरी में ७६० टिकट बिके। राजू ने २० टिकट खरीदे। टिकटों को अच्छी तरह मिलाकर एक टिकट यादृच्छिक रूप से निकाला गया। यदि राजू को पहला पुरस्कार न मिले, तो दूसरा पुरस्कार मिलने की प्रायिकता कितनी है?",२०/७५९,Physics,Physics
269,"एक छड़ को स्लाइड कैलिपर्स में रखने पर जो पाठ्यांक मिला वह है: मुख्य स्केल ४ से.मी., वर्नियर संपातन ७ और वर्नियर स्थिरांक ०.१ मि.मी.। छड़ की लंबाई कितने से.मी. है?",४.०७,Physics,Physics
270,जब वर्नियर के भागों की संख्या १० हो तो वर्नियर स्केल से न्यूनतम कितनी लंबाई (मि.मी.) तक मापी जा सकती है?,०.१०,Physics,Physics
271,रैखिक स्केल का पाठ्यांक ४ मि.मी. और वृत्ताकार स्केल के भागों की संख्या ५० हो तो तार का व्यास कितने मि.मी. है? (अल्पतमांक ०.०१),४.५०,Physics,Physics
272,यदि किसी स्लाइड कैलिपर्स में वर्नियर स्थिरांक का मान ०.००५ से.मी. हो तो वर्नियर स्केल के भागों की संख्या कितनी है?,२०,Physics,Physics
273,"एक छड़ को स्लाइड कैलिपर्स में रखने पर जो पाठ्यांक मिला वह है: मुख्य स्केल ५ से.मी., वर्नियर संपातन ७ और वर्नियर स्थिरांक ०.१ मि.मी.। छड़ की लंबाई कितने से.मी. है?",५.०७,Physics,Physics
274,"एक छड़ को स्लाइड कैलिपर्स में रखने पर जो पाठ्यांक मिला वह है: मुख्य स्केल ०.०५ मीटर, वर्नियर संपातन ६ और वर्नियर स्थिरांक ०.१ मि.मी.। छड़ की लंबाई कितने से.मी. है?",५.०६,Physics,Physics
275,"यदि मुख्य स्केल का पाठ्यांक १२ मि.मी., वर्नियर संपातन ७ और वर्नियर स्थिरांक ०.१० मि.मी. हो तो पाठ्यांक कितने से.मी. है?",१.२७,Physics,Physics
276,स्लाइड कैलिपर्स की सहायता से एक आयताकार काँच की पट्टी की मोटाई ज्ञात करने में मुख्य स्केल का पाठ्यांक १८ मि.मी. और वर्नियर संपातन ८ प्राप्त हुआ। यदि यंत्र का वर्नियर स्थिरांक ०.०१ से.मी. हो तो मोटाई कितने मि.मी. है?,१८.८०,Physics,Physics
277,एक स्लाइड कैलिपर्स के मुख्य स्केल के १९ भाग वर्नियर स्केल के २० भागों के बराबर हैं। यदि मुख्य स्केल के एक भाग की लंबाई १ मि.मी. हो तो वर्नियर स्थिरांक कितने मि.मी. है?,०.०५,Physics,Physics
278,यदि वर्नियर स्केल के १० खाने मुख्य स्केल के ९ खानों के बराबर हों तो वर्नियर स्थिरांक कितने से.मी. है?,०.०१,Physics,Physics
279,"वर्नियर स्केल के ५० खाने मुख्य स्केल के ४९ खानों के बराबर हैं। यदि मुख्य स्केल का सबसे छोटा १ खाना = १ मि.मी. हो, तो वर्नियर स्थिरांक कितने मि.मी. है?",०.०२,Physics,Physics
280,एक स्लाइड कैलिपर्स के मुख्य स्केल के सबसे छोटे १ खाने की लंबाई १ मि.मी. है। वर्नियर स्केल के भागों की संख्या १० है। वर्नियर स्थिरांक का मान कितने से.मी. है?,०.०१,Physics,Physics
281,यदि मुख्य स्केल के १ सबसे छोटे भाग की लंबाई १ मि.मी. और वर्नियर स्केल के भागों की संख्या १० हो तो वर्नियर स्थिरांक कितने मि.मी. है?,०.०१,Physics,Physics
282,"यदि मूल स्केल का पाठ्यांक १४ मि.मी., वर्नियर स्थिरांक ०.१ मि.मी. और वर्नियर पाठ्यांक ३ हो तो कुल पाठ्यांक कितने मि.मी. है?",१४.३०,Physics,Physics
283,"एक छड़ को स्लाइड कैलिपर्स के दो जबड़ों के बीच रखने पर जो पाठ्यांक मिला वह है: मुख्य स्केल ६ से.मी., वर्नियर संपातन ४ और वर्नियर स्थिरांक ०.१ मि.मी.। छड़ की लंबाई कितने से.मी. है?",६.०४,Physics,Physics
284,स्लाइड कैलिपर्स की सहायता से एक आयताकार वस्तु की लंबाई ज्ञात करते समय देखा गया कि वर्नियर स्केल का शून्य चिह्न मुख्य स्केल के ७.७ से.मी. के खाने को पार कर गया है। वर्नियर स्केल का ५ नंबर खाना मुख्य स्केल के एक चिह्न से पूरी तरह मिल जाता है। वर्नियर स्थिरांक ०.०१ से.मी. है। वस्तु की लंबाई कितनी है?,७.७५,Physics,Physics
285,"एक छड़ की लंबाई मापते समय मुख्य स्केल का पाठ्यांक ८ से.मी. और वर्नियर संपातन ४ प्राप्त हुआ। यदि वर्नियर स्थिरांक ०.०१ से.मी. हो, तो छड़ की लंबाई कितने से.मी. है?",८.०४,Physics,Physics
286,रैखिक स्केल का पाठ्यांक ४ मि.मी. और वृत्ताकार स्केल के पाठ्यांक का मान ०.१७ मि.मी. है। तार का व्यास कितने मि.मी. है?,४.१७,Physics,Physics
287,मीटर स्केल के साथ १ वर्नियर स्केल का उपयोग किया गया है जिसके १० खाने ९ मि.मी. के बराबर हैं। इसकी सहायता से न्यूनतम कितने मि.मी. लंबाई तक मापा जा सकता है?,०.१०,Physics,Physics
288,मूल स्केल और वर्नियर स्केल के संयुक्त उपयोग से कुल पाठ्यांक १२.६६ से.मी. प्राप्त हुआ। यदि वर्नियर संपातन ६ हो तो वर्नियर स्थिरांक कितने मि.मी. है? (मुख्य स्केल का पाठ्यांक १२.६ से.मी.),०.१०,Physics,Physics
289,अंतिम त्रुटि ८ वर्ग मीटर है। यदि मापा गया मान १२० वर्ग मीटर हो तो क्षेत्रफल ज्ञात करने में आपेक्षिक त्रुटि प्रतिशत में कितनी है?,६.६६,Physics,Physics
290,वास्तविक क्षेत्रफल २०० वर्ग मीटर है। लेकिन मापने पर १९२ वर्ग मीटर प्राप्त हुआ। आपेक्षिक त्रुटि प्रतिशत में कितनी है?,४,Physics,Physics
291,वर्गाकार किताब की लंबाई १०० से.मी. है। आपेक्षिक त्रुटि १०% है। क्षेत्रफल ज्ञात करने में आपेक्षिक त्रुटि प्रतिशत में कितनी है?,२१,Physics,Physics
292,०.५० मि.मी. पिच और ०.०१ मि.मी. अल्पतमांक वाले एक स्क्रू गेज की सहायता से तार का व्यास ७.२८ मि.मी. प्राप्त हुआ। वृत्ताकार स्केल के खानों की संख्या कितनी है?,५०,Physics,Physics
293,०.५० मि.मी. पिच और ०.०१ मि.मी. अल्पतमांक वाले एक स्क्रू गेज की सहायता से तार का व्यास ७.२८ मि.मी. प्राप्त हुआ। तार का व्यास मापने के लिए वृत्ताकार स्केल को कितनी बार घुमाना होगा?,१४,Physics,Physics
294,०.५० मि.मी. पिच और ०.०१ मि.मी. अल्पतमांक वाले एक स्क्रू गेज की सहायता से तार का व्यास ७.२८ मि.मी. प्राप्त हुआ। तार का व्यास मापने के लिए वृत्ताकार स्केल के पार किए गए खानों की संख्या कितनी है?,७२८,Physics,Physics
295,"एक तार के अनुप्रस्थ काट का क्षेत्रफल ज्ञात करने में स्क्रू गेज के रैखिक स्केल का पाठ्यांक २ मि.मी., वृत्ताकार स्केल का पाठ्यांक ०.४० मि.मी. प्राप्त होता है, वृत्ताकार स्केल के कुल भागों की संख्या १०० और यंत्र का पिच १ मि.मी. है। वृत्ताकार स्केल का कौन-सा नंबर का चिह्न रैखिक स्केल से हूबहू मिल जाता है?",४०,Physics,Physics
296,"एक तार के अनुप्रस्थ काट का क्षेत्रफल ज्ञात करने में स्क्रू गेज के रैखिक स्केल का पाठ्यांक २ मि.मी., वृत्ताकार स्केल का पाठ्यांक ०.४० मि.मी. प्राप्त होता है, वृत्ताकार स्केल के कुल भागों की संख्या १०० और यंत्र का पिच १ मि.मी. है। तार के अनुप्रस्थ काट का क्षेत्रफल कितने वर्ग मि.मी. है?",४.५२,Physics,Physics
297,त्रुटि रहित स्लाइड कैलिपर्स की सहायता से एक छड़ की लंबाई मापते समय मूल स्केल का पाठ्यांक ५ मि.मी. और वर्नियर संपातन १६ प्राप्त हुआ। मूल स्केल के सबसे छोटे एक खाने की लंबाई ०.५ मि.मी. है और मूल स्केल के १९ खाने वर्नियर स्केल के २० खानों के बराबर हैं। वर्नियर स्थिरांक कितने मि.मी. है?,०.०२५,Physics,Physics
298,त्रुटि रहित स्लाइड कैलिपर्स की सहायता से एक छड़ की लंबाई मापते समय मूल स्केल का पाठ्यांक ५ मि.मी. और वर्नियर संपातन १६ प्राप्त हुआ। मूल स्केल के सबसे छोटे एक खाने की लंबाई ०.५ मि.मी. है और मूल स्केल के १९ खाने वर्नियर स्केल के २० खानों के बराबर हैं। छड़ की लंबाई कितने मि.मी. है?,५.४,Physics,Physics
299,त्रुटि रहित स्लाइड कैलिपर्स की सहायता से एक छड़ की लंबाई मापते समय मूल स्केल का पाठ्यांक ५ मि.मी. और वर्नियर संपातन १६ प्राप्त हुआ। मूल स्केल के सबसे छोटे एक खाने की लंबाई ०.५ मि.मी. है और मूल स्केल के १९ खाने वर्नियर स्केल के २० खानों के बराबर हैं। इस यंत्र से न्यूनतम कितने मि.मी. तक लंबाई मापी जा सकती है?,०.०२५,Physics,Physics
300,एक स्लाइड कैलिपर्स के मुख्य स्केल के १९ खाने वर्नियर स्केल के २० खानों के बराबर हैं। एक छोटी छड़ को इसके दो जबड़ों के बीच रखने पर देखा गया कि वर्नियर स्केल का शून्य चिह्न मुख्य स्केल के ५.२ से.मी. चिह्न को पार कर रहा है। साथ ही मुख्य स्केल के एक चिह्न से वर्नियर स्केल का १४ नंबर चिह्न मिल गया है। वर्नियर स्थिरांक कितना है (मि.मी.)?,०.०५,Physics,Physics
301,एक स्लाइड कैलिपर्स के मुख्य स्केल के १९ खाने वर्नियर स्केल के २० खानों के बराबर हैं। एक छोटी छड़ को इसके दो जबड़ों के बीच रखने पर देखा गया कि वर्नियर स्केल का शून्य चिह्न मुख्य स्केल के ५.२ से.मी. चिह्न को पार कर रहा है। साथ ही मुख्य स्केल के एक चिह्न से वर्नियर स्केल का १४ नंबर चिह्न मिल गया है। वर्नियर संपातन कितना है?,१४,Physics,Physics
302,एक स्लाइड कैलिपर्स के मुख्य स्केल के १९ खाने वर्नियर स्केल के २० खानों के बराबर हैं। एक छोटी छड़ को इसके दो जबड़ों के बीच रखने पर देखा गया कि वर्नियर स्केल का शून्य चिह्न मुख्य स्केल के ५.२ से.मी. चिह्न को पार कर रहा है। साथ ही मुख्य स्केल के एक चिह्न से वर्नियर स्केल का १४ नंबर चिह्न मिल गया है। छड़ की लंबाई कितनी है (से.मी.)?,५.२७,Physics,Physics
303,"प्रयोगशाला में एक नया स्लाइड कैलिपर्स बनाया गया, जिसके मूल स्केल के १५ भाग वर्नियर के १६ भागों के बराबर हैं। मूल स्केल के सबसे छोटे एक भाग की लंबाई १ मि.मी. है। इस स्केल की सहायता से एक रुपये के सिक्के का व्यास मापा गया। उसमें मूल स्केल का पाठ्यांक १५ मिलीमीटर और वर्नियर संपातन ७ प्राप्त हुआ। वर्नियर स्थिरांक का मान कितने मि.मी. है?",०.०६२५,Physics,Physics
304,"प्रयोगशाला में एक नया स्लाइड कैलिपर्स बनाया गया, जिसके मूल स्केल के १५ भाग वर्नियर के १६ भागों के बराबर हैं। मूल स्केल के सबसे छोटे एक भाग की लंबाई १ मि.मी. है। इस स्केल की सहायता से एक रुपये के सिक्के का व्यास मापा गया। उसमें मूल स्केल का पाठ्यांक १५ मिलीमीटर और वर्नियर संपातन ७ प्राप्त हुआ। वर्नियर स्केल के पाठ्यांक का मान कितने मि.मी. है?",०.४३७५,Physics,Physics
305,करण अपने विद्यालय की वार्षिक खेल प्रतियोगिता में ३० मीटर त्रिज्या के एक वृत्ताकार ट्रैक का एक चक्कर लगाकर आया। उसका विस्थापन कितने मीटर होगा?,०,Physics,Physics
306,एक वस्तु एक स्थान से ४ मीटर सीधे पूर्व दिशा में जाकर वहाँ से उत्तर दिशा में ३ मीटर चली। वस्तु की दूरी और विस्थापन का अंतर कितने मीटर है?,२,Physics,Physics
307,एक वस्तु सरल पथ पर १० मीटर आगे बढ़कर वहाँ से उसी पथ पर ४ मीटर वापस आई। दूरी और विस्थापन का अंतर कितने मीटर है?,८,Physics,Physics
308,एक गाड़ी एक स्थान से ६ मीटर सीधे उत्तर दिशा में जाकर वहाँ से सीधे पूर्व दिशा में ८ मीटर चली। गाड़ी द्वारा तय की गई दूरी और विस्थापन का अंतर कितना है?,४,Physics,Physics
309,१० मीटर त्रिज्या के एक वृत्ताकार पथ का पूरा एक चक्कर लगाने पर विस्थापन कितने मीटर होगा?,०,Physics,Physics
310,१०० मीटर त्रिज्या के एक वृत्ताकार पथ का एक चक्कर लगाने में एक व्यक्ति को २ मिनट लगते हैं। एक मिनट घूमने के बाद उसका विस्थापन कितना होगा?,२००,Physics,Physics
311,एक मिनट में एक दीवार घड़ी की सेकंड वाली सुई का विस्थापन कितने मीटर है?,०,Physics,Physics
312,१० मीटर त्रिज्या के एक वृत्ताकार पथ पर परिधि का एक-चौथाई भाग पार करने पर विस्थापन कितने मीटर होगा?,७.०७,Physics,Physics
313,एक व्यक्ति ७ मीटर त्रिज्या के एक वृत्ताकार मैदान में ३/२ चक्कर लगाए तो उसका विस्थापन कितने मीटर है?,१४,Physics,Physics
314,५ मीटर त्रिज्या के वृत्ताकार पथ पर एक लड़के ने ८ पूरे चक्कर लगाए। लड़के का विस्थापन कितने मीटर है?,०,Physics,Physics
315,५४ किलोमीटर/घंटा कितने मीटर/सेकंड के बराबर है?,१५,Physics,Physics
316,एक मोटरसाइकिल सवार ५४ कि.मी./घंटा के वेग से यात्रा शुरू करता है और उसका वेग बढ़कर ५ सेकंड में ३५ मी./से. हो जाता है। उसका त्वरण कितने मी./से.^२ है?,४,Physics,Physics
317,एक मोटरसाइकिल का वेग ३० मी./से. से समान रूप से घटकर ८ से. में १४ मी./से. हो जाए तो गाड़ी का मंदन कितने मी./से.^२ है?,२,Physics,Physics
318,एक गाड़ी का वेग ३० मी./से. से समान रूप से घटकर ५ से. बाद १० मी./से. हो जाए तो गाड़ी का त्वरण कितने मी./से.^२ है?,-४,Physics,Physics
319,एक गाड़ी का वेग १५ मी./से. से समान रूप से बढ़कर १० से. बाद ७५ मी./से. हो जाए तो गाड़ी का त्वरण कितने मी./से.^२ है?,६,Physics,Physics
320,स्थिर अवस्था से एक ट्रेन २० मी./से.^२ समान त्वरण से चलते समय २५० मीटर दूरी पर स्थित एक पोस्ट को कितने मी./से. वेग से पार करेगी?,१००,Physics,Physics
321,एक खिलाड़ी एक गेंद को ७२ कि.मी./घंटा के वेग से सीधे ऊपर की ओर फेंके तो गेंद अधिकतम कितनी ऊपर जाएगी?,२०.४०,Physics,Physics
322,एक वस्तु स्थिर अवस्था से यात्रा शुरू करने के ५ सेकंड बाद २० मी./से. का वेग प्राप्त करती है। अगले १० सेकंड में वस्तु द्वारा तय की गई दूरी कितने मीटर होगी?,४००,Physics,Physics
323,एक गाड़ी का वेग १० मी./से. है। यदि गाड़ी में २ मी./से.^२ का मंदन उत्पन्न किया जाए तो ३ सेकंड बाद गाड़ी का वेग कितना होगा?,४,Physics,Physics
324,समान त्वरण से चल रही किसी वस्तु का वेग २ सेकंड में ४ मी./से. से बढ़कर ८ मी./से. हो जाए तो ४ सेकंड बाद वस्तु का वेग कितने मी./से. होगा?,१२,Physics,Physics
325,स्थिर अवस्था से बिना बाधा के वस्तु को छोड़ने पर चार गुनी दूरी पर वेग कितने गुना बढ़ जाएगा?,१,Physics,Physics
326,बिना बाधा के गिरती हुई वस्तु ५ सेकंड में ५० मीटर रास्ता तय करे तो ७२ मीटर रास्ता तय करने में कितने सेकंड लगेंगे?,६,Physics,Physics
327,मुक्त रूप से गिरती हुई वस्तु ६ सेकंड में ७२ मीटर दूरी तय करे तो ३ सेकंड में कितनी दूरी तय करेगी?,१८,Physics,Physics
328,एक मुक्त रूप से गिरती हुई वस्तु ५ सेकंड में २५ मीटर दूरी तय करती है। छठे सेकंड में वस्तु और कितनी दूरी जाएगी?,११,Physics,Physics
329,गिरती हुई वस्तु के मामले में एक वस्तु २ सेकंड में ८ मीटर दूरी तय करती है। वह वस्तु ५ सेकंड में कितनी दूरी तय करेगी?,५०,Physics,Physics
330,१०० मीटर की ऊँचाई से एक वस्तु नीचे गिराई जाए तो यह कितने मी./से. के वेग से ज़मीन पर गिरेगी?,४४.२७,Physics,Physics
331,७५ मीटर ऊँची इमारत से वस्तु छोड़ी जाए तो वह भूमि से कितने मी./से. के वेग से टकराएगी?,३८.३४,Physics,Physics
332,४० मीटर ऊँची इमारत की छत से कोई वस्तु छोड़ी जाए तो यह कितने वेग से भूतल से टकराएगी?,२८,Physics,Physics
333,५० मीटर ऊँची इमारत की छत से कोई वस्तु छोड़ी जाए तो यह कितने वेग से भूतल से टकराएगी?,३१.३०,Physics,Physics
334,"एक वस्तु को ९.८ मी./से. के वेग से सीधे ऊपर की ओर फेंका जाए, तो वह कितनी ऊपर जाएगी?",४.९,Physics,Physics
335,एक वस्तु को कितने वेग से सीधे ऊपर की ओर फेंका जाए कि वह १० सेकंड बाद भूतल से टकराए?,४९,Physics,Physics
336,एक वस्तु को १९.६ मी./से. के वेग से सीधे ऊपर की ओर फेंका जाए तो वस्तु अधिकतम कितनी ऊपर जाएगी?,१९.६,Physics,Physics
337,एक वस्तु को १९६ मी./से. के वेग से सीधे ऊपर की ओर फेंका गया। १० सेकंड बाद वेग कितना होगा?,९८,Physics,Physics
338,एक लड़का २० मीटर त्रिज्या के एक मैदान में परिधि के साथ-साथ परिधि का ३/४ भाग चलता है। लड़के का विस्थापन कितने मीटर है?,२८.२८,Physics,Physics
339,३६ कि.मी./घंटा के वेग से चल रही एक गाड़ी का वेग १ मिनट बाद ७२ कि.मी./घंटा हो जाता है और एक और मिनट बाद १०८ कि.मी./घंटा हो जाता है। गाड़ी का त्वरण कितना है?,०.१६,Physics,Physics
340,३६ कि.मी./घंटा के वेग से चल रही एक गाड़ी का वेग १ मिनट बाद ७२ कि.मी./घंटा हो जाता है। इस समय में गाड़ी कितनी दूरी तय करती है?,९००,Physics,Physics
341,५४ कि.मी./घंटा के वेग से चल रही गाड़ी के चालक ने ४६ मीटर दूर एक पैदल यात्री को देखकर तुरंत ब्रेक लगा दिया। इससे गाड़ी पैदल यात्री से १ मीटर पहले आकर रुक गई। गाड़ी का त्वरण कितना था?,-२.५०,Physics,Physics
342,५४ कि.मी./घंटा के वेग से चल रही गाड़ी के चालक ने ४६ मीटर दूर एक पैदल यात्री को देखकर तुरंत ब्रेक लगा दिया। इससे गाड़ी पैदल यात्री से १ मीटर पहले आकर रुक गई। चालक को गाड़ी रोकने में कितना समय लगा था?,६,Physics,Physics
343,१० ग्राम द्रव्यमान की एक वस्तु सीधे ऊपर की ओर फेंकी गई। यह १० सेकंड बाद भूमि पर गिरी। फेंकते समय वस्तु का वेग कितने मी./से. था?,४९,Physics,Physics
344,१० ग्राम द्रव्यमान की एक वस्तु सीधे ऊपर की ओर फेंकी गई। यह १० सेकंड बाद भूमि पर गिरी। वस्तु अधिकतम कितने मीटर ऊपर जाएगी?,१२२.५,Physics,Physics
345,१ किग्रा द्रव्यमान की एक वस्तु सीधे ऊपर की ओर फेंकी गई। यह १० सेकंड बाद भूमि पर गिरी। अधिकतम ऊँचाई पर वस्तु की स्थितिज ऊर्जा कितने जूल होगी?,१२००.५०,Physics,Physics
346,२० मी./से. के वेग से ५० ग्राम द्रव्यमान की एक टेनिस गेंद फेंकी जाए और यह दीवार से टकराकर उसी दिशा में उसी वेग से वापस आ जाए तो गेंद के संवेग का परिवर्तन कितने किग्रा-मी./से. है?,२,Physics,Physics
347,१० किग्रा द्रव्यमान की एक स्थिर वस्तु पर १५०० न्यूटन बल ०.१५ सेकंड तक कार्य करता है। वस्तु के संवेग का परिवर्तन कितने किग्रा-मी./से. होगा?,२२५,Physics,Physics
348,"एक फुटबॉल को ऊपर से नीचे गिराया गया, वह १० मी./से. के वेग से भूमि से टकराती है और फिर ८ मी./से. के वेग से ऊपर की ओर उठती है। संवेग का परिवर्तन कितने किग्रा-मी./से. है? फुटबॉल का द्रव्यमान १ किग्रा है।",१८,Physics,Physics
349,एक बंदूक से ४०० मी./से. के वेग से १० ग्राम द्रव्यमान की एक गोली चलाई गई। यदि बंदूक का द्रव्यमान ३/२ किग्रा हो तो प्रतिक्षेप वेग कितने मी./से. है?,२.६६,Physics,Physics
350,"१ किग्रा द्रव्यमान की एक बंदूक से ५ ग्राम द्रव्यमान की एक गोली चलाने पर बंदूक २ मी./से. का प्रतिक्षेप वेग प्राप्त करती है, गोली का अंतिम वेग कितने मी./से. है?",४००,Physics,Physics
351,२ मी./से. के वेग से गतिशील १० किग्रा द्रव्यमान की किसी वस्तु पर बल लगाने पर इसका त्वरण २ मी./से.^२ हो गया। २ सेकंड बाद इसके संवेग का परिवर्तन कितने किग्रा-मी./से. होगा?,४०,Physics,Physics
352,१० किग्रा द्रव्यमान की एक स्थिर वस्तु पर २०० न्यूटन बल २० सेकंड तक कार्य करता है। २० सेकंड बाद वेग कितने मी./से. होगा?,४००,Physics,Physics
353,एक वस्तु का द्रव्यमान २ किग्रा और प्रारंभिक वेग ५ मी./से. है। यदि ३ सेकंड बाद वस्तु का वेग ८ मी./से. हो जाए तो वस्तु पर लगाया गया बल कितने न्यूटन होगा?,२,Physics,Physics
354,५ किग्रा और ८ किग्रा द्रव्यमान की दो वस्तुओं के बीच क्रियाशील बल ८ x १०^-८ न्यूटन है। उनके बीच की दूरी कितने मीटर है?,०.१८,Physics,Physics
355,भूतल से ५०० कि.मी. ऊपर गुरुत्वीय त्वरण का मान कितना है? पृथ्वी का द्रव्यमान ५.९८ x १०^२४ किग्रा और त्रिज्या ६.३७ x १०^६ मीटर है।,८.४५,Physics,Physics
356,एक पर्वत शिखर पर गुरुत्वीय त्वरण का मान ९.७७ मी./से.^२ है। पर्वत शिखर की ऊँचाई कितने मीटर है?,१९४९०.४७,Physics,Physics
357,एक तल पर रखी ८ किग्रा द्रव्यमान की किसी वस्तु पर ३० न्यूटन बल लगाने पर वस्तु ३ मी./से.^२ त्वरण प्राप्त करती है। वस्तु और तल के बीच घर्षण बल कितने न्यूटन है?,६,Physics,Physics
358,२ किग्रा द्रव्यमान की एक स्थिर वस्तु को ऊपर से छोड़ने पर वह ३ सेकंड में ३६ मीटर रास्ता तय करती है। वस्तु का त्वरण कितने मी./से.^२ है?,८,Physics,Physics
359,२ किग्रा द्रव्यमान की एक स्थिर वस्तु को ऊपर से छोड़ने पर वह ३ सेकंड में ३६ मीटर रास्ता तय करती है। उक्त घटना में तरल घर्षण बल कितने न्यूटन है?,३.६,Physics,Physics
360,२ किग्रा द्रव्यमान की एक स्थिर वस्तु को ऊपर से छोड़ने पर वह ३ सेकंड में ३६ मीटर रास्ता तय करती है। ६ सेकंड में कितने मीटर रास्ता तय करेगी?,१४४,Physics,Physics
361,२ किग्रा द्रव्यमान की एक स्थिर वस्तु को ऊपर से छोड़ने पर वह ३ सेकंड में ३६ मीटर रास्ता तय करती है। ३ सेकंड बाद वस्तु का वेग कितने मी./से. होगा?,२४,Physics,Physics
362,एक ही सड़क पर परस्पर विपरीत दिशाओं से आती १५ किग्रा और १० किग्रा द्रव्यमान की दो वस्तुएँ क्रमशः ३ मी./से. और ५ मी./से. के वेग से आती हैं और आमने-सामने टकराकर एक साथ चिपक जाती हैं। मिली हुई अवस्था में वेग कितने मी./से. है?,०.२०,Physics,Physics
363,एक ही सड़क पर परस्पर विपरीत दिशाओं से आती १५ किग्रा और १० किग्रा द्रव्यमान की दो वस्तुएँ क्रमशः ३ मी./से. और ५ मी./से. के वेग से आती हैं और आमने-सामने टकराकर एक साथ चिपक जाती हैं। टक्कर से पहले दूसरी वस्तु की गतिज ऊर्जा कितने जूल है?,१२५,Physics,Physics
364,नरेश १० मी./से. के वेग से गाड़ी चलाकर करोल बाग से चांदनी चौक की ओर बढ़ा। लेकिन रास्ते में ट्रैफिक जाम का सामना होने पर उसने ब्रेक लगाया तो ५ सेकंड बाद उसकी गाड़ी रुक गई। नरेश की गाड़ी का मंदन कितने मी./से.^२ है?,२,Physics,Physics
365,३ किग्रा द्रव्यमान की एक वस्तु २ मी./से. के वेग से पूर्व दिशा में चल रही है। १ किग्रा द्रव्यमान की एक अन्य वस्तु २ मी./से. के वेग से पश्चिम दिशा में चल रही है। किसी समय दोनों वस्तुओं के बीच टक्कर के फलस्वरूप वे मिलकर एक हो गईं। मिली हुई वस्तुओं का वेग कितने मी./से. है?,१,Physics,Physics
366,५ किग्रा द्रव्यमान की एक बंदूक से ५०० मी./से. के वेग से २० ग्राम द्रव्यमान की एक गोली ०.१ सेकंड में चलाई गई। बंदूक का प्रतिक्षेप वेग कितने मी./से. है?,२,Physics,Physics
367,५ किग्रा द्रव्यमान की एक बंदूक से ५०० मी./से. के वेग से २० ग्राम द्रव्यमान की एक गोली ०.१ सेकंड में चलाई गई। गोली के बल का आवेग कितने किग्रा-मी./से. है?,१०,Physics,Physics
368,५ किग्रा द्रव्यमान की एक बंदूक से ५०० मी./से. के वेग से २० ग्राम द्रव्यमान की एक गोली ०.१ सेकंड में चलाई गई। गोली पर बंदूक के क्रियाशील बल का मान कितना है?,१००,Physics,Physics
369,एक माचिस की तीली को डिब्बे पर ३ न्यूटन बल से रगड़ा गया। यदि तीली को ४ से.मी. खींचा जाए तो तीली रगड़ने में कितने जूल ऊर्जा खर्च हुई?,०.१२,Physics,Physics
370,एक वस्तु को धागे से बाँधकर ऊर्ध्वाधर तल में एक बार घुमाकर लाने पर किए गए कार्य की मात्रा कितने जूल है?,०,Physics,Physics
371,एक वस्तु पर १० न्यूटन बल लगाने पर बल के विपरीत वस्तु का २ मीटर विस्थापन हो तो कार्य की मात्रा कितने जूल है?,-२०,Physics,Physics
372,७० किग्रा द्रव्यमान का एक आदमी २०० मीटर ऊँचे पहाड़ पर चढ़े तो वह कितने जूल कार्य करेगा? गुरुत्वीय त्वरण ९.८ मी./से.^२।,१३७२००,Physics,Physics
373,६० किग्रा द्रव्यमान का एक धावक १२.५ सेकंड में १०० मीटर दूरी तय करे तो उसकी गतिज ऊर्जा कितने जूल होगी?,१९२०,Physics,Physics
374,५ किग्रा द्रव्यमान की एक वस्तु को ५० मीटर ऊँची इमारत की छत से नीचे गिराया गया। भूमि को छूने से ठीक पहले गतिज ऊर्जा कितने जूल होगी?,२४५०,Physics,Physics
375,५०० किग्रा द्रव्यमान की एक वस्तु २० मी./से. के वेग से चल रही है। वस्तु में ०.५ मी./से.^२ का मंदन उत्पन्न करने पर १० सेकंड बाद इसकी गतिज ऊर्जा कितने जूल होगी?,५६२५०,Physics,Physics
376,"यदि ६० किग्रा द्रव्यमान के एक धावक की गतिज ऊर्जा १९२० जूल हो, तो उसका वेग कितना है?",८,Physics,Physics
377,५ मी./से. के वेग से गतिशील १० किग्रा द्रव्यमान की एक वस्तु को गति की दिशा में २० जूल ऊर्जा और दी गई। वस्तु का वेग कितने मी./से. होगा?,५.३८,Physics,Physics
378,यदि २ किग्रा द्रव्यमान की किसी वस्तु का वेग ३ मी./से. से ५ मी./से. कर दिया जाए तो इसकी गतिज ऊर्जा कितने जूल बढ़ जाएगी?,२७,Physics,Physics
379,एक वस्तु का वेग कितना हो कि उसके संवेग और गतिज ऊर्जा के मान बराबर हों?,२,Physics,Physics
380,निश्चित द्रव्यमान की वस्तु की गतिज ऊर्जा ४ गुनी कर दी जाए तो इसका वेग कितने गुना होगा?,२,Physics,Physics
381,एक मोटर २ किग्रा द्रव्यमान की वस्तु को ५ मीटर की ऊँचाई तक उठाने में कुल १०७ जूल ऊर्जा खर्च करती है। मोटर में कुल कितने जूल ऊर्जा का अपव्यय होता है?,९,Physics,Physics
382,१ किलोवाट की मोटर का उपयोग करके १५ सेकंड में १०० किग्रा द्रव्यमान की वस्तु को १० मीटर ऊपर उठाया जाए तो ऊर्जा का अपव्यय कितने जूल है?,५२००,Physics,Physics
383,७० किग्रा द्रव्यमान का एक आदमी ५ मिनट में १०० मीटर ऊँचे पहाड़ पर चढ़े तो उसकी शक्ति कितने वाट है? गुरुत्वीय त्वरण ९.८ मी./से.^२।,२२८.६६,Physics,Physics
384,४० किग्रा द्रव्यमान का एक लड़का १२ सेकंड में ६ मीटर ऊँची सीढ़ी चढ़े तो उसकी शक्ति कितने वाट है? गुरुत्वीय त्वरण ९.८ मी./से.^२।,१९६,Physics,Physics
385,५० किग्रा द्रव्यमान का कोई आदमी २५ से.मी. की २० सीढ़ियाँ चढ़ने में कितने जूल कार्य करेगा?,२४५०,Physics,Physics
386,एक यंत्र २०० किग्रा द्रव्यमान की वस्तु को ज़मीन से १५० मीटर की ऊँचाई तक ५० सेकंड में उठा सकता है। यंत्र की शक्ति कितने किलोवाट है?,६,Physics,Physics
387,यदि प्रत्येक चरण में १०% ऊर्जा का अपव्यय हो तो दो चरणों में कार्यदक्षता प्रतिशत में कितनी है?,८१,Physics,Physics
388,५०० वाट शक्ति की एक मोटर द्वारा १० सेकंड में एक १५० किग्रा द्रव्यमान की वस्तु को २० मीटर की ऊँचाई तक उठाया गया। ऊर्जा का अपव्यय कितने जूल है?,२०६०,Physics,Physics
389,७०० जूल विद्युत ऊर्जा का उपयोग करके एक विद्युत मोटर द्वारा ४० न्यूटन भार की एक वस्तु को १० मीटर की ऊँचाई तक उठाया गया। मोटर की कार्यदक्षता प्रतिशत में कितनी है?,५७.१४,Physics,Physics
390,किसी वस्तु की गतिज ऊर्जा ९ गुनी करने के लिए दूरी कितनी गुनी करनी होगी?,९,Physics,Physics
391,किसी वस्तु की गतिज ऊर्जा १६ गुनी करने के लिए वेग कितना गुना करना होगा?,४,Physics,Physics
392,किसी यंत्र द्वारा ५ किग्रा द्रव्यमान की एक वस्तु को २ मिनट में १५ मीटर की ऊँचाई तक उठाया गया। यंत्र की प्रभावी शक्ति कितने वाट है?,६.१२,Physics,Physics
393,घर्षण रहित किसी फर्श पर १ मी./से. के वेग से गतिशील १ किग्रा द्रव्यमान की खिलौना गाड़ी को गति की दिशा में तुमने १ न्यूटन बल से धक्का दिया। धक्का देने के १० सेकंड बाद गाड़ी द्वारा तय की गई दूरी कितने मीटर है?,६०,Physics,Physics
394,घर्षण रहित किसी फर्श पर १ मी./से. के वेग से गतिशील १ किग्रा द्रव्यमान की खिलौना गाड़ी को गति की दिशा में तुमने १ न्यूटन बल से धक्का दिया। धक्का देने के ५ सेकंड बाद गाड़ी की गतिज ऊर्जा कितने जूल है?,१८,Physics,Physics
395,घर्षण रहित किसी फर्श पर १ मी./से. के वेग से गतिशील १ किग्रा द्रव्यमान की खिलौना गाड़ी को गति की दिशा में तुमने १ न्यूटन बल से धक्का दिया। धक्का देने के ५ सेकंड बाद गाड़ी की ऊर्जा का परिवर्तन कितने जूल है?,१७.५,Physics,Physics
396,६० मीटर की ऊँचाई से गिरती २ किग्रा द्रव्यमान की एक वस्तु की भूमि से १० मीटर की ऊँचाई पर इसकी गतिज ऊर्जा स्थितिज ऊर्जा की कितनी गुनी होगी?,५,Physics,Physics
397,१० किग्रा द्रव्यमान की एक स्थिर वस्तु पर १० सेकंड तक २२ न्यूटन बल लगाया गया। वस्तु जिस तल पर चल रही थी उसके घर्षण बल का मान २ न्यूटन है। १० सेकंड बाद वस्तु का वेग कितने मी./से. है?,२०,Physics,Physics
398,४० किग्रा द्रव्यमान का एक लड़का सीढ़ी से १५ सेकंड में छत पर चढ़ता है। सीढ़ी में सीढ़ियों की संख्या २० है और प्रत्येक सीढ़ी की ऊँचाई १६ से.मी. है। लड़के ने कितने जूल कार्य किया था?,१२५४.४,Physics,Physics
399,४० किग्रा द्रव्यमान का एक लड़का सीढ़ी से १५ सेकंड में छत पर चढ़ता है। सीढ़ी में सीढ़ियों की संख्या २० है और प्रत्येक सीढ़ी की ऊँचाई १६ से.मी. है। लड़के की शक्ति कितने वाट है?,८३.६२,Physics,Physics
400,१० ग्राम द्रव्यमान की एक वस्तु को भूमि से ६० मीटर की ऊँचाई से गिराया गया। भूमि से कितनी ऊँचाई पर वस्तु की स्थितिज ऊर्जा इसकी गतिज ऊर्जा की पाँच गुनी होगी?,५०,Physics,Physics
401,१० ग्राम द्रव्यमान की एक वस्तु को भूमि से ६० मीटर की ऊँचाई से गिराया गया। ३ सेकंड बाद वस्तु का संवेग कितने किग्रा-मी./से. होगा?,०.२९,Physics,Physics
402,इकाई द्रव्यमान की एक वस्तु को १० मी./से. के वेग से ऊपर की ओर फेंका गया। वस्तु अधिकतम कितने मीटर ऊपर जाएगी?,५.१०,Physics,Physics
403,इकाई द्रव्यमान की एक वस्तु को १० मी./से. के वेग से ऊपर की ओर फेंका गया। भूमि से कितने मीटर की ऊँचाई पर वस्तु की गतिज ऊर्जा और स्थितिज ऊर्जा बराबर होंगी?,२.५५,Physics,Physics
404,५० ग्राम द्रव्यमान की एक वस्तु को भूमि से ६० मीटर ऊँचे एक टावर पर रखा गया। टावर के ऊपर वस्तु की स्थितिज ऊर्जा कितने जूल है?,२९.४०,Physics,Physics
405,५० ग्राम द्रव्यमान की एक वस्तु को भूमि से ६० मीटर ऊँचे एक टावर पर रखा गया। टावर के ऊपर से वस्तु गुरुत्व बल के प्रभाव में गिरती रहे तो भूमि से कितनी ऊँचाई पर वस्तु की गतिज ऊर्जा स्थितिज ऊर्जा की ३ गुनी होगी?,१५,Physics,Physics
406,०.२० मीटर ऊँचाई के एक बर्तन को पानी से भर दिया गया। बर्तन की निचली सतह पर कितने पास्कल दाब अनुभव होगा?,१९६०,Physics,Physics
407,"किसी सिलिंडर पर लगाया गया दाब २.४५ x १०^४ पास्कल और सिलिंडर पर लगाया गया बल ४९० न्यूटन है, तो सिलिंडर का क्षेत्रफल कितने वर्ग से.मी. है?",२००,Physics,Physics
408,"जूते पहने किसी महिला का द्रव्यमान ४० किग्रा है, उसके जूते के तले का क्षेत्रफल २०० वर्ग से.मी. और शरीर का क्षेत्रफल १.५ वर्ग मीटर है। यदि महिला लेटी हो तो दाब कितने पास्कल होगा?",२६१.३३,Physics,Physics
409,"जूते पहने किसी महिला का द्रव्यमान ४० किग्रा है, उसके जूते के तले का क्षेत्रफल २०० वर्ग से.मी. और शरीर का क्षेत्रफल १.५ वर्ग मीटर है। यदि महिला दोनों पैरों पर खड़ी हो तो दाब कितने पास्कल होगा?",९८००,Physics,Physics
410,"जूते पहने किसी महिला का द्रव्यमान ४० किग्रा है, उसके जूते के तले का क्षेत्रफल २०० वर्ग से.मी. और शरीर का क्षेत्रफल १.५ वर्ग मीटर है। यदि महिला एक पैर पर खड़ी हो तो दाब कितने पास्कल होगा?",१९६००,Physics,Physics
411,यदि ०.७० घन मीटर आयतन की एक वस्तु का द्रव्यमान १४ किग्रा हो तो इसका घनत्व कितने ग्राम/सी.सी. है?,०.०२,Physics,Physics
412,"एक बेलन के आधार का क्षेत्रफल ०.३० वर्ग मीटर और ऊँचाई ०.२० मीटर है। यदि उस बेलन को भरने के लिए ७५.६ किग्रा ग्लिसरीन की आवश्यकता हो, तो ग्लिसरीन का घनत्व कितने ग्राम/सी.सी. है?",१.२६,Physics,Physics
413,यदि किसी वस्तु का घनत्व १००० किग्रा/घन मीटर और द्रव्यमान २०० किग्रा हो तो आयतन कितने घन मीटर है?,०.२०,Physics,Physics
414,५ घन मीटर पानी का द्रव्यमान कितना है?,५०००,Physics,Physics
415,किसी तालाब के पानी की गहराई १ मीटर है। उसकी तली पर कितने पास्कल दाब लगेगा?,९८००,Physics,Physics
416,"पानी से भरे एक तालाब की लंबाई २५ मीटर, चौड़ाई २० मीटर और गहराई ४ मीटर है। तालाब की तली पर दाब कितने पास्कल है?",३९२००,Physics,Physics
417,किसी स्थान का वायुमंडलीय दाब ९३२९६ पास्कल है। केरोसिन का घनत्व ८०० किग्रा/घन मीटर और बेंजीन का घनत्व ९८० किग्रा/घन मीटर है। पानी के स्तंभ की ऊँचाई कितने मीटर है?,९.५२,Physics,Physics
418,किसी स्थान का वायुमंडलीय दाब ९३२९६ पास्कल है। केरोसिन का घनत्व ८०० किग्रा/घन मीटर और बेंजीन का घनत्व ९८० किग्रा/घन मीटर है। पारे के स्तंभ की ऊँचाई कितने मीटर है?,०.७०,Physics,Physics
419,एक मापन बेलन में ४०० घन से.मी. पानी है। एक वस्तु डुबाने पर पानी का आयतन ५०० घन से.मी. हो गया। उत्प्लावन बल का मान कितना है?,०.९८,Physics,Physics
420,यदि कॉर्क का घनत्व ०.२५ x १०^३ किग्रा/घन मीटर हो तो पानी में तैराने पर कॉर्क का कितना प्रतिशत भाग पानी के नीचे रहेगा?,२५,Physics,Physics
421,"लकड़ी का एक टुकड़ा पानी में तैराने पर उसका कितना प्रतिशत भाग डूबा रहेगा? (लकड़ी का घनत्व ०.४० x १०^३ किग्रा/घन मीटर, पानी का घनत्व १ x १०^३ किग्रा/घन मीटर)",४०,Physics,Physics
422,बल गुणन सिद्धांत पर आधारित किसी हाइड्रोलिक प्रेस में छोटे पिस्टन की तुलना में बड़े पिस्टन का व्यास ८ गुना किया जाए तो बड़े पिस्टन पर कितना गुना बल अनुभव होगा?,६४,Physics,Physics
423,एक नली से जुड़े दो सिलिंडरों में पिस्टन बिना छिद्र के लगे हैं। यदि छोटे पिस्टन की तुलना में बड़े पिस्टन के अनुप्रस्थ काट का क्षेत्रफल १० गुना बड़ा हो तो छोटे पिस्टन पर २ न्यूटन बल लगाने पर बड़े पिस्टन पर कितना ऊर्ध्वमुखी बल अनुभव होगा?,२०,Physics,Physics
424,किसी बंद तरल में बड़े पिस्टन के अनुप्रस्थ काट का क्षेत्रफल छोटे पिस्टन का १० गुना है। छोटे पिस्टन पर २००० पास्कल दाब लगाने पर बड़े पिस्टन पर कितना दाब अनुभव होगा?,२०००,Physics,Physics
425,एक हाइड्रोलिक प्रेस के छोटे और बड़े पिस्टन का क्षेत्रफल क्रमशः १० वर्ग से.मी. और ३५० वर्ग से.मी. है। छोटे पिस्टन पर १०० न्यूटन बल लगाने पर बड़े पिस्टन पर कितना बल प्राप्त होगा?,३५००,Physics,Physics
426,एक हाइड्रोलिक प्रेस के छोटे और बड़े पिस्टन का क्षेत्रफल क्रमशः ५ वर्ग से.मी. और २५ वर्ग से.मी. है। छोटे पिस्टन पर १०० न्यूटन बल लगाने पर बड़े पिस्टन पर कितना बल प्राप्त होगा?,५००,Physics,Physics
427,६ मीटर लंबे और १ वर्ग मि.मी. अनुप्रस्थ काट के क्षेत्रफल वाले एक खड़े तार के सिरे पर २० किग्रा का एक द्रव्यमान लटका दिया गया। तार के पदार्थ का यंग गुणांक २.३५ x १०^११ न्यूटन/मीटर^२ है। तार कितने मि.मी. बढ़ेगा?,५,Physics,Physics
428,एक धातु के गोले पर ३ x १०^६ न्यूटन/मीटर^२ आयतन प्रतिबल लगाने पर आयतन विकृति कितनी होगी? (आयतन गुणांक ४ x १०^६ न्यूटन/मीटर^२),०.७५,Physics,Physics
429,२०० घन मीटर आयतन की एक गोलाकार वस्तु आधी पानी में डूबी तैर रही है। गोले द्वारा हटाए गए पानी का भार कितने न्यूटन है?,०.९८,Physics,Physics
430,२०० घन मीटर आयतन की एक गोलाकार वस्तु आधी पानी में डूबी तैर रही है। गोले का घनत्व कितने किग्रा/घन मीटर है?,५००,Physics,Physics
431,२०० घन मीटर आयतन की एक गोलाकार वस्तु आधी पानी में डूबी तैर रही है। गोले का उत्प्लावन बल कितना है?,०.९८,Physics,Physics
432,"एक तालाब की लंबाई, चौड़ाई और ऊँचाई क्रमशः ३० मीटर, २० मीटर, ३ मीटर है। यदि तालाब आधा भरा हो तो तली के किसी बिंदु पर दाब कितने पास्कल है?",१४७००,Physics,Physics
433,"यदि तापमान का अंतर १ डिग्री सेल्सियस हो, तो केल्विन स्केल पर यह अंतर कितना होगा?",१,Physics,Physics
434,किसी एक दिन का तापमान २५ डिग्री सेल्सियस से ३० डिग्री सेल्सियस हो गया। फ़ारेनहाइट स्केल पर तापमान की वृद्धि कितनी होगी?,९,Physics,Physics
435,५ डिग्री सेल्सियस फ़ारेनहाइट स्केल पर कितना होगा?,४१,Physics,Physics
436,४० डिग्री सेल्सियस तापमान कितने फ़ारेनहाइट के बराबर है?,१०४,Physics,Physics
437,५० डिग्री फ़ारेनहाइट कितने डिग्री सेल्सियस के बराबर है?,१०,Physics,Physics
438,यदि किसी वस्तु का तापमान २७७ केल्विन हो तो फ़ारेनहाइट स्केल पर इसका मान कितना है?,३९.२०,Physics,Physics
439,किस तापमान पर फ़ारेनहाइट स्केल का पाठ्यांक सेल्सियस स्केल के पाठ्यांक का दोगुना होता है?,३२०,Physics,Physics
440,यदि ६० डिग्री सेल्सियस तापमान पर एक इस्पात की बीम की लंबाई २० मीटर हो तो १०० डिग्री सेल्सियस तापमान पर इसकी लंबाई में वृद्धि कितने मीटर होगी? इस्पात का रेखीय प्रसार गुणांक ११.६ x १०^-६ /केल्विन है।,०.९२,Physics,Physics
441,"एक ताँबे की छड़ का तापमान १०० डिग्री सेल्सियस बढ़ाने पर यदि इसकी अंतिम लंबाई १०.०१६७ मीटर हो, तो छड़ की प्रारंभिक लंबाई कितने मीटर थी?",१०,Physics,Physics
442,२५ डिग्री सेल्सियस तापमान और १२ x १०^३ न्यूटन/मीटर^२ दाब पर २ मोल गैस का आयतन कितना है? (गैस स्थिरांक का मान ८.३१४),०.४१,Physics,Physics
443,एक बंद बर्तन में ०.२५ घन मीटर आयतन की गैस रखी है। गैस का दाब २७ x १०^३ पास्कल और तापमान ४० डिग्री सेल्सियस है। गैस की मात्रा ज्ञात कीजिए। (गैस स्थिरांक का मान ८.३१४),२.६,Physics,Physics
444,१०० ग्राम पानी का तापमान ३० डिग्री सेल्सियस से ३५ डिग्री सेल्सियस तक बढ़ाने के लिए कितनी ऊष्मा की आवश्यकता है?,२१००,Physics,Physics
445,२०० ग्राम पानी का तापमान २० डिग्री सेल्सियस से ३० डिग्री सेल्सियस तक बढ़ाने के लिए कितनी ऊष्मा की आवश्यकता है?,८४००,Physics,Physics
446,१० किग्रा द्रव्यमान के पानी का तापमान १ केल्विन बढ़ाने के लिए कितनी ऊष्मा लगेगी?,४२०००,Physics,Physics
447,५ x १०^-२ द्रव्यमान की किसी वस्तु का तापमान २० डिग्री सेल्सियस से १०० डिग्री सेल्सियस तक बढ़ाने के लिए १५२० जूल ऊष्मा लगती है। वस्तु की विशिष्ट ऊष्मा कितनी है?,३८०,Physics,Physics
448,१ किग्रा बर्फ का तापमान १ केल्विन बढ़ाने के लिए कितनी ऊष्मा लगेगी?,२१००,Physics,Physics
449,यदि बर्तन में रखे कुछ पानी की ऊष्मा धारण क्षमता ६०९० जूल/केल्विन हो तो पानी का द्रव्यमान कितने किग्रा है?,१.४५,Physics,Physics
450,यदि ५ किग्रा द्रव्यमान की वस्तु की ऊष्मा धारण क्षमता ६१५० जूल/केल्विन हो तो उसकी विशिष्ट ऊष्मा कितनी है?,१२३०,Physics,Physics
451,यदि चाँदी की विशिष्ट ऊष्मा २३० जूल/किग्रा/केल्विन हो तो ५ किग्रा चाँदी की ऊष्मा धारण क्षमता कितनी है?,११५०,Physics,Physics
452,"यदि १० किग्रा द्रव्यमान की एक वस्तु की ऊष्मा धारण क्षमता ४००० जूल/केल्विन हो, तो वस्तु की विशिष्ट ऊष्मा कितनी है?",४००,Physics,Physics
453,यदि ताँबे की विशिष्ट ऊष्मा ४०० जूल/किग्रा/केल्विन हो तो ५ किग्रा ताँबे की ऊष्मा धारण क्षमता कितनी है?,२०००,Physics,Physics
454,५ किग्रा पानी में ०.५ किग्रा बर्फ रखी गई। यदि बर्फ ७६९ किलोजूल ऊष्मा छोड़े तो पानी द्वारा ग्रहण की गई ऊष्मा कितने किलोजूल है?,७६९,Physics,Physics
455,"३० डिग्री सेल्सियस तापमान के १५० ग्राम पानी में ७५ डिग्री सेल्सियस की लोहे की छड़ डुबाई गई और अंतिम तापमान ५६ डिग्री सेल्सियस हुआ। पानी की विशिष्ट ऊष्मा ४२०० जूल/किग्रा/केल्विन, लोहे की विशिष्ट ऊष्मा और घनत्व क्रमशः ४५० जूल/किग्रा/केल्विन और ७८०० किग्रा/घन मीटर है। पानी द्वारा ग्रहण की गई ऊष्मा कितने जूल है?",१६३८०,Physics,Physics
456,"रेल की पटरी पर ट्रेन गुज़रने से तापमान का अंतर ३५ डिग्री सेल्सियस हो जाता है, लोहे का रेखीय प्रसार गुणांक ३४.८ x १०^-६ /केल्विन है। गर्म होने के फलस्वरूप १०० मीटर लंबी रेल की पटरी की लंबाई कितने से.मी. बढ़ जाती है?",१२.१८,Physics,Physics
457,०.१ मीटर लंबे एक धागे से १० ग्राम द्रव्यमान की एक घड़ी लटका दी जाए तो द्रव्यमान का दोलनकाल कितना होगा?,०.६३,Physics,Physics
458,यदि आवर्तकाल ५ सेकंड हो तो आवृत्ति कितनी है?,०.२,Physics,Physics
459,यदि कोई वस्तु ५ सेकंड में १० पूर्ण कंपन पूरे करे तो आवृत्ति कितनी होगी?,२०,Physics,Physics
460,लगातार दो तरंग शीर्षों की दूरी २ से.मी. है। एक तरंग शीर्ष से अगले तरंग गर्त की दूरी कितने से.मी. है?,१,Physics,Physics
461,३०० हर्ट्ज़ आवृत्ति पर कंपित किसी रेडियो स्पीकर से उत्पन्न ध्वनि तरंग की तरंगदैर्ध्य वायु में १.१५ मीटर हो तो वायु में ध्वनि तरंग का वेग कितना है?,३४५,Physics,Physics
462,दो किलो हर्ट्ज़ आवृत्ति वाली ध्वनि लोहे के पाइप में ५१३० मी./से. के वेग से संचरित हो तो उक्त ध्वनि की तरंगदैर्ध्य कितनी है?,२.५७,Physics,Physics
463,आकाशवाणी दिल्ली मीडियम वेव पर ६३० किलो हर्ट्ज़ पर कार्यक्रम प्रसारित करता है। यदि रेडियो तरंग का वेग ३ x १०^८ मी./से. हो तो तरंगदैर्ध्य कितनी होगी?,४७६.१९,Physics,Physics
464,यदि ध्वनि का वेग ३४० मी./से. हो तो २० सेंटीमीटर तरंगदैर्ध्य वाली वस्तु की आवृत्ति कितनी है?,१७००,Physics,Physics
465,हवा में ध्वनि का वेग ३५० मी./से. है। यदि एक ध्वनि तरंग की तरंगदैर्ध्य ३५ सेंटीमीटर हो तो इसकी आवृत्ति कितनी होगी?,१०००,Physics,Physics
466,यदि एक ध्वनि का आवर्तकाल ५.८ x १०^-४ सेकंड और ध्वनि का वेग ३२० मी./से. हो तो तरंगदैर्ध्य कितने मीटर है?,०.१८,Physics,Physics
467,३० डिग्री सेल्सियस तापमान पर किसी स्थान से ध्वनि करने पर ०.१२ सेकंड बाद ध्वनि की प्रतिध्वनि सुनाई देती है। ध्वनि के स्रोत से परावर्तक सतह की दूरी कितनी है?,२०.८५,Physics,Physics
468,५ मोल नाइट्रोजन डाइऑक्साइड का आणविक भार कितना है?,२३०,Chemistry,Chemistry
469,कार्बन डाइऑक्साइड के २० मोल का आणविक भार कितना है?,८८०,Chemistry,Chemistry
470,कार्बन मोनोऑक्साइड के १० मोल का आणविक भार कितना है?,२८०,Chemistry,Chemistry
471,६ मोल नाइट्रोजन का आणविक भार कितना है?,१६८,Chemistry,Chemistry
472,सल्फर डाइऑक्साइड के १५ मोल का आणविक भार कितना है?,९६०,Chemistry,Chemistry
473,३ मोल क्लोरीन का आणविक भार कितना है?,२१३,Chemistry,Chemistry
474,मीथेन के १२ मोल का आणविक भार कितना है?,१९२,Chemistry,Chemistry
475,७ मोल अमोनिया का आणविक भार कितना है?,११९,Chemistry,Chemistry
476,११ मोल एथीन का आणविक भार कितना है?,३०८,Chemistry,Chemistry
477,हाइड्रोक्लोरिक एसिड के १० मोल का आणविक भार कितना है?,३६५,Chemistry,Chemistry
478,एल्युमिनियम फ्लोराइड के १० मोल का आणविक भार कितना है?,८४०,,
479,१९ मोल फ्लोरीन का आणविक भार कितना है?,७२२,Chemistry,Chemistry
480,"यदि किसी तत्व के एक परमाणु का वास्तविक भार ४.४८२ x १०^-२३ ग्राम हो, तो इसका आपेक्षिक परमाणु भार कितना होगा?",२७,Chemistry,Chemistry
481,"यदि किसी तत्व के एक परमाणु का वास्तविक भार ३.१६ x १०^-२३ ग्राम हो, तो इसका आपेक्षिक परमाणु भार कितना होगा?",१९,Chemistry,Chemistry
482,"यदि किसी तत्व के एक परमाणु का वास्तविक भार ६.६४४ x १०^-२३ ग्राम हो, तो इसका आपेक्षिक परमाणु भार कितना होगा?",४०,Chemistry,Chemistry
483,"यदि किसी तत्व के एक परमाणु का भार ४.४८२ x १०^-२३ ग्राम हो, तो उसका आपेक्षिक परमाणु भार कितना होगा?",२७,Chemistry,Chemistry
484,नाइट्रिक एसिड के १० मोल का आणविक भार कितना है?,६३०,Chemistry,Chemistry
485,फॉस्फोरिक एसिड के ५ मोल का आणविक भार कितना है?,४९०,Chemistry,Chemistry
486,११ मोल सल्फ्यूरिक एसिड का आणविक भार कितना है?,१०७८,Chemistry,Chemistry
487,कैल्शियम फॉस्फेट के १३ मोल का आणविक भार कितना है?,४०३०,Chemistry,Chemistry
488,११ मोल कार्बोनिक एसिड का आणविक भार कितना है?,६८२,Chemistry,Chemistry
489,नाइट्रोजन डाइऑक्साइड के ७ मोल का आणविक भार कितना है?,३२२,Chemistry,Chemistry
490,६ मोल कार्बन डाइऑक्साइड का आणविक भार कितना है?,२६४,Chemistry,Chemistry
491,३ मोल कार्बन मोनोऑक्साइड का आणविक भार कितना है?,८४,Chemistry,Chemistry
492,नाइट्रोजन के १० मोल का आणविक भार कितना है?,२८०,Chemistry,Chemistry
493,९ मोल सल्फर डाइऑक्साइड का आणविक भार कितना है?,५७६,Chemistry,Chemistry
494,क्लोरीन के १५ मोल का आणविक भार कितना है?,१०६५,Chemistry,Chemistry
495,३ मोल मीथेन का आणविक भार कितना है?,४८,Chemistry,Chemistry
496,अमोनिया के १२ मोल का आणविक भार कितना है?,२०४,Chemistry,Chemistry
497,एथीन के ७ मोल का आणविक भार कितना है?,१९६,Chemistry,Chemistry
498,११ मोल हाइड्रोक्लोरिक एसिड का आणविक भार कितना है?,४०१.५०,Chemistry,Chemistry
499,१५ मोल एल्युमिनियम फ्लोराइड का आणविक भार कितना है?,१२६०,Chemistry,Chemistry
500,फ्लोरीन के १० मोल का आणविक भार कितना है?,३८०,Chemistry,Chemistry
501,ग्लूकोज़ के १० मोल का आणविक भार कितना है?,१८००,Chemistry,Chemistry
502,५ मोल ग्लूकोज़ का आणविक भार कितना है?,९००,Chemistry,Chemistry
503,९ मोल ग्लूकोज़ का आणविक भार कितना है?,१६२०,Chemistry,Chemistry
504,१० मोल नीले थोथे (तूतिया) का आणविक भार कितना है?,२४९५,Chemistry,Chemistry
505,नीले थोथे (तूतिया) के २० मोल का आणविक भार कितना है?,४९९०,Chemistry,Chemistry
506,१२ मोल परक्लोरिक एसिड का आणविक भार कितना है?,१२०६,Chemistry,Chemistry
507,परक्लोरिक एसिड के २२ मोल का आणविक भार कितना है?,२२११,Chemistry,Chemistry
508,२ मोल कॉपर सल्फेट का आणविक भार कितना है?,३१९,Chemistry,Chemistry
509,पोटैशियम डाइक्रोमेट के एक अणु में कितने परमाणु विद्यमान हैं?,११,Chemistry,Chemistry
510,कैल्शियम फॉस्फेट के एक अणु में कितने परमाणु विद्यमान हैं?,१३,Chemistry,Chemistry
511,एल्युमिनियम फॉस्फेट के अणु में परमाणुओं की संख्या कितनी है?,१७,Chemistry,Chemistry
512,मानक अवस्था में २ ग्राम हाइड्रोजन गैस का आयतन कितना है?,२२.४०,Chemistry,Chemistry
513,५ ग्राम हाइड्रोजन गैस को १.२७ x १०^२४ क्लोरीन परमाणुओं के बीच प्रवाहित किया जाए तो इसमें कितने ग्राम क्लोरीन गैस थी?,७५,Chemistry,Chemistry
514,५ ग्राम हाइड्रोजन गैस को ७५ ग्राम क्लोरीन गैस के बीच प्रवाहित किया गया। अभिक्रिया में कितने मोल हाइड्रोजन शेष रहती है?,१.४४,Chemistry,Chemistry
515,मानक अवस्था में ३४ ग्राम अमोनिया का आयतन कितना है?,४४.८०,Chemistry,Chemistry
516,फेरिक कार्बोनेट के १ अणु में परमाणुओं की संख्या कितनी है?,१४,Chemistry,Chemistry
517,०.१ मोल सोडियम हाइड्रॉक्साइड का भार कितना है?,४,Chemistry,Chemistry
518,०.००७५ मोल हाइड्रोक्लोरिक एसिड विलयन में हाइड्रोक्लोरिक एसिड का भार कितना है?,०.२७४,Chemistry,Chemistry
519,६.०२ x १०^२३ ऑक्सीजन परमाणुओं का भार कितना है?,१६,Chemistry,Chemistry
520,६.०२ x १०^२२ कैल्शियम कार्बोनेट का भार कितना है?,१०,Chemistry,Chemistry
521,इथेनॉल के पाँच मोल का भार कितना है?,२३०,Chemistry,Chemistry
522,२०० ग्राम कैल्शियम कार्बोनेट के मोलों की संख्या कितनी है?,२,Chemistry,Chemistry
523,४०० ग्राम कैल्शियम में कितने मोल?,१०,Chemistry,Chemistry
524,३६ ग्राम कार्बन परमाणुओं के मोलों की संख्या कितनी है?,३,Chemistry,Chemistry
525,४९ ग्राम सल्फ्यूरिक एसिड कितने मोल के बराबर है?,०.५०,Chemistry,Chemistry
526,०.१ मोल सल्फ्यूरिक एसिड कितने ग्राम सल्फ्यूरिक एसिड के बराबर है?,९.८०,Chemistry,Chemistry
527,१ मोल नीले थोथे (तूतिया) के क्रिस्टल जल में कितने ग्राम ऑक्सीजन होती है?,८०,Chemistry,Chemistry
528,नीले थोथे (तूतिया) के एक अणु में जुड़े पानी का भार कितना है?,९०,Chemistry,Chemistry
529,जलवाष्प के २.२ मोल का भार कितना है?,३९.६,Chemistry,Chemistry
530,मानक तापमान और दाब पर १.००८ ग्राम हाइड्रोजन का आयतन कितना है?,११.२०,Chemistry,Chemistry
531,मानक तापमान और दाब पर १ ग्राम नाइट्रोजन का आयतन कितना है?,०.८०,Chemistry,Chemistry
532,मानक तापमान और दाब पर ७ ग्राम नाइट्रोजन का मोलर आयतन कितना है?,५.६०,Chemistry,Chemistry
533,मानक अवस्था में १७ ग्राम अमोनिया गैस का आयतन कितना है?,२२.४०,Chemistry,Chemistry
534,मानक अवस्था में ५ ग्राम कार्बन डाइऑक्साइड गैस का आयतन कितना है?,२.५५,Chemistry,Chemistry
535,मानक तापमान और दाब पर ११.२ लीटर अमोनिया का भार कितना है?,८.५०,Chemistry,Chemistry
536,मानक अवस्था में १६ ग्राम ऑक्सीजन का मोलर आयतन कितना है?,११.२०,Chemistry,Chemistry
537,मानक तापमान और दाब पर २ लीटर क्लोरीन गैस का भार कितना है?,६.३३,Chemistry,Chemistry
538,मानक तापमान और दाब पर ८८ ग्राम कार्बन डाइऑक्साइड गैस का आयतन कितना है?,२,Chemistry,Chemistry
539,आदर्श तापमान और दाब पर ६० ग्राम सल्फर डाइऑक्साइड का आयतन कितना है?,२१,Chemistry,Chemistry
540,मानक अवस्था में ०.०१ मोल क्लोरीन गैस का आयतन कितना है?,०.२२,Chemistry,Chemistry
541,मानक अवस्था में ३ मोल फॉस्फीन गैस का भार कितना है?,१०२,Chemistry,Chemistry
542,मानक अवस्था में ५ मोल फॉस्फीन गैस का आयतन कितना है?,११२,Chemistry,Chemistry
543,आदर्श अवस्था में ८.५ ग्राम अमोनिया गैस का आयतन कितना है?,११.२०,Chemistry,Chemistry
544,मानक अवस्था में १० ग्राम हीलियम गैस का आयतन कितना है?,५६,Chemistry,Chemistry
545,एक मोल ऑक्सीजन अणुओं में विद्यमान ऑक्सीजन परमाणुओं की संख्या एक मोल पानी के अणुओं में विद्यमान ऑक्सीजन परमाणुओं की संख्या की कितनी गुनी है?,२,Chemistry,Chemistry
546,यदि १ लीटर विलयन में ०.१ मोल विलेय घुला हो तो विलयन की सांद्रता कितनी होगी?,०.१०,Chemistry,Chemistry
547,१० ग्राम हाइड्रोक्लोरिक एसिड को पूरी तरह उदासीन करने के लिए कितनी मात्रा में पोटैशियम हाइड्रॉक्साइड चाहिए?,१५.३४,Chemistry,Chemistry
548,१० मिली ०.२ मोलर सोडियम कार्बोनेट को उदासीन करने के लिए कितने ग्राम डेसीमोलर हाइड्रोक्लोरिक एसिड लगेगा?,०.१४,Chemistry,Chemistry
549,यदि १७.७५ ग्राम सोडियम सल्फेट २५० मिली विलयन में घुला हो तो विलयन की सांद्रता कितनी है?,०.५०,Chemistry,Chemistry
550,आधा लीटर डेसीमोलर सांद्रता के सोडियम कार्बोनेट का भार कितना है?,५.३०,Chemistry,Chemistry
551,२ लीटर ०.२ मोलर सोडियम कार्बोनेट विलयन में कितनी मात्रा में सोडियम कार्बोनेट है?,४२.४०,Chemistry,Chemistry
552,२ लीटर डेसीमोलर सोडियम हाइड्रोजन कार्बोनेट विलयन में कितनी मात्रा में सोडियम हाइड्रोजन कार्बोनेट घुला होगा?,१६.८०,Chemistry,Chemistry
553,५०० मिलीलीटर ०.२ मोलर विलयन तैयार करने के लिए कितने ग्राम खाने के नमक की आवश्यकता होगी?,५.८५,Chemistry,Chemistry
554,यदि १००० मिली विलयन में ११७ ग्राम सोडियम क्लोराइड हो तो विलयन की मोलरता कितनी है?,२,Chemistry,Chemistry
555,२५० मिली ०.२५ मोलर पोटैशियम कार्बोनेट विलयन तैयार करने के लिए उस लवण की कितनी मात्रा लगेगी?,८.६२,Chemistry,Chemistry
556,२५० मिली सोडियम कार्बोनेट का सेमीमोलर विलयन बनाने के लिए कितनी मात्रा में विलेय लगेगा?,१३.२५,Chemistry,Chemistry
557,२०० मिली विलयन में कितने ग्राम सोडियम हाइड्रॉक्साइड घुला हो कि इसकी सांद्रता सेमीमोलर हो?,४,Chemistry,Chemistry
558,२५० मिलीलीटर ०.१ मोलर सोडियम कार्बोनेट का विलयन बनाने के लिए कितने ग्राम सोडियम कार्बोनेट की आवश्यकता है?,२.६५,Chemistry,Chemistry
559,२ लीटर ०.१ मोलर नीले थोथे (तूतिया) का विलयन बनाने के लिए कितनी मात्रा में नीला थोथा चाहिए?,४९.९,Chemistry,Chemistry
560,२५० घन सेमी ०.०१ मोलर नाइट्रिक एसिड विलयन में कितने ग्राम नाइट्रिक एसिड है?,०.१६,Chemistry,Chemistry
561,२ लीटर ०.२ मोलर कैल्शियम बाइकार्बोनेट विलयन में कितनी मात्रा में कैल्शियम बाइकार्बोनेट विद्यमान रहता है?,६४.८०,Chemistry,Chemistry
562,सल्फ्यूरिक एसिड के ५०० मिली ०.२ मोलर विलयन के लिए कितने मोल विलेय की आवश्यकता है?,०.१०,Chemistry,Chemistry
563,यदि १७.७५ ग्राम सोडियम सल्फेट ४५० मिली विलयन में घुला हो तो विलयन की सांद्रता कितनी है?,०.२७,Chemistry,Chemistry
564,२५० मिली कास्टिक सोडा के सेमीमोलर विलयन से कितनी मात्रा में सेंटीमोलर विलयन प्राप्त होगा?,१२.५०,Chemistry,Chemistry
565,१०० ग्राम चूना पत्थर से कितने लीटर विलयन तैयार किया जाए कि मोलरता ०.५ मोलर हो?,२,Chemistry,Chemistry
566,यदि ५०० मिली विलयन में ११७ ग्राम सोडियम क्लोराइड हो तो विलयन की मोलरता कितनी है?,४,Chemistry,Chemistry
567,५० ग्राम खाने के नमक को २ लीटर के विलयन में घोलने पर कितने मोलर विलयन प्राप्त होगा?,०.४२,Chemistry,Chemistry
568,यदि १०० मिली विलयन में ९.८ ग्राम सल्फ्यूरिक एसिड घुला हो तो विलयन की मोलरता कितनी है?,१,Chemistry,Chemistry
569,यदि ५०० मिली विलयन में २४.५ ग्राम सल्फ्यूरिक एसिड घुला हो तो विलयन की सांद्रता कितनी है?,०.५०,Chemistry,Chemistry
570,यदि ७३ ग्राम हाइड्रोक्लोरिक एसिड को ४ लीटर विलयन में घोला जाए तो विलयन की मोलरता कितनी है?,०.५०,Chemistry,Chemistry
571,कितने लीटर विलयन में ४० ग्राम सोडियम हाइड्रॉक्साइड हो कि उसकी मोलरता ०.१ मोलर हो?,१०,Chemistry,Chemistry
572,यदि १०० मिली विलयन में १०.६ ग्राम सोडा ऐश घुला हो तो विलयन की सांद्रता कितनी है?,१,Chemistry,Chemistry
573,यदि २५ ग्राम सल्फ्यूरिक एसिड १०० मिली विलयन में घुला हो तो विलयन की सांद्रता मोलरता में कितनी है?,२.५५,Chemistry,Chemistry
574,कार्बन डाइऑक्साइड में कार्बन की मात्रा कितने प्रतिशत है?,२७.२७,Chemistry,Chemistry
575,फॉस्फोरिक एसिड में फॉस्फोरस की प्रतिशत मात्रा कितनी है?,३१.६३,Chemistry,Chemistry
576,कार्बन मोनोऑक्साइड में कार्बन की मात्रा कितने प्रतिशत है?,४२.८५,Chemistry,Chemistry
577,मीथेन में कार्बन की मात्रा कितने प्रतिशत है?,७५,Chemistry,Chemistry
578,ईथेन में कार्बन की मात्रा कितने प्रतिशत है?,८०,Chemistry,Chemistry
579,सोडियम हाइड्रॉक्साइड में सोडियम का प्रतिशत संघटन कितना है?,५७.५०,Chemistry,Chemistry
580,सल्फ्यूरिक एसिड में सल्फर का संघटन कितना है?,३२.६५,Chemistry,Chemistry
581,परक्लोरिक एसिड में क्लोरीन का संघटन कितना है?,३५.३२,Chemistry,Chemistry
582,सोडियम कार्बोनेट यौगिक में कार्बन तत्व का प्रतिशत संघटन कितना है?,११.३२,Chemistry,Chemistry
583,नीले थोथे (तूतिया) में क्रिस्टल जल का प्रतिशत संघटन कितना है?,३६.०७,Chemistry,Chemistry
584,पानी में हाइड्रोजन की प्रतिशत मात्रा कितनी है?,११.११,Chemistry,Chemistry
585,पानी में ऑक्सीजन का प्रतिशत संघटन कितना है?,८८.८८,Chemistry,Chemistry
586,हाइड्रोक्लोरिक एसिड में क्लोरीन का प्रतिशत संघटन कितना है?,९७.२६,Chemistry,Chemistry
587,कैल्शियम कार्बोनेट में ऑक्सीजन का प्रतिशत संघटन कितना है?,४८,Chemistry,Chemistry
588,ओलियम में सल्फर का प्रतिशत संघटन कितना है?,३५.९५,Chemistry,Chemistry
589,सल्फ्यूरस एसिड में सल्फर का संघटन कितना है?,३९.०२,Chemistry,Chemistry
590,एल्युमिनियम सल्फेट यौगिक में सल्फर का प्रतिशत संघटन कितना है?,२८.०७,Chemistry,Chemistry
591,६ मोल अमोनिया उत्पन्न करने के लिए कितने मोल हाइड्रोजन की आवश्यकता है?,९,Chemistry,Chemistry
592,६४ ग्राम ऑक्सीजन से सोडियम ऑक्साइड बनाने के लिए ४६ ग्राम सोडियम मिलाया जाए तो शेष ऑक्सीजन की मात्रा कितनी है?,४८,Chemistry,Chemistry
593,२ ग्राम मैग्नीशियम का दहन करने पर उत्पन्न उत्पाद की मात्रा क्या होगी?,३.३३,Chemistry,Chemistry
594,१२ ग्राम मैग्नीशियम कितने ग्राम ऑक्सीजन के साथ अभिक्रिया करेगा?,८,Chemistry,Chemistry
595,४ ग्राम मैग्नीशियम धातु से कितने ग्राम मैग्नीशियम ऑक्साइड उत्पन्न होगा?,६.६६,Chemistry,Chemistry
596,हाइड्रोजन और ऑक्सीजन की अभिक्रिया से ९ ग्राम पानी उत्पन्न करने के लिए कितने ग्राम ऑक्सीजन की आवश्यकता है?,८,Chemistry,Chemistry
597,६ मोल पानी उत्पन्न करने के लिए कितने मोल ऑक्सीजन की आवश्यकता है?,३,Chemistry,Chemistry
598,मानक तापमान और दाब पर ४ लीटर नाइट्रोजन से कितने लीटर अमोनिया प्राप्त होगी? अभिकारक और उत्पाद सभी पदार्थ गैसीय हैं।,८,Chemistry,Chemistry
599,६५ ग्राम जिंक का पर्याप्त हवा में दहन करने पर कितने ग्राम जिंक ऑक्साइड प्राप्त होगा?,८१,Chemistry,Chemistry
600,२४ ग्राम मैग्नीशियम का पर्याप्त हवा में दहन करने पर कितने ग्राम मैग्नीशियम ऑक्साइड प्राप्त होगा?,४०,Chemistry,Chemistry
601,२० ग्राम मैग्नीशियम से कितने ग्राम मैग्नीशियम ऑक्साइड उत्पन्न होगा?,३३.३३,Chemistry,Chemistry
602,कार्बन डाइऑक्साइड अणु के निर्माण में ३ ग्राम ऑक्सीजन के साथ कितना कार्बन जुड़ेगा?,८,Chemistry,Chemistry
603,५६ ग्राम मैग्नीशियम से कितने ग्राम मैग्नीशियम ऑक्साइड उत्पन्न होगा?,९३.३३,Chemistry,Chemistry
604,५ ग्राम मैग्नीशियम का दहन करने के लिए कितने ग्राम ऑक्सीजन की आवश्यकता है?,३.३३,Chemistry,Chemistry
605,२०० ग्राम चूना पत्थर को खुले बर्तन में गर्म करने पर कितनी मात्रा में कैल्शियम ऑक्साइड प्राप्त होगा?,११२,Chemistry,Chemistry
606,१० ग्राम चूना बनाने के लिए कितने ग्राम शुद्ध चूना पत्थर की आवश्यकता है?,१७.८५,Chemistry,Chemistry
607,२० ग्राम सोडियम हाइड्रॉक्साइड के साथ अभिक्रिया करने के लिए कितने ग्राम हाइड्रोक्लोरिक एसिड की आवश्यकता है?,१८.२५,Chemistry,Chemistry
608,४ ग्राम हाइड्रोजन और ७२ ग्राम फ्लोरीन की अभिक्रिया से कितने ग्राम उत्पाद प्राप्त होगा?,७५.७८,Chemistry,Chemistry
609,१२५ ग्राम नीले थोथे (तूतिया) से कितने ग्राम कॉपर सल्फेट उत्पन्न होगा?,७९.९०,Chemistry,Chemistry
610,१०० मिली विलयन में ०.४ ग्राम सोडियम हाइड्रॉक्साइड की सांद्रता कितनी है?,०.१०,Chemistry,Chemistry
611,यदि २ लीटर में ८० ग्राम सोडियम हाइड्रॉक्साइड हो तो सांद्रता कितनी है?,१,Chemistry,Chemistry
612,१ लीटर १ मोलर विलयन तैयार करने के लिए कितनी मात्रा में कैल्शियम कार्बोनेट की आवश्यकता है?,१००,Chemistry,Chemistry
613,१ लीटर १ मोलर विलयन तैयार करने के लिए कितनी मात्रा में नाइट्रिक एसिड की आवश्यकता है?,६३,Chemistry,Chemistry
614,१ लीटर १ मोलर विलयन तैयार करने के लिए कितनी मात्रा में इथेनॉल की आवश्यकता है?,४६,Chemistry,Chemistry
615,२ लीटर विलयन में कितने ग्राम कैल्शियम कार्बोनेट मिलाने पर विलयन सेमीमोलर होगा?,१००,Chemistry,Chemistry
616,२ लीटर विलयन में कितने ग्राम सोडियम कार्बोनेट मिलाने पर विलयन सेमीमोलर होगा?,१०६,Chemistry,Chemistry
617,२ लीटर विलयन में कितने ग्राम सोडियम क्लोराइड मिलाने पर विलयन सेमीमोलर होगा?,५८.५०,Chemistry,Chemistry
618,१ लीटर १ मोलर विलयन तैयार करने के लिए कितनी मात्रा में सोडियम हाइड्रॉक्साइड की आवश्यकता है?,४०,Chemistry,Chemistry
619,सोडियम हाइड्रॉक्साइड में ऑक्सीजन का प्रतिशत संघटन कितना है?,४०,Chemistry,Chemistry
620,ग्लूकोज़ में कार्बन की प्रतिशत मात्रा कितनी है?,४०,Chemistry,Chemistry
621,ग्लूकोज़ में ऑक्सीजन की प्रतिशत मात्रा कितनी है?,५३.३३,Chemistry,Chemistry
622,ग्लूकोज़ में हाइड्रोजन की प्रतिशत मात्रा कितनी है?,६.६६,Chemistry,Chemistry
623,ग्लूकोज़ में कुल परमाणु कितने हैं?,२४,Chemistry,Chemistry
624,२४९.५ ग्राम ब्लू विट्रियल को गर्म करके १५० ग्राम सफेद पाउडर प्राप्त हुआ। उत्पाद की प्रतिशत मात्रा कितनी है?,९४.१०,Chemistry,Chemistry
625,क्लोरिक एसिड में हाइड्रोजन की प्रतिशत मात्रा कितनी है?,१.१८,Chemistry,Chemistry
626,क्लोरिक एसिड में क्लोरीन की प्रतिशत मात्रा कितनी है?,४२.०१,Chemistry,Chemistry
627,क्लोरिक एसिड में ऑक्सीजन की प्रतिशत मात्रा कितनी है?,५६.८०,Chemistry,Chemistry
628,०.२५ मोल मैग्नीशियम नाइट्रेट को गर्म करने पर कितने ग्राम मैग्नीशियम ऑक्साइड बनता है?,१०,Chemistry,Chemistry
629,०.२५ मोल मैग्नीशियम नाइट्रेट को गर्म करने पर कितने ग्राम ऑक्सीजन बनती है?,४,Chemistry,Chemistry
630,०.२५ मोल मैग्नीशियम नाइट्रेट को गर्म करने पर उत्पन्न नाइट्रोजन डाइऑक्साइड का आयतन कितना है?,११.२०,Chemistry,Chemistry
631,मैग्नीशियम नाइट्रेट में ऑक्सीजन की प्रतिशत मात्रा कितनी है?,६४.८६,Chemistry,Chemistry
632,१० ग्राम सोडियम हाइड्रॉक्साइड के साथ ५ ग्राम कार्बन डाइऑक्साइड की अभिक्रिया कराई गई। उत्पन्न लवण की मात्रा कितने ग्राम है?,१२.०४,Chemistry,Chemistry
633,१० ग्राम सोडियम हाइड्रॉक्साइड के साथ ५ ग्राम कार्बन डाइऑक्साइड की अभिक्रिया कराई गई। अभिक्रिया के अंत में कितने ग्राम सोडियम हाइड्रॉक्साइड शेष रहेगा?,०.९०,Chemistry,Chemistry
634,किसी एक बर्तन में ४० ग्राम सोडियम धातु और ३५.५ ग्राम क्लोरीन गैस रखी गई। उपयुक्त वातावरण में अभिक्रिया कराकर सोडियम क्लोराइड बनाया गया। कितने ग्राम सोडियम क्लोराइड उत्पन्न होगा?,५८.५०,Chemistry,Chemistry
635,किसी एक बर्तन में ४० ग्राम सोडियम धातु और ३५.५ ग्राम क्लोरीन गैस रखी गई। उपयुक्त वातावरण में अभिक्रिया कराकर सोडियम क्लोराइड बनाया गया। कितने ग्राम सोडियम शेष रहेगा?,१७,Chemistry,Chemistry
636,हाइड्रोक्लोरिक एसिड बनाने के लिए १ ग्राम हाइड्रोजन के साथ ७० ग्राम क्लोरीन मिलाई गई। उत्पन्न हाइड्रोक्लोरिक एसिड की मात्रा कितने ग्राम है?,३६.५०,Chemistry,Chemistry
637,हाइड्रोक्लोरिक एसिड बनाने के लिए १ ग्राम हाइड्रोजन के साथ ७० ग्राम क्लोरीन मिलाई गई। कितने ग्राम क्लोरीन शेष रहेगी?,३४.५०,Chemistry,Chemistry
638,एक बीकर में ०.५ लीटर विलयन में ५६ ग्राम कास्टिक पोटाश घुला है। विलयन की सांद्रता कितनी है?,२,Chemistry,Chemistry
639,एक बीकर में ०.५ लीटर विलयन में ५६ ग्राम कास्टिक पोटाश घुला है। विलयन में १८.२५ ग्राम हाइड्रोक्लोरिक एसिड मिलाने पर कितनी मात्रा में कास्टिक पोटाश शेष रहेगा?,२८,Chemistry,Chemistry
640,एक बीकर में ०.५ लीटर विलयन में ५६ ग्राम कास्टिक पोटाश घुला है। अभिक्रिया में उत्पन्न लवण का भार कितना है?,३७.२५,Chemistry,Chemistry
641,सल्फ्यूरिक एसिड का २०० मिली का ०.५ मोलर विलयन बनाया गया। विलयन में १० ग्राम सोडियम हाइड्रॉक्साइड मिलाने पर कितने मोल लवण उत्पन्न होगा?,०.१०,Chemistry,Chemistry
642,सल्फ्यूरिक एसिड का २०० मिली का ०.५ मोलर विलयन बनाया गया। विलयन में १० ग्राम सोडियम हाइड्रॉक्साइड मिलाने पर कितनी मात्रा में सोडियम हाइड्रॉक्साइड विलयन में रह जाएगा?,२,Chemistry,Chemistry
643,५ ग्राम हाइड्रोजन गैस के साथ ३० ग्राम नाइट्रोजन गैस की अभिक्रिया कराई गई। उत्पाद का कुल भार कितना है?,२८.३३,Chemistry,Chemistry
644,५ ग्राम हाइड्रोजन गैस के साथ ३० ग्राम नाइट्रोजन गैस की अभिक्रिया कराई गई। कितनी मात्रा में नाइट्रोजन शेष रहेगी?,६.६६,Chemistry,Chemistry
645,५ ग्राम हाइड्रोजन गैस के साथ ३० ग्राम नाइट्रोजन गैस की अभिक्रिया कराई गई। कितने मोल नाइट्रोजन शेष रहेगी?,०.२३,Chemistry,Chemistry
646,नाइट्रोजन के ऑक्साइड में २१ ग्राम नाइट्रोजन और ३६ ग्राम ऑक्सीजन विद्यमान हैं। उक्त भार की नाइट्रोजन की ४ ग्राम हाइड्रोजन के साथ अभिक्रिया कराने पर अमोनिया उत्पन्न होती है। उक्त अभिक्रिया में कितने ग्राम अमोनिया उत्पन्न होती है?,२२.६६,Chemistry,Chemistry
647,२० ग्राम सल्फ्यूरिक एसिड और २० ग्राम सोडियम हाइड्रॉक्साइड १०० मिली विलयन में घुले हैं। उक्त अभिक्रिया में कितने ग्राम उत्पाद उत्पन्न होगा?,२८.९७,Chemistry,Chemistry
648,५ ग्राम कोक और ५ ग्राम ऑक्सीजन की अभिक्रिया कराकर कार्बन डाइऑक्साइड बनाई गई। अभिक्रिया के अंत में कितने ग्राम कोक शेष रहेगा?,३.१२,Chemistry,Chemistry
649,एक बंद बर्तन में १२ ग्राम हाइड्रोजन के साथ २८ ग्राम नाइट्रोजन मिलाई गई। मानक अवस्था में अभिक्रिया में उत्पन्न यौगिक का आयतन कितना है?,४४.८०,Chemistry,Chemistry
650,एक बंद बर्तन में १२ ग्राम हाइड्रोजन के साथ २८ ग्राम नाइट्रोजन मिलाई गई। बर्तन में कितने ग्राम हाइड्रोजन शेष रहती है?,६,Chemistry,Chemistry
651,एक बंद बर्तन में १२ ग्राम हाइड्रोजन के साथ २८ ग्राम नाइट्रोजन मिलाई गई। बर्तन में कितने ग्राम नाइट्रोजन शेष रहती है?,०,Chemistry,Chemistry
652,एक बंद बर्तन में १२ ग्राम हाइड्रोजन के साथ २८ ग्राम नाइट्रोजन मिलाई गई। उत्पन्न अमोनिया की मात्रा कितनी है?,३४,Chemistry,Chemistry
653,मानक तापमान और दाब पर ५.५ लीटर कार्बन डाइऑक्साइड गैस का भार कितना है?,१०.८०,Chemistry,Chemistry
654,२५० मिली ०.२ मोलर सोडियम क्लोराइड विलयन में कितने ग्राम सोडियम क्लोराइड है?,२.९२,Chemistry,Chemistry
655,७५० मिली में पोटैशियम कार्बोनेट का ०.१२५ मोलर विलयन बनाया गया। विलयन में कितने मोल पोटैशियम कार्बोनेट है?,०.०९,Chemistry,Chemistry
656,१००० मिली में पोटैशियम कार्बोनेट का ०.१२५ मोलर विलयन बनाया गया। विलयन में कितने ग्राम पोटैशियम कार्बोनेट है?,१७.२५,Chemistry,Chemistry
657,५०० मिली में पोटैशियम कार्बोनेट का ०.२ मोलर विलयन बनाया गया। विलयन में कितने ग्राम पोटैशियम कार्बोनेट है?,१३.८०,Chemistry,Chemistry
658,७५० मिली में पोटैशियम कार्बोनेट का ०.१२५ मोलर विलयन बनाया गया। विलयन में हाइड्रोक्लोरिक एसिड प्रवाहित करने पर कितने लीटर कार्बन डाइऑक्साइड उत्पन्न होगी?,२.१०,Chemistry,Chemistry
659,७५० मिली में पोटैशियम कार्बोनेट का ०.१२५ मोलर विलयन बनाया गया। विलयन में कितने ग्राम पोटैशियम कार्बोनेट है?,१२.९३,Chemistry,Chemistry
660,७५० मिली में पोटैशियम कार्बोनेट का ०.१२५ मोलर विलयन बनाया गया। विलयन में हाइड्रोक्लोरिक एसिड प्रवाहित करने पर कितने ग्राम कार्बन डाइऑक्साइड उत्पन्न होगी?,४.१२,Chemistry,Chemistry
661,१ ग्राम हाइड्रोजन और ८५ ग्राम क्लोरीन की अभिक्रिया से हाइड्रोक्लोरिक एसिड उत्पन्न हुआ। अधिकतम कितनी मात्रा में क्लोरीन हाइड्रोजन के साथ जुड़ेगी?,३५.५०,Chemistry,Chemistry
662,१ ग्राम हाइड्रोजन और ८५ ग्राम क्लोरीन की अभिक्रिया से हाइड्रोक्लोरिक एसिड उत्पन्न हुआ। अभिक्रिया के अंत में शेष क्लोरीन की मात्रा कितनी है?,४९.५०,Chemistry,Chemistry
663,५० ग्राम फ्लोरीन को ४ ग्राम हाइड्रोजन गैस के बीच प्रवाहित किया गया। अभिक्रिया में अभिक्रिया करने वाली हाइड्रोजन गैस का आयतन मानक अवस्था में कितने लीटर है?,२९.४५,Chemistry,Chemistry
664,५० ग्राम फ्लोरीन को ४ ग्राम हाइड्रोजन गैस के बीच प्रवाहित किया गया। अभिक्रिया में कितनी मात्रा में हाइड्रोजन फ्लोरीन के साथ अभिक्रिया करेगी?,२.६३,Chemistry,Chemistry
665,५० ग्राम फ्लोरीन को ४ ग्राम हाइड्रोजन गैस के बीच प्रवाहित किया गया। अभिक्रिया में कितनी मात्रा में फ्लोरीन शेष रहेगी?,०,Chemistry,Chemistry
666,४ ग्राम मैग्नीशियम ऑक्साइड बनाने के लिए २ ग्राम मैग्नीशियम और २ ग्राम ऑक्सीजन गैस उपयुक्त वातावरण में मिलाई गई। लेकिन अपेक्षित मात्रा में उत्पाद नहीं मिला। अभिक्रिया में कितने ग्राम ऑक्सीजन ने अभिक्रिया की है?,१.३३,Chemistry,Chemistry
667,५६ ग्राम कैल्शियम ऑक्साइड उत्पन्न करने के लिए कितने मोल ऑक्सीजन की आवश्यकता है?,०.५०,Chemistry,Chemistry
668,५६ ग्राम कैल्शियम ऑक्साइड उत्पन्न करने के लिए कितने मोल कैल्शियम की आवश्यकता है?,१,Chemistry,Chemistry
669,५६ ग्राम कैल्शियम ऑक्साइड उत्पन्न करने के लिए कितने ग्राम ऑक्सीजन की आवश्यकता है?,१६,Chemistry,Chemistry
670,११२ ग्राम कैल्शियम ऑक्साइड उत्पन्न करने के लिए कितने ग्राम कैल्शियम की आवश्यकता है?,८०,Chemistry,Chemistry
671,२२४ ग्राम कैल्शियम ऑक्साइड उत्पन्न करने के लिए कितने मोल ऑक्सीजन की आवश्यकता है?,२,Chemistry,Chemistry
672,१६८ ग्राम कैल्शियम ऑक्साइड उत्पन्न करने के लिए कितने मोल कैल्शियम की आवश्यकता है?,३,Chemistry,Chemistry
673,लिंकन के खिलौनों के बॉक्स में बाइनरी संख्या प्रणाली के प्रत्येक अंक का प्रतिनिधित्व करने वाले खिलौने हैं। लिंकन के पास भाई-बहनों के लिए ऐसे ६ और खिलौनों के बॉक्स हैं। उनके पास कितने खिलौने हैं?,१४,CS,CS
674,लिंकन के खिलौनों के बॉक्स में बाइनरी संख्या प्रणाली के प्रत्येक अंक का प्रतिनिधित्व करने वाले खिलौने हैं। लिंकन के पास भाई-बहनों के लिए ऐसे ५ और खिलौनों के बॉक्स हैं। उनके पास कितने खिलौने हैं?,१२,CS,CS
675,लिंकन के खिलौनों के बॉक्स में बाइनरी संख्या प्रणाली के प्रत्येक अंक का प्रतिनिधित्व करने वाले खिलौने हैं। लिंकन के पास भाई-बहनों के लिए ऐसे ११ और खिलौनों के बॉक्स हैं। उनके पास कितने खिलौने हैं?,२४,CS,CS
676,लिंकन के खिलौनों के बॉक्स में ऑक्टल संख्या प्रणाली के प्रत्येक अंक का प्रतिनिधित्व करने वाले खिलौने हैं। लिंकन के पास भाई-बहनों के लिए ऐसे ५ और खिलौनों के बॉक्स हैं। उनके पास कितने खिलौने हैं?,४८,CS,CS
677,लिंकन के खिलौनों के बॉक्स में ऑक्टल संख्या प्रणाली के प्रत्येक अंक का प्रतिनिधित्व करने वाले खिलौने हैं। लिंकन के पास भाई-बहनों के लिए ऐसे १० और खिलौनों के बॉक्स हैं। उनके पास कितने खिलौने हैं?,८८,CS,CS
678,लिंकन के खिलौनों के बॉक्स में ऑक्टल संख्या प्रणाली के प्रत्येक अंक का प्रतिनिधित्व करने वाले खिलौने हैं। लिंकन के पास भाई-बहनों के लिए ऐसे ७ और खिलौनों के बॉक्स हैं। उनके पास कितने खिलौने हैं?,६४,CS,CS
679,लिंकन के खिलौनों के बॉक्स में हेक्साडेसिमल संख्या प्रणाली के प्रत्येक अंक का प्रतिनिधित्व करने वाले खिलौने हैं। लिंकन के पास भाई-बहनों के लिए ऐसे ३ और खिलौनों के बॉक्स हैं। उनके पास कितने खिलौने हैं?,६४,CS,CS
680,लिंकन के खिलौनों के बॉक्स में हेक्साडेसिमल संख्या प्रणाली के प्रत्येक अंक का प्रतिनिधित्व करने वाले खिलौने हैं। लिंकन के पास भाई-बहनों के लिए ऐसे ५ और खिलौनों के बॉक्स हैं। उनके पास कितने खिलौने हैं?,९६,CS,CS
681,लिंकन के खिलौनों के बॉक्स में हेक्साडेसिमल संख्या प्रणाली के प्रत्येक अंक का प्रतिनिधित्व करने वाले खिलौने हैं। लिंकन के पास भाई-बहनों के लिए ऐसे ४ और खिलौनों के बॉक्स हैं। उनके पास कितने खिलौने हैं?,८०,CS,CS
682,मोहन ने कहा कि उसके पास ४५ (ऑक्टल में) केले थे लेकिन उसने करण को १० (डेसिमल में) दे दिए। हमारी संख्या प्रणाली में उसके पास और कितने केले रहेंगे?,२७,CS,CS
683,मोहन ने कहा कि उसके पास ४५ (ऑक्टल में) केले थे लेकिन उसने करण को ११ (बाइनरी में) दे दिए। हमारी संख्या प्रणाली में उसके पास और कितने केले रहेंगे?,३४,CS,CS
684,मोहन ने कहा कि उसके पास ६७ (ऑक्टल में) केले थे लेकिन उसने करण को १०१ (बाइनरी में) दे दिए। हमारी संख्या प्रणाली में उसके पास और कितने केले रहेंगे?,५०,CS,CS
685,मोहन ने कहा कि उसके पास ७७ (ऑक्टल में) केले थे लेकिन उसने करण को १००० (बाइनरी में) दे दिए। हमारी संख्या प्रणाली में उसके पास और कितने केले रहेंगे?,५५,CS,CS
686,मोहन ने कहा कि उसके पास ८५ (हेक्साडेसिमल में) केले थे लेकिन उसने करण को १० (डेसिमल में) दे दिए। हमारी संख्या प्रणाली में उसके पास और कितने केले रहेंगे?,१२३,CS,CS
687,राहुल ने कहा कि उसके पास ४५२ (हेक्साडेसिमल में) केले थे लेकिन उसने करण को ९ (हेक्साडेसिमल में) दे दिए। हेक्साडेसिमल संख्या प्रणाली में उसके पास और कितने केले रहेंगे?,४४९,CS,CS
688,राहुल ने कहा कि उसके पास ४५२ (हेक्साडेसिमल में) केले थे लेकिन उसने करण को १००० (ऑक्टल में) दे दिए। हमारी संख्या प्रणाली में उसके पास और कितने केले रहेंगे?,५९४,CS,CS
689,राहुल ने कहा कि उसके पास ७७ (हेक्साडेसिमल में) केले थे लेकिन उसने करण को १०००० (बाइनरी में) दे दिए। हमारी संख्या प्रणाली के अनुसार पहले उसके पास कितने केले थे?,११९,CS,CS
690,राहुल ने कहा कि उसके पास ७७ (हेक्साडेसिमल में) केले थे लेकिन उसने करण को १०००० (बाइनरी में) दे दिए। हमारी संख्या प्रणाली के अनुसार उसके पास और कितने केले रहेंगे?,१०३,CS,CS
691,राहुल ने कहा कि उसके पास ६७ (हेक्साडेसिमल में) केले थे। उसने करण से १०००० (बाइनरी में) केले और ले लिए। हमारी संख्या प्रणाली के अनुसार उसके पास कितने केले रहेंगे?,११९,CS,CS
692,पवन ने कहा कि उसके पास १००१० (बाइनरी में) केले थे। उसने करण से १०००० (बाइनरी में) केले और ले लिए। हमारी संख्या प्रणाली के अनुसार उसके पास कितने केले रहेंगे?,३४,CS,CS
693,पवन ने कहा कि उसके पास १००००० (बाइनरी में) केले थे। उसने १००० (बाइनरी में) लोगों के बीच केले बाँट दिए। हमारी संख्या प्रणाली के अनुसार प्रत्येक को कितने केले मिलेंगे?,४,CS,CS
694,पवन ने कहा कि उसके पास ११०१० (बाइनरी में) केले थे। उसने ११०१ (बाइनरी में) लोगों के बीच केले बाँट दिए। हमारी संख्या प्रणाली के अनुसार प्रत्येक को कितने केले मिलेंगे?,२,CS,CS
695,पवन ने कहा कि उसके पास १०० (हेक्साडेसिमल में) केले थे। उसने १० (हेक्साडेसिमल में) लोगों के बीच केले बाँट दिए। हमारी संख्या प्रणाली के अनुसार प्रत्येक को कितने केले मिलेंगे?,१६,CS,CS
696,हरीश ने कहा कि उसके पास ९८ (हेक्साडेसिमल में) केले थे। उसने २६ (हेक्साडेसिमल में) लोगों के बीच केले बाँट दिए। हमारी संख्या प्रणाली के अनुसार प्रत्येक को कितने केले मिलेंगे?,४,CS,CS
697,हरीश ने कहा कि उसके पास ९६ (हेक्साडेसिमल में) केले थे। उसने १७ (ऑक्टल में) लोगों के बीच केले बाँट दिए। हमारी संख्या प्रणाली के अनुसार प्रत्येक को कितने केले मिलेंगे?,१०,CS,CS
698,हरीश ने कहा कि उसके पास ४६ (हेक्साडेसिमल में) केले थे। उसने १२ (ऑक्टल में) लोगों के बीच केले बाँट दिए। बाइनरी संख्या प्रणाली के अनुसार प्रत्येक को कितने केले मिलेंगे?,१११,CS,CS
699,विभा की क्लास में २५ (ऑक्टल में) विद्यार्थी हैं। प्रत्येक के पास १५ (ऑक्टल में) किताबें हैं। हमारी संख्या प्रणाली के अनुसार उन सबके पास कुल कितनी किताबें हैं?,२७३,CS,CS
700,विभा की क्लास में ५० (ऑक्टल में) विद्यार्थी हैं। प्रत्येक के पास १० (हेक्साडेसिमल में) किताबें हैं। हमारी संख्या प्रणाली के अनुसार उन सबके पास कुल कितनी किताबें हैं?,६४०,CS,CS
701,विभा की क्लास में २५० (ऑक्टल में) विद्यार्थी हैं। प्रत्येक के पास ११ (हेक्साडेसिमल में) किताबें हैं। हमारी संख्या प्रणाली के अनुसार उन सबके पास कुल कितनी किताबें हैं?,२८५६,CS,CS
702,विभा की क्लास में १३ (ऑक्टल में) विद्यार्थी हैं। प्रत्येक के पास ५६ (हेक्साडेसिमल में) कलम हैं। डेसिमल संख्या प्रणाली के अनुसार उन सबके पास कुल कितनी कलम हैं?,९४६,CS,CS
703,कौशल की क्लास में १४५ (ऑक्टल में) विद्यार्थी हैं। प्रत्येक के पास १००१ (बाइनरी में) कलम हैं। उन सबके पास कुल कितनी (डेसिमल में) कलम हैं?,९०९,CS,CS
704,कौशल की क्लास में ११११० (बाइनरी में) विद्यार्थी हैं। प्रत्येक के पास ३१ (हेक्साडेसिमल में) कलम हैं। उन सबके पास कुल कितनी (डेसिमल में) कलम हैं?,१४७०,CS,CS
705,कौशल की क्लास में १०१११० (बाइनरी में) विद्यार्थी हैं। प्रत्येक के पास ८८ (हेक्साडेसिमल में) कलम हैं। उन सबके पास कुल कितनी (डेसिमल में) कलम हैं?,६२५६,CS,CS
