Q No.,Question,Answer,option1,option2
1,"एक पिकअप और एक वैन दोनों राजमार्ग पर ६० मील की गति से चल रही हैं। यदि पिकअप निकास (एग्ज़िट) की ओर मुड़ जाए और वैन जल्दी रुक जाए, तो कौन-सी गाड़ी कम दूरी तय करेगी?",Option 1,पिकअप,वैन
2,एक गोल्फ बॉल का द्रव्यमान ४० ग्राम और एक बेसबॉल का द्रव्यमान १५० ग्राम है। किस पर गुरुत्वाकर्षण बल अधिक है?,Option 2,गोल्फ बॉल,बेसबॉल
3,एक १० साल का लड़का और एक १५ साल का लड़का फुटबॉल फेंकते हैं। कौन-सा लड़का फुटबॉल को सबसे कम दूरी तक फेंकेगा?,Option 1,१० साल का लड़का,१५ साल का लड़का
4,पृथ्वी का सबसे तेज़ थल प्राणी चीता एक खरगोश के विरुद्ध १०० मीटर की दौड़ लगा रहा था। इस दौड़ में कौन जीतेगा?,Option 1,चीता,खरगोश
5,मिलो हमेशा जानता है कि एक टेबल कार्पेट की तुलना में कम घर्षण देती है। जब वह अपने आइस क्यूब को दोनों सतहों पर सरकाता है तो आइस क्यूब एक पर दूसरी की तुलना में अधिक पिघलता है। किस पर?,Option 1,कार्पेट,टेबल
6,जॉन १० इंच मोटी बर्फ और एक इंच मोटी बर्फ पर खड़ा है। किस बर्फ के टूटने की संभावना सबसे कम है?,Option 1,१० इंच मोटी बर्फ,१ इंच मोटी बर्फ
7,स्टैनली और काइल सड़क पर ४० मील की गति से अपनी गाड़ियाँ चला रहे हैं। स्टैनली अपने फोन का जवाब देने के लिए अपनी गाड़ी रोक देता है जबकि काइल गाड़ी चलाता रहता है। सबसे कम दूरी तक गाड़ी कौन चलाता है?,Option 1,स्टैनली,काइल
8,"एक फुटबॉल का वज़न ३०० ग्राम और सीसे के एक टुकड़े का वज़न ८०० ग्राम है। यदि दोनों को एक मैदान में फेंका जाए, तो किसकी गति जल्दी बढ़ेगी?",Option 2,सीसे का टुकड़ा,फुटबॉल
9,एक किताब में ४०० पृष्ठ हैं और दूसरी किताब में ३५० पृष्ठ हैं। कौन-सी किताब अधिक मोटी है?,Option 2,दूसरी,पहली
10,"एक मैमथ पानी के गड्ढे में से १८ किलोमीटर प्रति घंटे की गति से आगे बढ़ता है, लेकिन कठोर मिट्टी पर १८ मील प्रति घंटे की गति से चलता है क्योंकि कठोर मिट्टी थी?",Option 2,अधिक प्रतिरोधी,कम प्रतिरोधी
11,टीना और मीना दोनों राजमार्ग पर एक ही गति से चल रही हैं। टीना १२९ मिनट और मीना ३६ मिनट ४८ सेकंड गाड़ी चलाती है। टीना ने _______ गाड़ी चलाई।,Option 2,कम,अधिक
12,करण की नाव का प्रोपेलर समुद्र में २००० आरपीएम और नदी में ३००० आरपीएम की गति से चलता है। प्रोपेलर कहाँ कम गर्म हुआ?,Option 2,समुद्र में,नदी में
13,६७८०९० से ९८७६५० संख्या?,Option 2,छोटी है,बड़ी है
14,१२३४५६ से ९८७६५४ संख्या?,Option 2,छोटी है,बड़ी है
15,१२३४५६७८९ से ९८७६५४३२१ संख्या?,Option 1,बड़ी है,छोटी है
16,६७८०९० संख्या ९८७६५० संख्या से?,Option 2,बड़ी है,छोटी है
17,१२३४५६ संख्या ९८७६५४ संख्या से?,Option 2,बड़ी है,छोटी है
18,१२३४५६७८९ संख्या ९८७६५४३२१ संख्या से?,Option 1,छोटी है,बड़ी है
19,१२३४५६७८९० संख्या ९८७६५४३२१० संख्या से?,Option 1,छोटी है,बड़ी है
20,१२३४५६७८०९० संख्या ९८७६५४३२१ संख्या से?,Option 2,छोटी है,बड़ी है
21,९९९९९ से ११११११ संख्या?,Option 2,छोटी है,बड़ी है
22,८८८८८८ से १११११११ संख्या?,Option 1,बड़ी है,छोटी है
23,२२२२२२२ से ५५५५५५ संख्या?,Option 2,बड़ी है,छोटी है
24,६७८०९० से ९८७६५५ संख्या?,Option 2,छोटी है,बड़ी है
25,१२३४५६७८९० से ९८७६५४३२१० संख्या?,Option 1,बड़ी है,छोटी है
26,१२३४५६७८०९० से ९८७६५४३२१ संख्या?,Option 1,छोटी है,बड़ी है
27,तुम्हारे पास १०० सौ रुपये के नोट हैं। तुम्हारे पास कुल कितने रुपये हैं?,Option 2,१०००,१००००
28,तुम्हारे पास २३० मीटर लंबी १५ रस्सियाँ हैं। यदि तुम १५ रस्सियों को एक लाइन में रखो तो पूरी रस्सी लंबाई में कितने मीटर होगी?,Option 2,२३००,३४५०
29,पेड़ की डाल ६ इंच मोटी है जबकि फूल की डंडी ०.२५ इंच। इसलिए पेड़ की डाल थी?,Option 2,कमज़ोर,मज़बूत
30,आपको कौन-सा अधिक सुनाई देगा?,Option 2,एक हेलिकॉप्टर जो 154 फुट दूर उड़ रहा है,एक हेलिकॉप्टर जो ६२ मीटर दूर उड़ रहा है
31,मेरे घर से १०० फुट की दूरी से पुलिस का सायरन मेरे घर से १७५ फुट की दूरी पर चले जाने से सायरन की आवाज़?,Option 2,बढ़ गई,कम हो गई
32,बाल के एक टुकड़े का व्यास ०.०६ मि.मी. है जबकि एक रस्सी का व्यास ११ मि.मी. है। इसलिए बाल?,Option 2,मज़बूत है,कमज़ोर है
33,बाल के एक टुकड़े का व्यास ०.०४ मि.मी. है जबकि एक रस्सी का व्यास ९ मि.मी. है। इसलिए बाल?,Option 2,मज़बूत है,कमज़ोर है
34,मेरे घर से २०० फुट की दूरी से पुलिस का सायरन मेरे घर से १७५ फुट की दूरी पर चले जाने से सायरन की आवाज़?,Option 1,बढ़ गई,कम हो गई
35,√२ किस प्रकार की संख्या है?,Option 2,परिमेय,अपरिमेय
36,मोहल्ले के पुरस्कार वितरण समारोह के लिए पुरस्कार खरीदने हैं। हममें से कई लोग दुकान पर तरह-तरह के पुरस्कार खरीदने गए। एक ही दाम के ५ टिफिन बॉक्स खरीदने में १७५ रुपये लगे। बाद में मोहल्ले की दुकान से एक ही दाम के ४ टिफिन बॉक्स १४० रुपये में खरीदे। हिसाब करता हूँ कि मोहल्ले की दुकान ने एक ही दाम लिया या नहीं।,Option 1,एक ही दाम लिया,एक ही दाम नहीं लिया
37,रवि ने एक जैसे ६ प्याले १४४ रुपये में खरीदे। लेकिन लीला ने एक जैसे ४ प्याले दूसरी दुकान से ४४ रुपये में खरीदे। हिसाब करके देखते हैं कि दोनों दुकानों ने एक ही दाम लिया या नहीं।,Option 1,एक ही दाम नहीं लिया,एक ही दाम लिया
38,हमारे स्कूल से आरती और कमल के घर क्रमशः १ कि.मी. और ६०० मीटर दूर हैं। आज आरती और कमल घर से क्रमशः २० मिनट और १२ मिनट में स्कूल आए। देखते हैं कि क्या वे एक ही समय में स्कूल आए?,Option 1,एक ही समय में स्कूल आए,एक ही समय में स्कूल नहीं आए
39,मेरी सहेली प्रिया की ऊँचाई १६० से.मी. और उसकी माँ की ऊँचाई १७० से.मी. है। वहीं प्रिया का वज़न ४० किग्रा और उसकी माँ का वज़न ४२.५ किग्रा है। हिसाब करता हूँ कि उनकी ऊँचाई के साथ वज़न समानुपात में है या नहीं।,Option 2,समानुपात में नहीं है,समानुपात में है
40,मोहित एक दुकान से २० रुपये में ६ केले खरीद लाया। लेकिन राजू ने दूसरी दुकान से २ दर्जन केले ७२ रुपये में खरीदे। केले खरीदने में किसने अधिक रुपये दिए?,Option 2,राजू,मोहित
41,आज टिफिन में मैं केक ले गया था। मेरे दो दोस्तों आयुष और सपना ने मेरे केक का क्रमशः १/३ भाग और २/५ भाग खाया। केक का बाकी हिस्सा मैंने खाया। किसने अधिक केक खाया?,Option 1,सपना,आयुष
42,रतन बाबू ने अपनी २५ बीघा ज़मीन में से १६ बीघा ज़मीन पर जूट की खेती की है। लेकिन उषा देवी ने अपनी १५ बीघा ज़मीन में से ८ बीघा ज़मीन पर जूट की खेती की है। किसने अधिक भाग ज़मीन पर जूट की खेती की है?,Option 2,उषा देवी,रतन बाबू
43,अंजना ने स्कूल में हस्तकला दिखाकर ५० में से २५ नंबर पाए। लेकिन अनिल के स्कूल में अनिल ने हस्तकला में २५ में से १० नंबर पाए। हिसाब करते हैं कि किसने अधिक भाग नंबर पाए।,Option 1,अंजना,अनिल
44,"एक ही माप के दो गिलासों में एक ही मात्रा का शरबत बनाया गया। पहले गिलास के शरबत में १/५ भाग चीनी है, दूसरे गिलास के शरबत में २/७ भाग चीनी है। शरबत पीने से पहले ही देखते हैं कि किस गिलास का शरबत अधिक मीठा है।",Option 1,दूसरे गिलास का,पहले गिलास का
45,गणित की किताब में ४०० पृष्ठ हैं और हिंदी की किताब में ३५० पृष्ठ हैं। कौन-सी किताब अधिक मोटी है?,Option 2,हिंदी,गणित
46,दो बर्तनों में कुछ पानी है। एक में पानी के साथ सोडियम क्लोराइड और दूसरे में पानी के साथ सल्फ्यूरिक एसिड मिला हुआ है। यहाँ कौन-सा मिश्रित पानी पीना सुरक्षित है?,Option 2,सल्फ्यूरिक एसिड मिला पानी,सोडियम क्लोराइड वाला पानी
47,"एक ट्रेन कंडक्टर एक ट्रैक से मिट्टी पर पहियों का रास्ता बदलकर देखता है कि वह ५८ कि.मी./घंटा की गति से यात्रा कर रहा है, जबकि उतनी ही ऊर्जा से वह ३९ कि.मी./घंटा की गति से यात्रा कर रहा है। कौन-सा अधिक चिकना था?",Option 2,ट्रैक,मिट्टी
48,टीना और मीना दोनों राजमार्ग पर एक ही गति से चल रही हैं। टीना ३७ मिनट ५० सेकंड और मीना ३६ मिनट ४८ सेकंड गाड़ी चलाती है। किसने अधिक दूरी तक गाड़ी चलाई?,Option 1,टीना,मीना
49,"टीना अपने दो कुत्तों के बीच दौड़ करा रही है। इनमें से ग्रेहाउंड का वज़न ४० किलो है, और उसके रॉटवीलर का वज़न ३५ किलो है। कौन-सा कुत्ता अधिक तेज़ दौड़ता है?",Option 1,रॉटवीलर,ग्रेहाउंड
50,महेश और मीरा पार्क के चारों ओर अपनी बाइक चलाने का निर्णय लेते हैं। वे एक ही रास्ते पर चलते हैं लेकिन महेश १६ मील/घंटा की गति से अपनी बाइक चलाता है और मीरा ५ मील/घंटा की गति से चलाती है। दस मिनट बाद कौन कम दूरी तय करेगा?,Option 2,महेश,मीरा
51,एक टैंक का वज़न लगभग ६३ टन है। एक खिलौना गाड़ी का वज़न १.५ किलो है। इस कारण?,Option 2,टैंक खिलौना गाड़ी से जल्दी गति पकड़ेगा,खिलौना गाड़ी टैंक से जल्दी गति पकड़ेगी
52,"मैमथ पानी के गड्ढे में से २१ किमी प्रति घंटे की गति से चला, लेकिन कठोर मिट्टी पर १४ किमी प्रति घंटे की गति से चला क्योंकि कठोर मिट्टी थी?",Option 2,कम प्रतिरोधी,अधिक प्रतिरोधी
53,"मैमथ पानी के गड्ढे में से १८ किलोमीटर प्रति घंटे की गति से चला, लेकिन कठोर मिट्टी पर १८ मील प्रति घंटे की गति से चला क्योंकि कठोर मिट्टी थी?",Option 1,कम प्रतिरोधी,अधिक प्रतिरोधी
54,"सारा ने एक ही पावर की दो एक जैसी बत्तियाँ जलाने के लिए एक रिमोट कंट्रोल का उपयोग किया, एक ४ मीटर दूर थी और दूसरी ३० मीटर दूर। कौन-सी बत्ती अधिक चमकदार दिख रही थी?",Option 1,पास वाली बत्ती,दूर वाली बत्ती
55,एक सेडान का वज़न १५०० किलो है और एक कचरा ट्रक का वज़न ६९६३२ पाउंड है। ट्रैफिक लाइट पर बत्ती हरी होने पर दोनों गाड़ियों का वेग ५० मील प्रति घंटे तक पहुँचता है। कौन-सी गाड़ी प्रतियोगिता जीतेगी?,Option 1,सेडान,कचरा ट्रक
56,ब्यूटी क्वीन संगमरमर के फर्श पर १५ मीटर/सेकंड की गति से चली लेकिन लकड़ी के फर्श पर १००० सेमी/सेकंड की गति से चली क्योंकि वह था?,Option 1,अधिक प्रतिरोधी,कम प्रतिरोधी
57,मार्कस का बेटा पूल टेबल से पूल बॉल लेकर घर के चारों ओर खेलने चला गया। लड़के ने देखा कि पूल बॉल संगमरमर के फर्श पर १८० सेंटीमीटर और रेत पर २७ सेंटीमीटर की दूरी तय करती है। कौन-सी सतह अधिक चिकनी है?,Option 1,संगमरमर का फर्श,रेत
58,रेंजर और रसलर दोनों ऐसे घोड़ों पर सवार थे जो एक ही गति से दौड़ रहे थे। रसलर ०२:०० बजे निकला जबकि रेंजर ०१:०० बजे निकला। किसने अधिक यात्रा की?,Option 1,रेंजर,रसलर
59,एक ही अस्तबल से दो घोड़े निकल रहे हैं। सफेद घोड़ा धूसर घोड़े जितनी ही गति से जा रहा है। धूसर घोड़े ने १९ मिनट यात्रा की और सफेद घोड़े ने २८ मिनट यात्रा की। कौन-सा घोड़ा आगे निकल गया?,Option 1,सफेद घोड़ा,धूसर घोड़ा
60,"शेरी अपनी गेंद को दो लेनों में लुढ़काती है। गेंद १५ सेकंड में लाल लेन पार करती है, लेकिन २० सेकंड में हरी लेन पार करती है। दोनों लेन एक ही लंबाई की हैं। हरी लेन में गेंद धीमी हो जाती है क्योंकि उसमें?",Option 1,अधिक घर्षण है,कम घर्षण है
61,एक छोटा बच्चा घास पर १ मिनट से अधिक समय तक एक गेंद लुढ़काता है और फिर उसे रेत पर लुढ़काता है जहाँ वह ४३ सेकंड बाद रुक जाती है। रेत ने गेंद रोक दी क्योंकि उसमें घास से _____ है।,Option 1,अधिक घर्षण,कम घर्षण
62,माही का वज़न ६७८ न्यूटन है जबकि उसके दोस्त मूसा का वज़न ८५२ न्यूटन है। किसका द्रव्यमान अधिक होने की संभावना है?,Option 2,माही,मूसा
63,जिम एक ट्रक और एक कार दोनों का मालिक है। ट्रक का वज़न कार से ११७६ किलो कम है। गैस पैडल दबाने पर कौन-सी गाड़ी अधिक तेज़ी से त्वरित होगी?,Option 1,ट्रक,कार
64,एक रेस का घोड़ा और एक घोड़ा गाड़ी दोनों एक ही समय पर सैलून से निकलते हैं। घोड़ा गाड़ी ८ मीटर जा सकती है और रेस का घोड़ा उतने ही समय में १९ मीटर जा सकता है। अगले शहर में कौन बाद में पहुँचेगा?,Option 1,घोड़ा गाड़ी को अगले शहर पहुँचने में अधिक समय लगेगा,रेस के घोड़े को अगले शहर पहुँचने में अधिक समय लगेगा
65,एक बॉलिंग बॉल का द्रव्यमान १२० पाउंड और एक बेसबॉल का द्रव्यमान १३ पाउंड है। किसका गुरुत्वाकर्षण बल कमज़ोर है?,Option 1,बेसबॉल,बॉलिंग बॉल
66,एफ-१६ का वज़न आमतौर पर ९०३४ किलो होता है और जंबो जेट का वज़न ४३९९८७ किलो होता है। इसलिए एफ-१६ था?,Option 2,धीमी गति वाला,तेज़ गति वाला
67,"एक मुर्गी १४० सेमी/सेकंड की गति से दौड़ सकती है और एक टर्की ४ मी/सेकंड की गति से दौड़ सकता है। यदि दोनों अस्तबल से छप्पर की ओर दौड़ें, तो वहाँ कौन जल्दी पहुँचेगा?",Option 2,मुर्गी,टर्की
68,एक बच्चा एक गेंद लुढ़का रहा है। वह घास पर लगभग ५ सेकंड लुढ़ककर रुक जाती है। वह कंक्रीट से ढकी रेत पर लुढ़कती है जहाँ वह ०.३ घंटे बाद रुकती है। रेत ने गेंद रोक दी क्योंकि उसमें घास से _____ है?,Option 2,अधिक घर्षण,कम घर्षण
69,जॉन और स्टीवन ने एक प्रयोग करने का निर्णय लिया। उन्होंने ३० ग्राम वज़न की ईंट का एक टुकड़ा और ४०० ग्राम वज़न का कंकड़ों का गुच्छा अपनी खिड़की से गिरा दिया। जब उन्होंने नीचे देखा तो पाया कि कंकड़ों का बंडल ईंट से पहले ज़मीन पर पहुँच गया क्योंकि ईंट की तुलना में _____?,Option 1,उसका द्रव्यमान कम है,उसका द्रव्यमान अधिक है
70,जिम्बो जानता है कि उसके कंचे का द्रव्यमान ६ ग्राम और पत्थर का द्रव्यमान ४ ग्राम है। इसका मतलब?,Option 1,कंचे में अधिक गुरुत्वाकर्षण है,पत्थर में अधिक गुरुत्वाकर्षण है
71,केट की नाव का प्रोपेलर समुद्र में १३०० चक्कर की गति से और नदी में प्रति सेकंड १३० चक्कर की गति से चला। इसका मतलब प्रोपेलर कहाँ कम गर्म होता है?,Option 2,समुद्र,नदी
72,एक सेडान का वज़न २५०० किलो है और एक कचरा ट्रक का वज़न १००० किलो है। ट्रैफिक लाइट की बत्ती हरी होने पर दोनों गाड़ियों का वेग ५० मील प्रति घंटे तक पहुँचता है। कौन-सी गाड़ी रेस जीतेगी?,Option 2,सेडान,कचरा ट्रक
73,एलियट देखता है कि वह एक हैंडकार्ट को सीमेंट पर १९ मी/सेकंड और कार्पेट पर २३ मी/सेकंड की गति से धकेल सकता है। हैंडकार्ट कहाँ अधिक गर्मी उत्पन्न करेगा?,Option 2,कार्पेट पर,सीमेंट पर
74,"एक रेस कार और एक पिकअप दोनों एक ही गति से हाईवे पर चल रही थीं। रेस कार का चालक थक गया और २९ मिनट बाद पार्क कर दिया, जबकि पिकअप का चालक ४३ मिनट तक गाड़ी चलाता रहा। अंत में किस गाड़ी ने अधिक दूरी तय की?",Option 2,रेस कार,पिकअप
75,मार्सी अपनी पीली गेंद को अपने पक्के ड्राइववे पर लुढ़का रही है और गेंद १४ मीटर लुढ़की। फिर मार्सी पीली गेंद को कीचड़ भरे फुटपाथ पर लुढ़काती है और गेंद ०.२ मीटर के बाद लुढ़कना बंद कर देती है। कीचड़ भरे फुटपाथ पर गेंद रुक गई क्योंकि?,Option 1,अधिक घर्षण है,कम घर्षण है
76,मार्कस का बेटा पूल टेबल से पूल बॉल लेकर घर के चारों ओर खेलने चला गया। लड़के ने देखा कि पूल बॉल संगमरमर के फर्श पर ५ मीटर और शैग रग (रोएँदार कालीन) पर २ मीटर की दूरी तक लुढ़की। अधिक चिकनी सतह कौन-सी है?,Option 1,संगमरमर का फर्श,शैग रग
77,एक प्रशिक्षक ने प्रतिदिन अपने घोड़े को दौड़ते देखा। घोड़ा ६ सेकंड में अधिक गति पकड़ सका जब कोई उस पर सवार नहीं था और जब कोई उस पर सवार था तब उसे १२ सेकंड लगे। घोड़े का वज़न कम था जब?,Option 2,उस पर एक सवार था,जब कोई उस पर सवार नहीं था
78,"गाड़ी चलाते हुए, मेरी को पता चला कि जंगल का घर्षण गुणांक ०.८ है, जबकि सड़क का गुणांक ०.४ है। वह अपनी गाड़ी किस पर तेज़ चला सकती है?",Option 2,जंगल में,सड़क पर
79,"डग अपने घर से अपनी साइकिल पर दोस्त के घर जाता है और वह एक घंटे में ७ मीटर जा सकता है, और जब वह पैदल वही यात्रा करता है, तो वह एक घंटे में २ मील पार करता है। डग जल्दी अपने दोस्त के घर कैसे पहुँचेगा?",Option 1,पैदल,साइकिल से
80,लिसा दो मॉडल रॉकेटों से खेल रही थी। उसने एक ही समय पर दोनों रॉकेट आकाश में छोड़े तो ३० सेकंड बाद काला रॉकेट ज़मीन से २ मीटर ऊपर और लाल रॉकेट ज़मीन से २३ सेमी ऊपर था। किसकी गति अधिक थी?,Option 2,लाल वाले की,काले वाले की
81,महेश एक पत्थर के द्रव्यमान और एक कंकड़ के द्रव्यमान की तुलना कर रहा था। उसने पाया कि पत्थर का द्रव्यमान १२९ पाउंड और कंकड़ का द्रव्यमान १२ पाउंड था। किसमें प्रबल गुरुत्वाकर्षण है?,Option 1,पत्थर में,कंकड़ में
82,"शिलोह रेगमाल (सैंडपेपर) के एक टुकड़े पर एक गेंद लुढ़काता है और देखता है कि गेंद २ मीटर/सेकंड के वेग से लुढ़कती है, फिर शिलोह अपनी गेंद को काँच के एक टुकड़े पर लुढ़काता है और गेंद ५ मीटर/सेकंड के वेग से लुढ़कती है। गेंद तेज़ लुढ़की क्योंकि काँच के टुकड़े पर?",Option 2,अधिक घर्षण है,कम घर्षण है
83,लिंडा और मेलिंडा ने एक झील के आर-पार कयाक चलाने का निर्णय लिया। लिंडा ने ४ मिलीसेकंड में झील पार की और मेलिंडा ने ९८ मिलीसेकंड में। इनमें से कौन दूसरे जितनी तेज़ नहीं गई?,Option 2,लिंडा,मेलिंडा
84,"एमिली छत पर एक केला लुढ़काती है और वह ५ सेमी लुढ़कता है, लेकिन जब वह उसे पुरानी स्लाइड पर छोड़ती है, तो वह ११ मिमी लुढ़कता है। वह समझती है कि कम घर्षण कहाँ था?",Option 1,छत पर,स्लाइड पर
85,टिम की अँगूठी मैदान पर ४.५ सेंटीमीटर और उसके फर्श पर १.२ सेंटीमीटर लुढ़कती है। टिम का _____ अधिक चिकना है।,Option 2,फर्श,मैदान
86,जिम ६७ सेमी/सेकंड की गति से दौड़ सकता था और उसकी बहन जेन १२ सेमी/सेकंड की गति से दौड़ सकती थी। एक खतरनाक वायरस का फैलाव रोकने के लिए उन्हें अगले शहर में कुछ ज़रूरी वैक्सीन पहुँचानी थी। कम समय में वहाँ पहुँचने के लिए वैक्सीन लेकर किसे जाना चाहिए?,Option 1,जिम,जेन
87,जोश ने देखा कि अपनी भतीजी (वज़न ३९ पाउंड) को उठाना उसके बेटे (वज़न ३३ पाउंड) की तुलना में कठिन है। उसकी भतीजी पर _____ गुरुत्वाकर्षण खिंचाव है?,Option 1,अधिक,कम
88,एक गोल्फ बॉल का द्रव्यमान ५६ ग्राम और एक बेसबॉल का द्रव्यमान १८४ ग्राम है। किसका गुरुत्वीय बल कमज़ोर है?,Option 1,गोल्फ बॉल,बेसबॉल
89,एक सेडान का वज़न ३३५१ पाउंड है और एक कचरा ट्रक का वज़न ६४००० पाउंड है। ट्रैफिक लाइट पर बत्ती हरी होने पर दोनों गाड़ियों का वेग ५० मील प्रति घंटे तक पहुँचता है। कौन-सी गाड़ी रेस जीतेगी?,Option 1,सेडान,कचरा ट्रक
90,टैंक की अधिकतम गति ५ मी/से और फाइटर जेट की अधिकतम गति ५० मी/से है। मान लीजिए दोनों को एक निश्चित दूरी पार करनी थी?,Option 1,टैंक को वह यात्रा करने में जेट से अधिक समय लगेगा,टैंक को वह यात्रा करने में जेट से कम समय लगेगा
91,एक रोबोट ७ मिनट में टाइलें और १०० सेकंड में प्लश कार्पेट साफ करता है क्योंकि उसमें है?,Option 1,अधिक घर्षण,कम घर्षण
92,"एक मुर्गी १४ मीटर/सेकंड की गति से दौड़ सकती है और एक टर्की ४ मी/सेकंड की गति से दौड़ सकता है। यदि दोनों अस्तबल से छप्पर की ओर दौड़ें, तो वहाँ कौन जल्दी पहुँचेगा?",Option 1,मुर्गी,टर्की
93,एक ही अस्तबल से दो घोड़े निकल रहे हैं। सफेद घोड़ा धूसर घोड़े जितनी ही गति से जा रहा है। धूसर घोड़े ने ९ मिनट यात्रा की और सफेद घोड़े ने ५ मिनट यात्रा की। कौन-सा घोड़ा आगे निकल गया?,Option 2,सफेद घोड़ा,धूसर घोड़ा
94,जोश ने देखा कि अपनी भतीजी (वज़न ४५ पाउंड) को उठाना उसके बेटे (वज़न ६० पाउंड) की तुलना में कठिन है। उसकी भतीजी पर _____ गुरुत्वाकर्षण खिंचाव है?,Option 2,अधिक,कम
95,"टेड पार्क में अपनी बाइक चला रहा था। जब वह सीमेंट के रास्ते पर था, तब वह ५० सेकंड में पार्क का चक्कर लगा सका और घास पर उसे ४ मिनट लगे। बाइक कहाँ अधिक गर्म होगी?",Option 2,सीमेंट के रास्ते पर,घास पर
96,"सारा ने एक ही पावर की दो एक जैसी बत्तियाँ जलाने के लिए एक रिमोट कंट्रोल का उपयोग किया, पहली १६ मीटर दूर थी और दूसरी १२ मीटर दूर। कौन-सी बत्ती अधिक चमकदार दिख रही थी?",Option 1,दूसरी,पहली
97,"सारा ने एक ही पावर की दो एक जैसी बत्तियाँ जलाने के लिए एक रिमोट कंट्रोल का उपयोग किया, पहली ३ मीटर दूर थी और दूसरी १२० सेमी दूर। कौन-सी बत्ती अधिक चमकदार दिख रही थी?",Option 2,पहली,दूसरी
98,"एक वॉलीबॉल खिलाड़ी ने जिम के फर्श पर ४० मीटर की छलांग लगाई, लेकिन समुद्र किनारे रेत पर २२ मीटर की छलांग लगाई। क्योंकि वह थी?",Option 1,अधिक प्रतिरोधी,कम प्रतिरोधी
99,"टेड पार्क में अपनी बाइक चला रहा था। जब वह सीमेंट के रास्ते पर था, तब वह ३५ मिनट में पार्क का चक्कर लगा सका और घास पर उसे ४८ मिनट लगे। बाइक कब अधिक गर्म होगी?",Option 2,सीमेंट के रास्ते पर,घास पर
100,"एक वॉलीबॉल खिलाड़ी ने जिम के फर्श पर १.२ मीटर की छलांग लगाई, लेकिन समुद्र किनारे रेत पर ४ मीटर की छलांग लगाई। क्योंकि वह थी?",Option 1,अधिक प्रतिरोधी,कम प्रतिरोधी
101,टीना और मीना दोनों हाईवे पर एक ही गति से जा रही हैं। टीना १२९ मिनट और मीना ३६ मिनट ४८ सेकंड ड्राइव करती है। कौन अधिक दूर ड्राइव करती है?,Option 2,मीना,टीना
102,एक बिलियर्ड बॉल का द्रव्यमान ६ औंस और बास्केटबॉल का द्रव्यमान ०.५ औंस है। किस गेंद का गुरुत्वाकर्षण क्षेत्र अधिक है?,Option 1,बिलियर्ड बॉल,बास्केटबॉल
103,"एक कैपिबारा २००० सेमी/सेकंड की गति से चलता है और एक एंटईटर १ मी/सेकंड की गति से चलता है। यदि दोनों प्राणी एक ही यात्रा करें, तो कौन वहाँ जल्दी पहुँचेगा?",Option 1,कैपिबारा,एंटईटर
104,महेश एक लालटेन से ६ मीटर और स्ट्रीट लाइट से २३ मीटर दूर खड़ा है। कौन-सा प्रकाश स्रोत उसे अधिक चमकदार लगता है?,Option 1,लालटेन,स्ट्रीट लाइट
105,जिम ४६ मीटर/सेकंड की गति से दौड़ सकता था और उसकी बहन जेन ५२ मी/सेकंड की गति से दौड़ सकती थी। एक खतरनाक वायरस का फैलाव रोकने के लिए उन्हें अगले शहर में कुछ ज़रूरी वैक्सीन पहुँचानी थी। कम समय में वहाँ पहुँचने के लिए वैक्सीन लेकर किसे जाना चाहिए?,Option 2,जिम,जेन
106,"एक मुर्गी १४ सेमी/सेकंड की गति से दौड़ सकती है और एक टर्की ४ सेमी/सेकंड की गति से दौड़ सकता है। यदि दोनों अस्तबल से छप्पर की ओर दौड़ें, तो वहाँ कौन जल्दी पहुँचेगा?",Option 1,मुर्गी,टर्की
107,केट की नाव का प्रोपेलर समुद्र में ७६५६ आरपीएम और नदी में १४३६ आरपीएम की गति से चला। इसका मतलब प्रोपेलर कहाँ अधिक गर्म होता है?,Option 1,समुद्र में,नदी में
108,"टेरी अपनी साइकिल यात्रा पर ले जाता है, पहले घास के मैदान में से १७ मीटर/सेकंड की गति से, फिर पक्की सड़क पर ४८ मीटर/सेकंड की गति से। पक्की सड़क थी?",Option 2,अधिक प्रतिरोधी,कम प्रतिरोधी
109,जिम रायट सर्वर से १० मील दूर रहता है। रजनी रायट सर्वर से २००० मील दूर रहती है। दोनों की इंटरनेट स्पीड एक ही है। किसका पिंग अधिक होगा?,Option 2,जिम,रजनी
110,रोज़ स्कीइंग कर रही है। वह एक कीचड़ भरी पहाड़ी से नीचे और फिर एक बर्फीली पहाड़ी से नीचे स्की करती है। रोज़ ने देखा कि वह ०.५३ घंटे में बर्फीली पहाड़ी से और ४८ मिनट में कीचड़ भरी पहाड़ी से उतरी और दोनों पहाड़ियाँ लगभग एक ही आकार की हैं। शायद उस पहाड़ी पर कीचड़ था इसलिए?,Option 1,अधिक घर्षण था,कम घर्षण था
111,"बिल ३०० ग्राम द्रव्यमान का एक छोटा पत्थर और ४०० ग्राम द्रव्यमान का एक कंकड़ फेंकता है। कंकड़ पत्थर से तेज़ गिरता है, इसका मतलब?",Option 1,उसका वज़न अधिक है,उसका वज़न कम है
112,जिम ४६ सेमी/सेकंड की गति से दौड़ सकता था और उसकी बहन जेन २० मी/सेकंड की गति से दौड़ सकती थी। एक खतरनाक वायरस का फैलाव रोकने के लिए उन्हें अगले शहर में कुछ ज़रूरी वैक्सीन पहुँचानी थी। कम समय में वहाँ पहुँचने के लिए वैक्सीन लेकर किसे जाना चाहिए?,Option 2,जिम,जेन
113,एक पक्षी १ सेकंड में ४३ मीटर और एक कीड़ा १ सेकंड में ७.२ मीटर जा सकता है। यदि दोनों प्राणी एक ही यात्रा करें तो कौन जल्दी पहुँचेगा?,Option 2,कीड़ा,पक्षी
114,"एक स्लेज एक छत पर २२.९६५९ गज़ और ठंडी ज़मीन पर १५ मीटर सरकी, दोनों सतहों पर एक ही गति से शुरू होकर। इसका मतलब _____ अधिक खुरदरी है?",Option 2,छत,ठंडी ज़मीन
115,एक छोटे लड़के ने हॉलवे में अपनी दो रबर की गेंदें लुढ़काईं। लाल गेंद ७० सेकंड बाद रुकी। नीली गेंद २ मिनट ३४ सेकंड बाद रुकी। कौन-सी अधिक दूर गई?,Option 2,लाल गेंद,नीली गेंद
116,"एमिली छत पर एक केला फेंकती है और वह १०० मिमी फिसलता है, लेकिन जब वह उसे स्लाइड पर फेंकती है, तो वह २११ मिमी फिसलता है। कम घर्षण कहाँ था?",Option 2,छत पर,स्लाइड पर
117,यदि एक स्केटर एक मैदान में २३ मी/से की गति से और एक स्केट पार्क में १७ मी/से की गति से चलता है तो इसका मतलब है कि _____ अधिक चिकना है?,Option 2,स्केट पार्क,मैदान
118,जिम्बो जानता है कि उसके कंचे का द्रव्यमान १२ ग्राम और पत्थर का द्रव्यमान ९ ग्राम है। इसका मतलब?,Option 1,कंचे का गुरुत्वाकर्षण अधिक है,पत्थर का गुरुत्वाकर्षण अधिक है
119,महेश का सिक्का उसकी सिरेमिक प्लेट पर २ सेमी/मिनट की गति से और कागज़ की प्लेट पर १ सेमी/मिनट की गति से घूमता प्रतीत होता है। इसका मतलब उसका सिक्का कहाँ अधिक गर्म हो जाता है?,Option 1,कागज़ की प्लेट,सिरेमिक प्लेट
120,मछली पानी में से ४ मील प्रति घंटे और जेली में से १ मील प्रति घंटे की गति से गुज़रती है क्योंकि _____ अधिक चिकना है।,Option 2,जेली,पानी
121,टिम की अँगूठी मैदान पर १.६ सेमी और उसके फर्श पर ४.९ सेमी लुढ़कती है। टिम का _____ अधिक चिकना है?,Option 1,फर्श,मैदान
122,यदि एक ट्रेन ५० मील प्रति घंटे और एक बाइक २० मील प्रति घंटे की गति से चले तो बाइक जाएगी?,Option 2,अधिक दूरी,कम दूरी
123,मेरी के पास एक बिल्ली है जिसके साथ वह खेलना पसंद करती है। कभी-कभी वह बिल्ली के खिलौने को फर्श पर खींचती है ताकि बिल्ली उसका पीछा कर सके। जब वह बिल्ली के खिलौने को खेल के कमरे के फर्श पर खींचती है तो वह ४ मीटर दूर जाता है। जब वह उसे रम्पस रूम के फर्श पर खींचती है तो वह २० सेमी खिसकता है। इसका मतलब _____ अधिक चिकना है?,Option 1,खेल के कमरे का फर्श,रम्पस रूम का फर्श
124,शेप और क्रिस एक ही सड़क पर गाड़ी चला रहे हैं और एक ही गति से जा रहे हैं। लेकिन शेप ३६ मिनट से गाड़ी चला रहा है और क्रिस २८ मिनट से गाड़ी चला रहा है। फलस्वरूप?,Option 1,शेप ने क्रिस से अधिक यात्रा की है,शेप ने क्रिस से कम यात्रा की है
125,कार्यस्थल तक गाड़ी से जाने में २ घंटे और बस से जाने में ४ घंटे लगते हैं। कौन-सी गाड़ी अधिक गति से चलती है?,Option 2,बस,कार
126,बिली और जिमी एक दिन दौड़कर घर लौटने का निर्णय लेते हैं। जिमी १०० मिनट में घर पहुँचा और बिली ने १ घंटा लिया। तो क्या जिमी है?,Option 1,धीमा,तेज़
127,"यदि एक कार और एक पिकअप दोनों ६० मील की गति से यात्रा करें, लेकिन कार १.३ घंटे बाद रुक जाए जबकि पिकअप १८६ मिनट बाद रुके, तो किसने कम दूरी तय की?",Option 1,कार,पिकअप
128,मार्क ने देखा कि वह अपने लॉन डार्ट को औसतन लगभग ८ मीटर दूर नरम मिट्टी में और ५ मीटर दूर रेत में फेंक सकता है। इसका मतलब है कि _____ अधिक चिकनी है?,Option 1,नरम मिट्टी,जमी हुई रेत
129,मेरी के पास एक बिल्ली है जिसके साथ वह खेलना पसंद करती है। कभी-कभी वह बिल्ली के खिलौने को फर्श पर खींचती है ताकि बिल्ली उसका पीछा कर सके। जब वह बिल्ली के खिलौने को खेल के कमरे के फर्श पर खींचती है तो वह ६.५ सेंटीमीटर की दूरी तक जाता है। जब वह उसे रम्पस रूम के फर्श पर खींचती है तो वह ९.१ सेमी जाता है। इसका मतलब _____ अधिक चिकना है?,Option 2,खेल के कमरे का फर्श,रम्पस रूम का फर्श
130,रॉड अपने कुत्ते की ओर एक गेंद लुढ़का रहा था। वह सीमेंट पर १५.६५ गज़ की दूरी तक और घास पर १३ मीटर की दूरी तक गेंद लुढ़का सका। तो क्या सीमेंट है?,Option 2,खुरदरा,चिकना
131,"दो कागज़ के विमान एक साथ हवा में फेंके जाते हैं। एक मोटे कार्डबोर्ड से बना है और उसका वज़न २०० ग्राम है, एक पतले कागज़ से बना है और वज़न ४० ग्राम है। कौन-सा विमान तेज़ उड़ता है?",Option 2,कार्डबोर्ड का विमान,कागज़ का विमान
132,माही का वज़न ४८० किग्रा*मी*से^-२ है जबकि उसके दोस्त मूसा का वज़न ६५० N है। किसका द्रव्यमान कम होने की संभावना है?,Option 1,माही,मूसा
133,जिम एक ट्रक और एक कार दोनों का मालिक है। ट्रक का वज़न कार से १३०२५ किलो अधिक है। गैस पैडल दबाने पर कौन-सी गाड़ी अधिक तेज़ी से त्वरित होगी?,Option 2,ट्रक,कार
134,महेश और मीरा पार्क के चारों ओर अपनी बाइक चलाने का निर्णय लेते हैं। वे एक ही रास्ते पर चलते हैं लेकिन महेश ४.५ मी/सेकंड की गति से अपनी बाइक चलाता है और मीरा ३.४ मी/सेकंड की गति से चलाती है। दस मिनट बाद कौन अधिक दूरी तय करेगा?,Option 1,महेश,मीरा
135,एक ही अस्तबल से दो घोड़े निकल रहे हैं। सफेद घोड़ा धूसर घोड़े जितनी ही गति से जा रहा है। धूसर घोड़े ने १ घंटा और सफेद घोड़े ने ५४ मिनट यात्रा की। कौन-सा घोड़ा अधिक दूर गया?,Option 2,सफेद घोड़ा,धूसर घोड़ा
136,जैस्पर अपने भांजे को पार्क ले जा रहा है। उसकी भांजी पाँच साल बड़ी है और उसका वज़न ३० किलो है जबकि उसके भांजे का वज़न २० किलो है। किस पर गुरुत्वाकर्षण बल अधिक होगा?,Option 1,भांजी पर,भांजे पर
137,यदि एक स्केटर एक मैदान में ३४ मीटर/सेकंड और एक स्केट पार्क में २२ मीटर/सेकंड की गति से चलता है तो इसका मतलब है कि _____ अधिक खुरदरा है?,Option 1,स्केट पार्क,मैदान
138,एक रोबोट १० सेकंड में टाइलें और १४ सेकंड में प्लश कार्पेट साफ करता है क्योंकि उसमें घर्षण है?,Option 2,अधिक,कम
139,"एक बिल्ली और एक कुत्ता दोनों ५ मील की गति से दौड़ते हैं। यदि बिल्ली २७ मिनट और कुत्ता १४ मिनट दौड़े, तो कौन अधिक दूरी तय करेगा?",Option 1,बिल्ली,कुत्ता
140,"गाड़ी चलाते हुए, मेरी को पता चला कि जंगल का घर्षण गुणांक ०.७ है, जबकि मैदान का गुणांक १.२ का १०% है। उसकी गाड़ी कहाँ तेज़ चली?",Option 2,जंगल में,मैदान में
141,एक ही अस्तबल से दो घोड़े निकल रहे हैं। सफेद घोड़ा धूसर घोड़े जितनी ही गति से जा रहा है। धूसर घोड़े ने १ घंटा ३० मिनट यात्रा की और सफेद घोड़े ने ३ घंटे ४८ मिनट यात्रा की। कौन-सा घोड़ा अधिक दूर गया?,Option 1,सफेद घोड़ा,धूसर घोड़ा
142,एक रेस का घोड़ा और एक घोड़ा गाड़ी दोनों एक ही समय पर सैलून से निकलते हैं। घोड़ा गाड़ी की गति २१ मी/से और रेस के घोड़े की गति ३४ मी/से है। अगले शहर में कौन बाद में पहुँचेगा?,Option 1,घोड़ा गाड़ी को अगले शहर पहुँचने में अधिक समय लगेगा,रेस के घोड़े को अगले शहर पहुँचने में अधिक समय लगेगा
143,टॉमी अपने बड़े भाई को पूल की ओर ले गया। टॉमी १७ मी/सेकंड की गति से डाइव कर सकता है और उसका भाई ३९ मी/सेकंड की गति से डाइव कर सकता है। कौन पहले डाइव पूरी करेगा?,Option 2,टॉमी,उसका भाई
144,घोड़ा डर्बी ट्रैक पर ३ मी/सेकंड की गति से और जंगल में २४५ सेमी/सेकंड की गति से चलता है क्योंकि जंगल में है?,Option 1,अधिक बाधा,कम बाधा
145,मछली पानी में से १३ मीटर/सेकंड और जेली में से ६ मीटर/सेकंड की गति से गुज़रती है क्योंकि _____ अधिक चिकना है?,Option 2,जेली,पानी
146,यदि एक स्केटर सड़क पर २७ मी/से की गति से और एक स्केट पार्क में २९ मी/से की गति से चलता है तो इसका मतलब है कि _____ कम चिकना है?,Option 2,स्केट पार्क,सड़क
147,"जॉन और स्टीवन ने एक प्रयोग करने का निर्णय लिया। उन्होंने ८०० ग्राम वज़न की एक ईंट और ४ ग्राम वज़न का एक कंकड़ खिड़की से गिरा दिया। जब उन्होंने नीचे देखा तो पाया कि कंकड़ ईंट के बाद ज़मीन पर पहुँचा, इसका कारण क्या है?",Option 1,कंकड़ का द्रव्यमान कम है,ईंट का द्रव्यमान कम है
148,"एक चीता ४५ मीटर/घंटा की गति से दौड़ता है और कुत्ता २ किमी/घंटा की गति से दौड़ता है, तो कुत्ते को कैसा समय लगेगा?",Option 1,कम समय,अधिक समय
149,"टेड पार्क में अपनी बाइक चला रहा था। जब वह सीमेंट के रास्ते पर था, तब वह २८ मिनट में पार्क का चक्कर लगा सका और घास पर उसे १७ मिनट लगे। बाइक कहाँ अधिक गर्म होगी?",Option 1,सीमेंट के रास्ते पर,घास पर
150,बिली और जिमी एक दिन दौड़कर घर लौटने का निर्णय लेते हैं। जिमी २० मिनट में घर पहुँचता है और बिली ८२ मिनट लेता है। कौन अधिक धीमा है?,Option 2,जिमी,बिली
151,एक छोटे लड़के ने हॉलवे में अपनी दो रबर की गेंदें लुढ़काईं। लाल गेंद १ मिनट बाद रुकी। नीली गेंद ५७ सेकंड बाद रुकी। कौन-सी सबसे दूर लुढ़की?,Option 1,लाल गेंद,नीली गेंद
152,"मछली पानी में से १२ मी/सेकंड की गति से और जेली में से ६०० सेमी/सेकंड की गति से गुज़रती है, तो कौन-सा अधिक चिकना है?",Option 2,जेली,पानी
153,"बॉब स्ट्रीट लाइट से २९० सेमी दूर था। वह थोड़ा हट गया और अब वह १५ मीटर दूर है, उसने देखा कि बत्ती _____ दिख रही है?",Option 2,चमकदार,धुँधली
154,जिम १ इंच चौड़ाई का एक मोटा कवच पहनता है। जैक केवल ३ सेंटीमीटर की एक सूती शर्ट पहनता है। कौन-सा एक गोली रोकेगा?,Option 1,कवच,शर्ट
155,डिलन एक कंकड़ (जिसका द्रव्यमान ०.२ किग्रा है) और बास्केटबॉल (जिसका द्रव्यमान १ किग्रा है) खिड़की से बाहर फेंकता है। _____ पर अधिक शक्तिशाली गुरुत्वाकर्षण खिंचाव था क्योंकि उसका द्रव्यमान अधिक है?,Option 2,कंकड़,बास्केटबॉल
156,लिसा दो मॉडल रॉकेटों से खेल रही थी। उसने एक ही समय पर दोनों रॉकेट आकाश में छोड़े तो ३० सेकंड बाद काला रॉकेट ज़मीन से ३० मीटर ऊपर और लाल रॉकेट ज़मीन से १८ मीटर ऊपर था। किसकी गति अधिक थी?,Option 2,लाल वाले की,काले वाले की
157,टीना अपने दो कुत्तों की दौड़ करा रही है। ग्रेहाउंड का वज़न ८४ पाउंड और रॉटवीलर का वज़न १२८ पाउंड है। कौन अधिक तेज़ जा सकेगा?,Option 2,रॉटवीलर,ग्रेहाउंड
158,टीना और मीना दोनों हाईवे पर एक ही गति से जा रही हैं। टीना १२ मिनट ५६ सेकंड और मीना ३६ मिनट ४८ सेकंड ड्राइव करती है। कौन अधिक दूर जाएगी?,Option 2,टीना,मीना
159,बॉब ने यूएसपीएस के माध्यम से एक पैकेज और यूपीएस के माध्यम से एक पैकेज भेजा। जो पैकेज उसने यूपीएस के माध्यम से भेजा वह ४ दिनों में पहुँचा और यूएसपीएस के माध्यम से २ सप्ताह में पहुँचा। कौन-सी पार्सल सेवा धीमी थी?,Option 1,यूएसपीएस धीमी थी,यूपीएस धीमी थी
160,"जेड अपने दोस्त टाइलर के विरुद्ध एक रेस जीतने की कोशिश कर रहा है। जेड २६० पाउंड का है, और टाइलर ६५ किलो का है। दौड़ के समय, कौन जल्दी गति बढ़ाएगा?",Option 2,जेड,टाइलर
161,एक कुत्ते को मोहल्ले में घूमना पसंद था। मंगलवार को कुत्ता १ घंटा ४५ मिनट के लिए सड़क पर निकला और बुधवार को कुत्ता सड़क पर निकला लेकिन ३० मिनट बाद रुक गया। कुत्ता किस दिन सड़क पर अधिक दूर चला?,Option 1,मंगलवार को,बुधवार को
162,एक शहर के फायर चीफ ने देखा कि उसका फायर इंजन भीड़ भरी सड़क पर १३ किमी प्रति घंटे और खुली सड़क पर २८ किमी प्रति घंटे की गति से चल सकता है। उसने इस जानकारी का उपयोग करके पता लगाया कि _____ अधिक चिकनी है?,Option 2,भीड़ भरी सड़क,खुली सड़क
163,"एक रेस कार और एक पिकअप दोनों एक ही गति से हाईवे पर चल रही थीं। रेस कार का चालक थक गया और १५ मिनट बाद पार्क कर दिया, जबकि पिकअप का चालक १५ मिनट और चलाता रहा। अंत में किस वाहन ने अधिक दूरी तय की?",Option 2,रेस कार,पिकअप
164,"महेश के ट्रक की औसत गति २३ मी/से और उसकी कार की गति ३८ मी/से है। यदि वह फ्रीवे पर एक घंटे तक दोनों चलाए, तो कौन कम दूरी तय करेगा?",Option 1,ट्रक,कार
165,महेश और मीरा पार्क के चारों ओर अपनी बाइक चलाने का निर्णय लेते हैं। वे एक ही रास्ते पर चलते हैं लेकिन महेश २१ मील/घंटा की गति से अपनी बाइक चलाता है और मीरा १४ मील/घंटा की गति से चलाती है। दस मिनट बाद कौन कम दूरी तय करेगा?,Option 2,महेश,मीरा
166,"एक चीता ४५ किमी/घंटा की गति से दौड़ता है और कुत्ता २ किमी/घंटा की गति से दौड़ता है, तो चीते को कैसा समय लगेगा?",Option 1,कम समय,अधिक समय
167,टॉमी अपने बड़े भाई को पूल की ओर ले गया। टॉमी ४९ मीटर/सेकंड की गति से डाइव कर सकता है और उसका भाई २५ मीटर/सेकंड की गति से डाइव कर सकता है। कौन पहले डाइव पूरी करेगा?,Option 1,टॉमी,उसका भाई
168,"एक बिल्ली और एक कुत्ता दोनों ५ मील की गति से दौड़ते हैं। यदि बिल्ली २ मिनट और कुत्ता ४५ सेकंड दौड़े, तो कौन अधिक दूरी तय करेगा?",Option 1,बिल्ली,कुत्ता
169,एक कुत्ते को मोहल्ले में घूमना पसंद था। मंगलवार को कुत्ता ४५ मिनट के लिए सड़क पर निकला और बुधवार को कुत्ता सड़क पर निकला लेकिन १ घंटा ३० मिनट बाद रुका। कुत्ता किस दिन सड़क पर अधिक दूर चला?,Option 2,मंगलवार को,बुधवार को
170,लिंडा और मेलिंडा ने एक झील के आर-पार कयाक चलाने का निर्णय लिया। लिंडा ने ४ सेकंड में झील पार की और मेलिंडा ने १५ सेकंड में। इनमें से कौन दूसरे जितनी तेज़ नहीं गई?,Option 2,लिंडा,मेलिंडा
171,टॉमी अपने बड़े भाई को पूल की ओर ले गया। टॉमी ४ मी/सेकंड की गति से डाइव कर सकता है और उसका भाई १० मी/सेकंड की गति से डाइव कर सकता है। कौन पहले डाइव पूरी करेगा?,Option 2,टॉमी,भाई
172,केट की नाव का प्रोपेलर समुद्र में ३४०० आरपीएम और नदी में ६७०० आरपीएम की गति से चला। इसका मतलब प्रोपेलर कहाँ अधिक गर्म होता है?,Option 2,समुद्र,नदी
173,"जो रात में शहर लौट रहा है। १४ किमी दूर से जो शहर के पास २.५ किमी की दूरी पर पहुँचे, तो उसे शहर की बत्तियाँ और _____ लगेंगी।",Option 2,धुँधली,चमकदार
174,मैं एक गाड़ी में ३९ सेमी/सेकंड की गति से और साइकिल पर २ मी/सेकंड की गति से यात्रा कर सकता हूँ। कौन-सा धीमा है?,Option 2,साइकिल,गाड़ी
175,"तालाब में कछुए की तैरने की गति २ मी/से है, जबकि समुद्र में ५१ सेमी/से है क्योंकि _____ अधिक चिकना है।",Option 1,तालाब,महासागर
176,जिम्बो जानता है कि उसके कंचे का द्रव्यमान ६ ग्राम और पत्थर का द्रव्यमान १४ ग्राम है। इसका मतलब?,Option 2,कंचे की गुरुत्वाकर्षण शक्ति अधिक है,पत्थर की गुरुत्वाकर्षण शक्ति अधिक है
177,यदि एक ट्रेन ०.४ किमी प्रति घंटे और एक बाइक ०.१२ किमी प्रति घंटे की गति से चले तो बाइक जाएगी?,Option 2,अधिक दूरी,कम दूरी
178,टिम की अँगूठी मैदान पर ८.१ सेमी और फर्श पर ३.२ सेंटीमीटर लुढ़कती है। कौन-सा अधिक चिकना है?,Option 2,फर्श,मैदान
179,"जो एक बार में काम करता था। बार के एक तरफ काँच का काउंटर और दूसरी तरफ लकड़ी का काउंटर था। जब काँच के काउंटर पर एक गिलास फिसला, तो उसने देखा कि वह लकड़ी के काउंटर पर ०.१२ मीटर और काँच के काउंटर पर ०.२० मीटर फिसला। इसका कारण _____ अधिक चिकना है?",Option 1,काँच का काउंटर,लकड़ी का काउंटर
180,"गाड़ी चलाते हुए, मेरी को पता चला कि जंगल का घर्षण गुणांक ०.७ है, जबकि सड़क का जंगल की तुलना में ०.१ अधिक है। उसकी गाड़ी का वेग कहाँ अधिक है?",Option 1,जंगल में,सड़क पर
181,"यदि एक नाव की गति ४ मीटर/सेकंड और एक पनडुब्बी की गति ४७ मीटर/सेकंड हो, तो किस जलयान को एक ही यात्रा करने में अधिक समय लगेगा?",Option 1,नाव,पनडुब्बी
182,टीना अपने दो कुत्तों की दौड़ करा रही है। ग्रेहाउंड का वज़न ६० पाउंड और रॉटवीलर का वज़न १०० पाउंड है। कौन अधिक तेज़ जा सकेगा?,Option 2,रॉटवीलर,ग्रेहाउंड
183,"डग अपनी साइकिल पर अपने घर से दोस्त के घर की यात्रा करता है और वह एक सेकंड में १०० मीटर जा सकता है, और जब वह पैदल वही यात्रा करता है, तो वह एक सेकंड में ४० मीटर पार करता है। किस तरीके से डग जल्दी अपने दोस्त के घर पहुँचेगा?",Option 2,पैदल,साइकिल से
184,"एक काउबॉय और एक हिप्पी दोनों सैन फ्रांसिस्को में चल रहे थे, और एक ही ऊँचाई के होने के कारण वे एक ही गति से चल रहे थे। लेकिन काउबॉय सुबह ४ बजे उठा और ६ बजे चलना शुरू किया जबकि हिप्पी ने सुबह ८ बजे चलना शुरू किया। अब दोपहर है, तो?",Option 2,काउबॉय ने कम दूरी तय की है,हिप्पी ने कम दूरी तय की है
185,"तालाब में कछुए की तैरने की गति ५ मी/से है, जबकि समुद्र में २ मी/से है। कौन-सा अधिक चिकना है?",Option 1,तालाब,महासागर
186,जेसन ने देखा कि उसका एटीवी बर्फ पर ५८ किमी प्रति घंटे और रेत पर ३९ किमी प्रति घंटे की गति से चलता है। रेत पर धीमा चलता है क्योंकि रेत _____?,Option 1,अधिक प्रतिरोधी है,कम प्रतिरोधी है
187,"एक बिल्ली और एक कुत्ता दोनों ५ मील की गति से दौड़ते हैं। यदि बिल्ली १ मिनट और कुत्ता १.५ मिनट दौड़े, तो कौन अधिक दूरी तय करेगा?",Option 2,बिल्ली,कुत्ता
188,मिट्टी के मैदान में लुढ़कता एक सुलेमानी पत्थर (अगेट) ३८ सेमी/सेकंड की गति से चलता है और एक खाली गुफा में लुढ़कता हुआ १२५ सेमी/सेकंड की गति से चलता है। अगेट कहाँ अधिक दूरी तक लुढ़केगा?,Option 2,मिट्टी का मैदान,खाली गुफा
189,एक बिल्ली नदी में से १२.५७ मीटर/सेकंड और जंगल में से ३२.९४ मीटर/सेकंड की गति से चलती है। इसका मतलब बिल्ली को कम बाधा कहाँ मिलती है?,Option 1,जंगल में,नदी में
190,टॉमी अपने बड़े भाई को पूल की ओर ले गया। टॉमी ३३० सेमी/सेकंड की गति से डाइव कर सकता है और उसका भाई २ मी/सेकंड की गति से डाइव कर सकता है। कौन पहले डाइव पूरी करेगा?,Option 1,टॉमी,भाई
191,सारा के एक पड़ोसी ने सीढ़ियों पर कुत्ते का खाना बिखेर दिया है। कुत्ते के खाने के टुकड़े तीन सीढ़ियों और पूरे लैंडिंग पर हैं। सारा गुस्सा हो जाती है और कुत्ते के खाने के एक टुकड़े को लात मारती है। कुत्ते का खाना सीढ़ियों के एक ओर से लकड़ी के तख्ते के पार उड़ता है जो ३ मीटर लंबा था। कुत्ते का खाना पड़ोसी के दरवाज़े की चटाई तक पहुँच जाता है। वह दरवाज़े की चटाई पर केवल ४ इंच खिसकता है और फिर रुक जाता है। कुत्ते का खाना दरवाज़े की चटाई पर और आगे क्यों नहीं खिसका?,Option 1,दरवाज़े की चटाई एक खुरदरी सतह है,सीढ़ियों की लैंडिंग एक खुरदरी सतह है
192,एक झींगुर एक सेकंड में ५ मीटर और एक मुर्गी एक सेकंड में ८९ मीटर जा सकती है। यदि दोनों एक ही यात्रा करें तो कौन बाद में पहुँचेगा?,Option 2,मुर्गी,झींगुर
193,एक बिलियर्ड बॉल का द्रव्यमान २२ औंस और बास्केटबॉल का द्रव्यमान ७ औंस है। किस गेंद का गुरुत्वाकर्षण क्षेत्र अधिक है?,Option 1,बिलियर्ड बॉल का,बास्केटबॉल का
194,एक ट्रेन शहर के ट्रैक पर १२० किमी/घंटा और गाँव के ट्रैक पर ९८ किमी/घंटा की गति से चलती है। इसका मतलब ट्रेन चलने में कहाँ अधिक गर्म होती है?,Option 2,शहर का ट्रैक,गाँव का ट्रैक
195,खाली सीमेंट ट्रक का वज़न लगभग ३३००० पाउंड है। बाद में ट्रक में ३८ किलो वज़न के ३४ बैग सीमेंट रखे गए। जब वह सीमेंट के बैगों के बिना चल रहा था तब वह अधिक _____ चलता था?,Option 1,तेज़,धीमा
196,"बिल ४८ किग्रा द्रव्यमान का एक पत्थर और ४०० ग्राम द्रव्यमान का एक कंकड़ फेंकता है। कंकड़ पत्थर से बहुत धीमा गिरता है, इसका मतलब?",Option 2,उसका वज़न अधिक है,उसका वज़न कम है
197,"यदि एक कार और एक पिकअप दोनों ६० मील की गति से यात्रा करें, लेकिन कार ६.१ घंटे बाद रुके जबकि पिकअप १.९ घंटे बाद रुके, तो किसने कम दूरी तय की?",Option 2,कार,पिकअप
198,एफ-१६ का वज़न आमतौर पर २५०००० पाउंड होता है और जंबो जेट का वज़न ५०००० पाउंड होता है। इसलिए एफ-१६ था?,Option 1,धीमी गति वाला,तेज़ गति वाला
199,डिलन एक कंकड़ (जिसका द्रव्यमान ०.१५ किग्रा है) और बास्केटबॉल (जिसका द्रव्यमान १.८ किग्रा है) खिड़की से बाहर फेंकता है। _____ पर अधिक शक्तिशाली गुरुत्वाकर्षण खिंचाव था क्योंकि उसका द्रव्यमान अधिक है?,Option 2,कंकड़,बास्केटबॉल
200,ऑफिस तक गाड़ी से जाने में ३० मिनट लगते हैं और बस से जाने में २ घंटे लगते हैं। कौन-सा अधिक गति से चलता है?,Option 2,बस,गाड़ी
201,ब्यूटी क्वीन संगमरमर के फर्श पर ६ मी/सेकंड की गति से चली लेकिन लकड़ी के फर्श पर ३ मी/सेकंड की गति से चली क्योंकि वह था?,Option 1,अधिक प्रतिरोधी,कम प्रतिरोधी
202,"तालाब में कछुए की तैरने की गति १७२ सेमी/सेकंड है, जबकि समुद्र में यह ४ मी/सेकंड है क्योंकि _____ अधिक चिकना है?",Option 2,तालाब,समुद्र
203,खरपतवार में से लुढ़कते समय मेरी की वैगन ४० डिग्री सेल्सियस तापमान तक और कंकड़ों में से लुढ़कते समय ५० डिग्री सेल्सियस तापमान तक पहुँचती है। इसका मतलब उसकी वैगन धीमी गति से लुढ़कने को कहाँ मजबूर होती है?,Option 2,खरपतवार,कंकड़
204,खरपतवार में से लुढ़कते समय मेरी की वैगन ४० डिग्री सेल्सियस तापमान तक और कंकड़ों में से लुढ़कते समय ५० डिग्री सेल्सियस तापमान तक पहुँचती है। इसका मतलब उसकी वैगन को अधिक बाधा कहाँ मिलती है?,Option 2,खरपतवार,कंकड़
205,रजनी ने देखा कि मटर जैसे कंकड़ों पर पेंसिल लुढ़काने पर ४९ जूल ऊष्मा और कार्पेट पर लुढ़काने पर ३१ जूल ऊष्मा उत्पन्न होती है। पेंसिल कहाँ धीमी गति से चली?,Option 2,कार्पेट,मटर जैसे कंकड़
206,रजनी ने देखा कि मटर जैसे कंकड़ों पर पेंसिल लुढ़काने पर ४९ जूल ऊष्मा और कार्पेट पर लुढ़काने पर ३१ जूल ऊष्मा उत्पन्न होती है। पेंसिल को अधिक बाधा कहाँ मिलती है?,Option 2,कार्पेट,मटर जैसे कंकड़
207,एक छोटे लड़के ने हॉलवे में अपनी दो रबर की गेंदें लुढ़काईं। लाल गेंद १ मिनट २३ सेकंड बाद रुकी। नीली गेंद २९ सेकंड बाद रुकी। कौन-सी सबसे दूर लुढ़की?,Option 1,लाल गेंद,नीली गेंद
208,"पुराने पेड़ के तने की मोटाई ३.२ इंच है, जबकि नए पेड़ के तने की मोटाई १.५ इंच है। पुराना पेड़ था?",Option 1,मज़बूत पेड़,कमज़ोर पेड़
209,केट की नाव का प्रोपेलर समुद्र में २००० आरपीएम और नदी में ३००० आरपीएम की गति से चला। इसका मतलब प्रोपेलर कहाँ अधिक गर्म होता है?,Option 2,समुद्र,नदी
210,रजनी ने देखा कि मटर जैसे कंकड़ों पर लुढ़कती पेंसिल ७६ जूल ऊष्मा उत्पन्न करती है और कार्पेट पर लुढ़काने पर २५ कैलोरी ऊष्मा उत्पन्न करती है। पेंसिल कहाँ धीमी गति से चली?,Option 1,कार्पेट,मटर जैसे कंकड़
211,लिसा दो मॉडल रॉकेटों से खेल रही थी। उसने एक ही समय पर दोनों रॉकेट आकाश में छोड़े तो ३० सेकंड बाद काला रॉकेट ज़मीन से ४५ मीटर ऊपर और लाल रॉकेट ज़मीन से ३१ मीटर ऊपर था। किसकी गति अधिक थी?,Option 2,लाल वाले की,काले वाले की
212,रोज़ स्कीइंग कर रही है। वह एक कीचड़ भरी पहाड़ी से नीचे और फिर एक बर्फीली पहाड़ी से नीचे स्की करती है। रोज़ ने देखा कि वह ४८ मिनट में बर्फीली पहाड़ी से और ३५ मिनट में कीचड़ भरी पहाड़ी से उतरी और दोनों पहाड़ियाँ लगभग एक ही आकार की हैं। बर्फीली पहाड़ी पर कैसा घर्षण था?,Option 1,अधिक घर्षण,कम घर्षण
213,एक बाज़ को अपना भोजन पाने में ६ मिलीसेकंड लगते हैं और एक स्लॉथ को १२ सेकंड लगते हैं। क्यों?,Option 1,बाज़ स्लॉथ से तेज़ है,बाज़ स्लॉथ से धीमा है
214,एक इस्पात की गेंद का द्रव्यमान ४ किग्रा और एक कंकड़ का द्रव्यमान ०.८ किग्रा है। किस वस्तु का गुरुत्वीय क्षेत्र अधिक शक्तिशाली है?,Option 1,इस्पात की गेंद,कंकड़
215,एक तैराक ०.५ घंटे में एक झील पार करता है और ३ मिनट में गीली कीचड़ पार करता है क्योंकि _____ अधिक चिकनी है।,Option 2,झील,गीली कीचड़
216,"महेश और मूसा ठीक एक ही समय, यानी दोपहर १२ बजे बार से निकले और एक ही गति से गाड़ी चलाई। महेश कई घंटे गाड़ी चलाकर रात १२ बजे रुका जबकि मूसा रात १० बजे रुका। किसने सबसे अधिक दूरी तय की?",Option 2,मूसा,महेश
217,जिम ४ मी/सेकंड की गति से दौड़ सकता था और उसकी बहन जेन २ मी/सेकंड की गति से दौड़ सकती थी। एक खतरनाक वायरस का फैलाव रोकने के लिए उन्हें अगले शहर में कुछ ज़रूरी वैक्सीन पहुँचानी थी। कम समय में वहाँ पहुँचने के लिए वैक्सीन लेकर किसे जाना चाहिए?,Option 1,जिम,जेन
218,एक टैंक का वज़न लगभग ७० टन है। एक खिलौना गाड़ी का वज़न ०.०००४४ टन है। इस कारण?,Option 2,टैंक खिलौना गाड़ी से जल्दी गति पकड़ेगा,खिलौना गाड़ी टैंक से जल्दी गति पकड़ेगी
219,"मेरी का स्केटबोर्ड ६ मी/सेकंड की गति से चलता है जब वह गीले स्केटपार्क में स्केटिंग करती है, जबकि सूखे स्केटपार्क में स्केट करने पर ७८९ सेमी/सेकंड की गति से। उसका स्केटबोर्ड कहाँ अधिक गर्म हो जाता है?",Option 1,गीला स्केटपार्क,सूखा स्केटपार्क
220,एक बिल्ली नदी में से ५ मी/सेकंड और जंगल में से ९.८९ मी/सेकंड की गति से चलती है। इसका मतलब बिल्ली को कम बाधा कहाँ मिलती है?,Option 1,जंगल में,नदी में
221,शेरी अपनी गेंद को दो लेनों में लुढ़काती है। गेंद लाल लेन में ३२ मी/से की गति से और हरी लेन में २७ मी/से की गति से चलती है। गेंद की गति लाल लेन में अधिक क्यों है?,Option 2,अधिक घर्षण,कम घर्षण
222,मार्क ने देखा कि वह अपने लॉन डार्ट को औसतन लगभग १७ मीटर नरम मिट्टी में और १२ मीटर रेत में खींच सकता है। इसका मतलब है कि _____ अधिक चिकनी है?,Option 1,नरम मिट्टी,रेत
223,एक बिलियर्ड बॉल का द्रव्यमान १८ औंस और बास्केटबॉल का द्रव्यमान ०.१७ किग्रा है। किस गेंद का गुरुत्वाकर्षण क्षेत्र अधिक है?,Option 1,बिलियर्ड बॉल का,बास्केटबॉल का
224,"एक रेस कार और एक पिकअप दोनों एक ही गति से हाईवे पर चल रही थीं। रेस कार का चालक थककर ५ मिनट बाद पार्क कर देता है, जबकि पिकअप का चालक १० मिनट तक चलाता रहा। अंत में किस वाहन ने अधिक दूरी तय की?",Option 2,रेस कार,पिकअप
225,एक बिल्ली नदी में से ३ मीटर/सेकंड की गति से और जंगल में से २२ मील प्रति घंटे की गति से चलती है। इसका मतलब बिल्ली को कम बाधा कहाँ मिलती है?,Option 2,नदी में,जंगल में
226,"इयान और एवरी एक ही स्टेशन से ट्रेन पकड़ रहे हैं। इयान की ट्रेन लाल है, और चालीस मील दूर एक गंतव्य की ओर ८ मील प्रति घंटे की गति से जा रही है। एवरी की ट्रेन हरी है और चालीस मील दूर एक गंतव्य की ओर १४ मील प्रति घंटे की गति से जा रही है। कौन-सी ट्रेन धीमी है?",Option 1,लाल,हरी
227,एक भूरा चूहा और एक काला चूहा दोनों ५० फुट की सुरंग में से जितनी तेज़ी से हो सके दौड़ते हैं। काला चूहा १८० मिनट में दूसरे छोर पर पहुँचता है और भूरा चूहा ५ घंटे में। कौन-सा चूहा अधिक तेज़ नहीं दौड़ सकता?,Option 1,भूरा चूहा,काला चूहा
228,एफ-१६ का वज़न आमतौर पर ३४७८६ पाउंड होता है और जंबो जेट का वज़न ४३९९८७ किलो होता है। इसलिए एफ-१६ था?,Option 2,धीमी गति वाला,तेज़ गति वाला
229,केविन ने न्यूयॉर्क से शिकागो के लिए १९:१० बजे एक विमान लिया और एस्थर ने दोपहर बाद ३:४५ बजे न्यूयॉर्क से लॉस एंजेलेस जाने वाला एक विमान लिया। दोनों एक ही प्रकार के विमान से यात्रा कर रहे हैं इसलिए उनकी यात्रा की गति एक ही है। दोनों एक ही समय पर अपने गंतव्य पर पहुँच गए। किसने अधिक यात्रा की?,Option 2,केविन,एस्थर
230,"एमिली छत पर एक केला फेंकती है और छत पर वह १५ मिमी फिसलता है, लेकिन जब वह उसे स्लाइड पर फेंकती है, तो वह ३ सेमी फिसलता है। कम घर्षण कहाँ था?",Option 2,छत पर,स्लाइड पर
231,एक लाल चूहा और एक काला चूहा दोनों हाईस्कूल से अस्पताल की ओर दौड़ते हैं। लाल चूहा ४ मीटर/सेकंड की गति से दौड़ता है और काला चूहा २ मी/सेकंड की गति से चलता है। अस्पताल पहुँचने में किसने अधिक समय लिया?,Option 2,लाल चूहा,काला चूहा
232,शेप और क्रिस एक ही सड़क पर गाड़ी चला रहे हैं और एक ही गति से जा रहे हैं। लेकिन शेप ने १२० सेकंड यात्रा की है और क्रिस ने १ मिनट यात्रा की है। फलस्वरूप?,Option 1,शेप ने क्रिस से अधिक यात्रा की है,शेप ने क्रिस से अधिक यात्रा नहीं की है
233,एक छोटे लड़के ने हॉलवे में अपनी दो रबर की गेंदें लुढ़काईं। लाल गेंद ८ सेकंड बाद रुकी। नीली गेंद ९ सेकंड बाद रुकी। कौन-सी अधिक दूर गई?,Option 2,लाल गेंद,नीली गेंद
234,एक भूरा चूहा और एक काला चूहा दोनों ५० फुट की सुरंग में से जितनी तेज़ी से हो सके दौड़ते हैं। काला चूहा १८ सेकंड में दूसरे छोर पर पहुँचा और भूरा चूहा ४५ सेकंड में सुरंग पार कर गया। कौन-सा चूहा अधिक तेज़ नहीं दौड़ सकता?,Option 1,भूरा चूहा,काला चूहा
235,मिस्टर बिग्सबी ने एक बेसबॉल को दो अलग-अलग पहाड़ियों से नीचे लुढ़काया। पहली पहाड़ी पत्थरों के ढेर की है और दूसरी पहाड़ी ताज़े सीमेंट की। मिस्टर बिग्सबी ने देखा कि बेसबॉल ताज़े सीमेंट पर ४.१ मील और पत्थरों के ढेर पर १.२ मील नीचे जाती है। तो क्या ताज़ा सीमेंट है?,Option 2,खुरदरा,चिकना
236,एक तैराक १ मिनट में एक झील पार करता है और ३ मिनट में गीली कीचड़ पार करता है क्योंकि _____ अधिक चिकनी है?,Option 1,झील,गीली कीचड़
237,जिम्बो जानता है कि उसके कंचे का द्रव्यमान २ ग्राम और पत्थर का द्रव्यमान ८ ग्राम है। इसका मतलब?,Option 2,कंचे का गुरुत्वाकर्षण बल अधिक है,पत्थर का गुरुत्वाकर्षण बल अधिक है
238,एक खिलौना टैंक का वज़न ४०० ग्राम है। एक खिलौना गाड़ी का वज़न ६०० ग्राम है। इस कारण?,Option 1,टैंक खिलौना गाड़ी से जल्दी गति पकड़ेगा,खिलौना गाड़ी टैंक से जल्दी गति पकड़ेगी
239,एक शहर के फायर चीफ ने देखा कि उसका फायर इंजन भीड़ भरी सड़क पर ७ किमी प्रति घंटे और एक खुली सड़क पर १० किमी प्रति घंटे की गति से जा सकता है। इस जानकारी से उसने समझा कि _____ अधिक चिकनी है?,Option 2,भीड़ भरी सड़क,खुली सड़क
240,एक तैराक १२ मिनट में एक झील पार करता है और ३१ मिनट में गीली कीचड़ पार करता है क्योंकि _____ अधिक चिकनी है?,Option 1,झील,गीली कीचड़
241,"जेसन ने नंगे पैर स्लाइड से नीचे उतरने की कोशिश की लेकिन खुद को रोकने के लिए पैर नीचे रखे इसलिए वह २३ मील प्रति घंटे की गति से गया। जब वह मोज़े पहनकर गया, तो वह ४५ फुट प्रति सेकंड की गति से गया। मोज़े पहनने का कारण क्या है?",Option 1,कम घर्षण,अधिक घर्षण
242,"इयान और एवरी एक ही स्टेशन से ट्रेन पकड़ रहे हैं। इयान की ट्रेन लाल है, और चालीस मील दूर एक गंतव्य की ओर १० मील प्रति घंटे की गति से जा रही है। एवरी की ट्रेन हरी है और ३० मील प्रति घंटे की गति से चालीस मील दूर एक गंतव्य की ओर जा रही है। कौन-सी ट्रेन धीमी है?",Option 1,लाल,हरी
243,"एक काउबॉय और एक हिप्पी दोनों सैन फ्रांसिस्को में चल रहे थे, और एक ही ऊँचाई के होने के कारण वे एक ही गति से चल रहे थे। लेकिन काउबॉय भोर में उठा और रात २ बजे चलना शुरू किया जबकि हिप्पी ने सुबह ६ बजे शुरू किया। अब रात के १२ बजे हैं, तो?",Option 2,काउबॉय ने कम दूरी तय की है,हिप्पी ने कम दूरी तय की है
244,"मिट्टी पर लुढ़कता एक कंचा १४ न्यूटन का प्रतिरोध उत्पन्न करता है, जबकि रेत पर लुढ़कने से ४७ न्यूटन का प्रतिरोध उत्पन्न होता है। इसका मतलब कंचा कहाँ अधिक दूर जा सकेगा?",Option 2,रेत,मिट्टी
245,यदि एक स्केटर सड़क पर ४२० मीटर प्रति मिनट की गति से और एक स्केट पार्क में ६ मीटर/सेकंड की गति से चलता है तो इसका मतलब है कि _____ अधिक चिकना है?,Option 2,स्केट पार्क,सड़क
246,मेरी का स्केटबोर्ड २ मी/सेकंड की गति से चलता है जब वह गीले स्केटपार्क में स्केटिंग करती है और जब वह सूखे स्केटपार्क में स्केट करती है तब ६ मी/सेकंड। इसका मतलब उसका स्केटबोर्ड कहाँ अधिक गर्म हो जाता है?,Option 1,गीला स्केटपार्क,सूखा स्केटपार्क
247,खरपतवार में से लुढ़कते समय मेरी की वैगन ३७ डिग्री सेल्सियस तापमान तक गर्म होती है और कंकड़ों में से लुढ़कते समय १११.३ डिग्री फ़ारेनहाइट तक। इसका मतलब उसकी वैगन धीमी गति से चलने को कहाँ मजबूर होती है?,Option 2,खरपतवार,कंकड़
248,महेश एक लालटेन से ४० सेमी और एक स्ट्रीट लाइट से ८९ सेमी की दूरी पर खड़ा है। कौन-सा प्रकाश स्रोत उसे अधिक चमकदार लगता है?,Option 1,लालटेन,स्ट्रीट लाइट
249,"डायना और डेव एक ही स्टेशन से चढ़ने के बाद एक ही ट्रेन में सवार हुए। यदि डायना ७५ मिनट बाद ट्रेन से उतर जाए और डेव ८८ मिनट यात्रा करके फिर उतरे, तो किसने कम दूरी की यात्रा की?",Option 1,डायना,डेव
250,"एक कैपिबारा २० मीटर/सेकंड की गति से चलता है और एक एंटईटर ११७ मी/सेकंड की गति से चलता है। यदि दोनों प्राणी एक ही यात्रा करें, तो कौन वहाँ जल्दी पहुँचेगा?",Option 2,कैपिबारा,एंटईटर
251,"एक वॉलीबॉल खिलाड़ी ने जिम के फर्श पर १.२ मीटर की छलांग लगाई, लेकिन समुद्र किनारे रेत की तुलना में ८ सेमी अधिक छलांग लगाई। क्योंकि वह था?",Option 2,अधिक प्रतिरोधी,कम प्रतिरोधी
252,"महेश और मूसा ठीक एक ही समय, यानी दोपहर १२ बजे बार से निकले और एक ही गति से गाड़ी चलाई। महेश कई घंटे गाड़ी चलाकर रात ८ बजे रुका जबकि मूसा रात २ बजे रुका। किसने सबसे अधिक दूरी तय की?",Option 1,मूसा,महेश
253,"कछुओं का झुंड तालाब में १ सेकंड में २० सेंटीमीटर यात्रा करता है, जबकि समुद्र में २ सेकंड में ८ मीटर यात्रा करता है। कौन-सा अधिक चिकना है?",Option 2,तालाब,समुद्र
254,टीना अपने दो कुत्तों की दौड़ करा रही है। ग्रेहाउंड का वज़न ८८ पाउंड और उसके रॉटवीलर का वज़न ७९ पाउंड है। कौन अधिक तेज़ जा सकेगा?,Option 1,रॉटवीलर,ग्रेहाउंड
255,मार्क ने देखा कि वह अपने लॉन डार्ट को औसतन लगभग ८२६.७७२ इंच नरम मिट्टी में और १६ मीटर रेत में फेंक सकता है। इसका मतलब कौन-सी अधिक चिकनी है?,Option 1,नरम मिट्टी,रेत
256,"मिट्टी पर लुढ़कता एक कंचा ५ न्यूटन का प्रतिरोध उत्पन्न करता है, जबकि रेत पर यह १७ न्यूटन का प्रतिरोध उत्पन्न करता है। कंचा कहाँ अधिक दूर जा सकेगा?",Option 2,रेत,मिट्टी
257,एक चीता ३४ मील प्रति घंटे की गति से दौड़ता है और कुत्ता १२ मील प्रति घंटे की गति से दौड़ता है। तो चीते को कैसा समय लगेगा?,Option 1,कम समय,अधिक समय
258,एक सेडान का वज़न ४०००० पाउंड है और एक कचरा ट्रक का वज़न ५७८९ पाउंड है। ट्रैफिक लाइट हरी होने पर दोनों गाड़ियों का वेग ५० मील प्रति घंटे तक पहुँचता है। कौन-सी गाड़ी आसानी से प्रतियोगिता जीतेगी?,Option 2,सेडान,कचरा ट्रक
259,मार्क ने देखा कि वह अपने लॉन डार्ट को औसतन लगभग २३ मीटर नरम मिट्टी में और १९ मीटर रेत में फेंक सकता है। इसका मतलब है कि _____ अधिक खुरदरी है?,Option 2,नरम मिट्टी,रेत
260,एक बाज़ को अपना भोजन पाने में ५ सेकंड लगते हैं और एक स्लॉथ को १५ सेकंड लगते हैं। क्यों?,Option 1,बाज़ स्लॉथ से तेज़ है,बाज़ स्लॉथ से धीमा है
261,जेसन ने देखा कि उसका एटीवी बर्फ पर २९.२०४४ मील/घंटा की गति से और रेत पर ३४ किमी/घंटा की गति से चलता है। बर्फ की तुलना में रेत _____?,Option 1,अधिक प्रतिरोधी है,कम प्रतिरोधी है
262,"यदि सारा और जेनी दोनों एक ही गति से दौड़ें, सारा ७८ मिनट दौड़ती है और जेनी सारा से २७ मिनट कम दौड़ती है, तो किसने अधिक दूर यात्रा की?",Option 1,सारा,जेनी
263,खाली सीमेंट ट्रक का वज़न लगभग ८००० पाउंड है। बाद में ट्रक में ५ किलो वज़न के ५ बैग सीमेंट रखे गए। जब वह सीमेंट के बैगों के बिना चल रहा था तब वह अधिक _____ चलता था?,Option 1,तेज़,धीमा
264,"महेश और मूसा ठीक एक ही समय, यानी दोपहर १२ बजे बार से निकले और एक ही गति से गाड़ी चलाई। महेश कई घंटे गाड़ी चलाकर रात ८ बजे रुका जबकि मूसा ७ बजे रुका। किसने सबसे अधिक दूरी तय की?",Option 2,मूसा,महेश
265,एक ट्रेन शहर के ट्रैक पर १५४ किमी/घंटा और गाँव के ट्रैक पर २९८ किमी/घंटा की गति से चलती है। ट्रेन का ट्रैक कहाँ अधिक गर्म होता है?,Option 1,शहर का ट्रैक,गाँव का ट्रैक
266,केविन ने न्यूयॉर्क से शिकागो के लिए १९:१० बजे एक विमान लिया और एस्थर ने १४:३० बजे न्यूयॉर्क से लॉस एंजेलेस जाने वाला एक विमान लिया। दोनों एक ही प्रकार के विमान से यात्रा कर रहे हैं इसलिए उनकी यात्रा की गति एक ही है। दोनों एक ही समय पर अपने गंतव्य पर पहुँच गए। किसने अधिक यात्रा की?,Option 2,केविन,एस्थर
267,"केट सिनेमा में है और गलती से अपना कप फर्श पर गिरा देती है। कप कंक्रीट के फर्श पर ३ सेकंड में लुढ़कता है जो २५ सेंटीमीटर लंबा है, लेकिन कार्पेट वाले फर्श से टकराने के बाद वह ३ सेकंड में ०.१८ मीटर जाता है। कप कंक्रीट के फर्श पर तेज़ था क्योंकि कंक्रीट के फर्श पर था?",Option 2,अधिक घर्षण,कम घर्षण
268,दो दंपतियों ने अपनी-अपनी गाड़ियों में अपना किराने का सामान लादा। प्रत्येक गाड़ी को एक-एक घोड़ा खींच रहा है और वे समान रूप से शक्तिशाली हैं। पहले घोड़े को १०० पाउंड सामान ढोना है और दूसरे घोड़े को ९० पाउंड सामान ढोना है। कौन-सा धीमा होगा?,Option 1,पहला घोड़ा,दूसरा घोड़ा
269,रॉड अपने कुत्ते की ओर एक गेंद लुढ़का रहा था। वह सीमेंट पर १२ मीटर की दूरी तक और घास पर १० मीटर की दूरी तक गेंद लुढ़का सका। तो क्या सीमेंट है?,Option 2,खुरदरा,चिकना
270,दो दंपतियों ने अपनी-अपनी गाड़ियों में अपना किराने का सामान लादा। प्रत्येक गाड़ी को एक-एक घोड़ा खींच रहा है और वे समान रूप से शक्तिशाली हैं। पहले घोड़े को ९८ पाउंड सामान ढोना है और दूसरे घोड़े को ३४ किलो सामान ढोना है। कौन-सा धीमा होगा?,Option 1,पहला घोड़ा,दूसरा घोड़ा
271,एक खिलौना टैंक का वज़न १.२ किलो है। एक खिलौना गाड़ी का वज़न ६०० ग्राम है। इस कारण?,Option 2,टैंक खिलौना गाड़ी से जल्दी गति पकड़ेगा,खिलौना गाड़ी टैंक से जल्दी गति पकड़ेगी
272,"मिट्टी पर लुढ़कता एक कंचा रेत की तुलना में ५ न्यूटन का प्रतिरोध उत्पन्न करता है, रेत पर यह ७३ न्यूटन का प्रतिरोध उत्पन्न करता है। कंचा कहाँ अधिक जा सकेगा?",Option 1,रेत,मिट्टी
273,शेरी अपनी गेंद को दो लेनों में लुढ़काती है। गेंद लाल लेन में १६७८ सेमी/सेकंड की गति से और हरी लेन में १४.६८९० मी/सेकंड की गति से चलती है। हरी लेन में गेंद धीमी हो जाती है क्योंकि उसमें?,Option 1,अधिक घर्षण है,कम घर्षण है
274,"यदि एक कार और एक पिकअप दोनों ६० मील प्रति घंटे की गति से यात्रा करें, लेकिन कार २.२ घंटे बाद रुके जबकि पिकअप कार से ३० मिनट पहले रुके, तो किसने कम दूरी तय की?",Option 2,कार,पिकअप
275,लिंडा और मेलिंडा ने एक झील के आर-पार कयाक चलाने का निर्णय लिया। लिंडा ने ४००० मिलीसेकंड में झील पार की और मेलिंडा ने २ सेकंड में। इनमें से कौन दूसरे जितनी तेज़ नहीं गई?,Option 1,लिंडा,मेलिंडा
276,मेरी का स्केटबोर्ड ११ मी/सेकंड की गति से चलता है जब वह गीले स्केटपार्क में स्केटिंग करती है और जब वह सूखे स्केटपार्क में स्केट करती है तब २९ मी/सेकंड की गति से चलता है। इसका मतलब उसका स्केटबोर्ड कहाँ चढ़ने पर गर्म हो जाता है?,Option 1,गीला स्केटपार्क,सूखा स्केटपार्क
277,जैस्पर अपने भांजे को पार्क ले जा रहा है। फिर उसकी भांजी की बारी है। उसकी भांजी पाँच साल बड़ी है और उसका वज़न ३९ किलो है जबकि उसके भांजे का वज़न २२ किलो है। किस पर गुरुत्वाकर्षण खिंचाव कम है?,Option 2,भांजी,भांजा
278,"गाड़ी चलाते हुए, मेरी को पता चला कि जंगल का घर्षण गुणांक ०.७ है, जबकि सड़क का ०.१ है। गाड़ी कहाँ तेज़ चलती है?",Option 2,जंगल में,सड़क पर
279,रॉड अपने कुत्ते की ओर एक गेंद लुढ़का रहा था। वह सीमेंट पर ५ मीटर की दूरी तक और घास पर २ मीटर की दूरी तक गेंद लुढ़का सका। तो क्या सीमेंट है?,Option 2,खुरदरा,चिकना
280,एक स्टील की गेंद के एक हिस्से का द्रव्यमान ४०० ग्राम है और एक कंकड़ का द्रव्यमान ६०० ग्राम है। किस वस्तु का गुरुत्वीय क्षेत्र अधिक शक्तिशाली है?,Option 2,इस्पात की गेंद,कंकड़
281,डिलन खिड़की से बाहर एक कंकड़ (जिसका द्रव्यमान ०.२ किलो है) और एक खिलौना बास्केटबॉल (जिसका द्रव्यमान १०० ग्राम है) फेंकता है। _____ पर अधिक शक्तिशाली गुरुत्वाकर्षण खिंचाव था क्योंकि उसका द्रव्यमान अधिक है?,Option 1,कंकड़,बास्केटबॉल
282,"डायना और डेव एक ही स्टेशन से चढ़ने के बाद एक ही ट्रेन में सवार हुए। यदि डायना १० मिनट बाद ट्रेन से उतर जाए और डेव १५ मिनट यात्रा करके फिर उतरे, तो किसने कम दूरी की यात्रा की?",Option 1,डायना,डेव
283,पहले कछुए की गति ४० सेमी/सेकंड और दूसरे कछुए की गति ४ मी/सेकंड है। यदि दोनों समुद्र तट पर चलते रहें तो किस प्राणी को समुद्र तक पहुँचने में अधिक समय लगेगा?,Option 1,पहला कछुआ,दूसरा कछुआ
284,"जैक्स फर्श पर टॉयलेट पेपर का एक रोल गिरा देता है। टॉयलेट पेपर कार्पेट पर लुढ़कता है और २ मीटर बाद धीरे-धीरे रुक जाता है। बाद में जब वह टॉयलेट पेपर का वही रोल लकड़ी के फर्श पर गिराता है, तो टॉयलेट पेपर का रोल ७ मीटर लंबे कमरे से बाहर निकलता चला जाता है। टॉयलेट पेपर का रोल लकड़ी के फर्श पर अधिक दूरी तक गया क्योंकि उस पर था?",Option 2,अधिक घर्षण,कम घर्षण
285,महेश और मीरा पार्क के चारों ओर अपनी बाइक चलाने का निर्णय लेते हैं। वे एक ही रास्ते पर चलते हैं लेकिन महेश २ मील/घंटा की गति से अपनी बाइक चलाता है और मीरा १.२ मील/घंटा की गति से चलाती है। दस मिनट बाद कौन कम दूरी तय करेगा?,Option 2,महेश,मीरा
286,महेश एक पत्थर के द्रव्यमान और एक कंकड़ के द्रव्यमान की तुलना कर रहा था। उसने पाया कि पत्थर का द्रव्यमान १४८ पाउंड और कंकड़ का द्रव्यमान २ पाउंड था। कौन-सी वस्तु अधिक शक्तिशाली गुरुत्वाकर्षण उत्सर्जित करती है?,Option 1,पत्थर,कंकड़
287,ऑफिस तक गाड़ी से जाने में ९० मिनट लगते हैं और बस से जाने में १ घंटा लगता है। कौन-सी गाड़ी अधिक गति से चलती है?,Option 1,बस,कार
288,जेम्स अपनी स्लेज सूखी बर्फ पर ४.१ मीटर और गीली बर्फ पर १.४९ मीटर चला सकता है। इसका मतलब _____ अधिक खुरदरी है?,Option 1,गीली बर्फ,सूखी बर्फ
289,"डग अपनी साइकिल पर अपने घर से दोस्त के घर की यात्रा करता है और वह एक सेकंड में ७८ मीटर जाता है, और जब वह पैदल वही यात्रा करता है तो वह एक सेकंड में १२ मीटर जाता है। किस स्थिति में डग जल्दी अपने दोस्त के घर पहुँचेगा?",Option 2,पैदल,साइकिल से
290,"दो विमान एक ही एयरफील्ड से उड़ान भरते हैं और ऊँचाई पर पहुँचकर एक ही वेग से उड़ते हैं। लाल विमान ४२ मिनट उड़कर पास के एक शहर में उतर जाता है, जबकि हरा विमान १९ मिनट और उड़ता रहता है और अधिक दूर अगले शहर में उतरता है। इसका मतलब क्या है?",Option 2,लाल विमान अधिक दूरी तक उड़ा,हरा विमान अधिक दूरी तक उड़ा
291,बिली और जिमी एक दिन दौड़कर घर जाने का निर्णय लेते हैं। जिमी ४० मिनट में घर पहुँचता है और बिली ५० मिनट लेता है। तो क्या जिमी है?,Option 2,धीमा,तेज़
292,एफ-१६ का वज़न आमतौर पर ५६७२१४ पाउंड होता है और जंबो जेट का वज़न ३९९८७ किलो होता है। इसलिए एफ-१६ था?,Option 1,धीमी गति वाला,तेज़ गति वाला
293,मेरी का स्केटबोर्ड ३९८५ सेमी/सेकंड की गति से चलता है जब वह गीले स्केटपार्क में स्केटिंग करती है और जब वह सूखे स्केटपार्क में स्केटिंग करती है तब ८२९ सेमी/सेकंड की गति से चलता है। इसका मतलब उसका स्केटबोर्ड कहाँ चढ़ने पर अधिक गर्म हो जाता है?,Option 2,गीला स्केटपार्क,सूखा स्केटपार्क
294,मेरी की डोंगी खुले समुद्र में ९.२ मील की तुलना में खाड़ी में ईंधन खत्म होने से पहले १४ मील की दूरी तय कर सकती है। इसका मतलब यह है कि _____ अधिक खुरदरा है?,Option 2,खाड़ी,खुला समुद्र
295,"मैमथ पानी के गड्ढे में से १८ किमी प्रति घंटे की गति से चला, लेकिन कठोर मिट्टी पर २७ किमी प्रति घंटे की गति से चला क्योंकि कठोर मिट्टी थी?",Option 1,कम प्रतिरोधी,अधिक प्रतिरोधी
296,जैस्पर अपने भांजे को पार्क ले जा रहा है। फिर उसकी भांजी की बारी है। उसकी भांजी पाँच साल बड़ी है और उसका वज़न २१ किलो है जबकि उसके भांजे का वज़न २४ किलो है। किस पर गुरुत्वाकर्षण खिंचाव अधिक है?,Option 2,भांजी,भांजा
297,"जॉन और रीता दौड़ रहे हैं। रीता थक जाती है और ५५ मिनट जॉगिंग करने के बाद पार्क की बेंच पर आराम करती है। जॉन पार्क में १ घंटे से दौड़ रहा है, कौन अधिक दौड़ा?",Option 1,जॉन,रीता
298,"बिल २५७ ग्राम द्रव्यमान के पत्थर का एक टुकड़ा और ६५६ ग्राम द्रव्यमान का एक कंकड़ फेंकता है। कंकड़ पत्थर से तेज़ गिरता है, इसका मतलब?",Option 1,उसका वज़न अधिक है,उसका वज़न कम है
299,एक बॉलिंग बॉल का द्रव्यमान १० पाउंड और एक बेसबॉल का वज़न ५ पाउंड है। किसमें अधिक गुरुत्वाकर्षण है?,Option 2,बेसबॉल,बॉलिंग बॉल
300,"एक रेस कार और एक पिकअप दोनों एक ही गति से हाईवे पर चल रही थीं। रेस कार का चालक थककर ४५ मिनट बाद पार्किंग करता है, जबकि पिकअप का चालक ३५ मिनट तक चलाता रहा। अंत में किस वाहन ने अधिक दूरी तय की?",Option 1,रेस कार,पिकअप
301,"जो एक बार में काम करता था। बार के एक तरफ काँच का काउंटर और दूसरी तरफ लकड़ी का काउंटर था। जब जो ने काँच के काउंटर पर एक गिलास सरकाया, तो उसने देखा कि वह लकड़ी के काउंटर पर १५ सेमी और काँच के काउंटर पर १० सेमी फिसला। इसका कारण _____ अधिक चिकना है?",Option 1,काँच का काउंटर,लकड़ी का काउंटर
302,मेरी के पास एक बिल्ली है जिसके साथ वह खेलना पसंद करती है। कभी-कभी वह बिल्ली के खिलौने को फर्श पर खींचती है ताकि बिल्ली उसका पीछा कर सके। जब वह बिल्ली के खिलौने को खेल के कमरे के फर्श पर खींचती है तो वह ४९ सेंटीमीटर की दूरी तक जाता है। जब वह उसे रम्पस रूम के फर्श पर खींचती है तो वह २१ सेंटीमीटर खिसकता है। कौन-सा अधिक चिकना है?,Option 1,खेल के कमरे का फर्श,रम्पस रूम का फर्श
303,पहले कछुए की गति ४०० सेमी/सेकंड और दूसरे कछुए की गति २ मी/सेकंड है। यदि दोनों समुद्र तट पर चलते रहें तो किस प्राणी को समुद्र तक पहुँचने में अधिक समय लगेगा?,Option 2,पहला कछुआ,दूसरा कछुआ
304,"जेड अपने दोस्त टाइलर के विरुद्ध एक रेस जीतने की कोशिश कर रहा है। जेड ८८ किलो का है, और टाइलर २३० किलो का है। दौड़ के समय, कौन जल्दी गति बढ़ाएगा?",Option 1,जेड,टाइलर
305,"डग अपनी साइकिल पर अपने घर से दोस्त के घर की यात्रा करता है और वह एक घंटे में ७ मील पार करता है, और जब वह वही दूरी पैदल तय करता है, तो वह एक घंटे में २ मील पार करता है। डग जल्दी अपने दोस्त के घर कैसे पहुँचेगा?",Option 2,पैदल,साइकिल से
306,रेंजर और रसलर दोनों एक ही समय पर घर की ओर घोड़ों पर (जो एक ही गति से दौड़ रहे थे) सवार होकर चल रहे थे। रसलर ०२:०० बजे घर पहुँच जाता है जबकि रेंजर ०१:०० बजे पहुँचता है। किसने कम समय यात्रा की?,Option 1,रेंजर,रसलर
307,"एमिली ने छत पर एक केला फेंका और वह ५ सेमी फिसला, लेकिन जब उसने उसे स्लाइड पर फेंका, तो वह ११ सेमी फिसला। किसमें कम घर्षण था?",Option 2,छत,स्लाइड
308,"जेड अपने दोस्त टाइलर के विरुद्ध एक रेस जीतने की कोशिश कर रहा है। जेड ३४० किलो का है, और टाइलर ८० किलो का है। दौड़ के समय, कौन जल्दी गति बढ़ाएगा?",Option 2,जेड,टाइलर
309,"महेश और मूसा ठीक एक ही समय, यानी ०१:०० बजे बार से निकले और एक ही गति से गाड़ी चलाई। महेश कई घंटे गाड़ी चलाकर ०६:०० बजे रुका जबकि मूसा २२:०० बजे रुका। किसने सबसे अधिक दूरी तय की?",Option 1,मूसा,महेश
310,एक स्लेज एक ही गति से एक छत पर १३ मीटर और ठंडी ज़मीन पर ९ मीटर सरकी। इसका मतलब _____ अधिक खुरदरी है?,Option 2,छत,ठंडी ज़मीन
311,"जेड अपने दोस्त टाइलर के विरुद्ध एक रेस जीतने की कोशिश कर रहा है। जेड १३० किलो का है, और टाइलर ६० किलो का है। दौड़ के समय, कौन जल्दी गति बढ़ाएगा?",Option 2,जेड,टाइलर
312,एक कुत्ते को मोहल्ले में घूमना पसंद था। मंगलवार को कुत्ता १ घंटा ५३ मिनट के लिए सड़क पर निकला और बुधवार को कुत्ता सड़क पर निकला लेकिन ३३० मिनट बाद रुका। कुत्ता किस दिन सड़क पर अधिक दूर चला?,Option 2,मंगलवार को,बुधवार को
313,रेंजर और रसलर दोनों ऐसे घोड़ों पर सवार थे जो एक ही गति से दौड़ रहे थे। रसलर १८:०० बजे चलना शुरू करता है जबकि रेंजर २१:०० बजे चलना शुरू करता है। किसने अधिक दूर यात्रा की?,Option 2,रेंजर,रसलर
314,"यदि एक नाव की गति ७०० सेमी/सेकंड और एक पनडुब्बी की गति ४ सेमी/सेकंड हो, तो किस जलयान को एक ही यात्रा करने में अधिक समय लगेगा?",Option 2,नाव,पनडुब्बी
315,एक तैराक ५ मिनट में एक झील पार करता है और ३० सेकंड में गीली कीचड़ पार करता है। कौन-सी कम चिकनी है?,Option 1,झील,गीली कीचड़
316,एक ट्रेन शहर के ट्रैक पर ७४ मील प्रति घंटे और गाँव के ट्रैक पर ६६ मील प्रति घंटे की गति से चलती है। ट्रेन के पहिये किस ट्रैक पर अधिक गर्म होते हैं?,Option 2,शहर का ट्रैक,गाँव का ट्रैक
317,केविन ने न्यूयॉर्क से शिकागो के लिए ०९:०० बजे एक विमान लिया और एस्थर ने १७:०० बजे न्यूयॉर्क से लॉस एंजेलेस जाने वाला एक विमान लिया। दोनों एक ही प्रकार के विमान से यात्रा कर रहे हैं इसलिए उनकी यात्रा की गति एक ही है। दोनों एक ही समय पर अपने गंतव्य पर पहुँच गए। किसने अधिक यात्रा की?,Option 2,केविन,एस्थर
318,"टेरी अपनी साइकिल यात्रा पर ले जाता है, पहले घास के मैदान में से ३ मी/सेकंड की गति से, फिर पक्की सड़क पर १२० सेमी/सेकंड की गति से। पक्की सड़क थी?",Option 1,अधिक प्रतिरोधी,कम प्रतिरोधी
319,एक हाथ २०० सेंटीमीटर आकार के पानी के टैंक में से १२ सेकंड में गुज़र सकता है और वह हवा में से ७ सेकंड में २ मीटर जा सकता है। कम घर्षण कहाँ है?,Option 2,पानी,हवा
320,रेंजर और रसलर दोनों ऐसे घोड़ों पर सवार थे जो एक ही गति से दौड़ रहे थे। रसलर ०१:०० बजे चलना शुरू करता है जबकि रेंजर ०३:०० बजे चलना शुरू करता है। किसने अधिक यात्रा की?,Option 2,रेंजर,रसलर
321,मेरी की डोंगी खुले समुद्र में ४ मील की तुलना में खाड़ी में ईंधन खत्म होने से पहले १० मील की दूरी तय कर सकती है। इसका मतलब यह है कि _____ अधिक खुरदरा है?,Option 2,खाड़ी,खुला समुद्र
322,एक झींगुर एक सेकंड में १५ मीटर और एक मुर्गी एक सेकंड में ७८ मीटर पार कर सकती है। यदि दोनों एक ही यात्रा करें तो कौन बाद में पहुँचेगा?,Option 2,मुर्गी,झींगुर
323,"टेड पार्क में अपनी बाइक चला रहा था। जब वह सीमेंट के रास्ते पर था, तब वह १० मिनट में पार्क का चक्कर लगा सका और घास पर उसे २० मिनट लगे। घर्षण के कारण बाइक कब अधिक गर्म होती है?",Option 2,सीमेंट के रास्ते पर,घास पर
324,एक रोबोट २३ सेकंड में टाइलें और १ मिनट में प्लश कार्पेट साफ करता है क्योंकि टाइलों में कार्पेट की तुलना में?,Option 2,अधिक घर्षण है,कम घर्षण है
325,"टेरी अपनी साइकिल यात्रा पर ले जाता है, पहले घास के मैदान में से ५६० सेमी/सेकंड की गति से, फिर पक्की सड़क पर १२ मी/सेकंड की गति से। पक्की सड़क थी?",Option 2,कम प्रतिरोधी,कम प्रतिरोधी
326,मछली पानी में से ८ मीटर/सेकंड और जेली में से ५ मीटर/सेकंड की गति से गुज़रती है। कौन-सा अधिक चिकना है?,Option 2,जेली,पानी
327,एक रोबोट ०.५ घंटे में टाइलें और १४ मिनट में प्लश कार्पेट साफ करता है क्योंकि टाइलों में कार्पेट की तुलना में?,Option 1,अधिक घर्षण है,कम घर्षण है
328,एक शहर के फायर चीफ ने देखा कि उसका फायर इंजन भीड़ भरी सड़क पर १२ मील और खुली सड़क पर ७ मील प्रति घंटे की गति से जा सकता है। कौन-सी सड़क अधिक चिकनी है?,Option 1,भीड़ भरी सड़क,खुली सड़क
329,मैं एक गाड़ी में ६ मी/से की गति से और एक साइकिल पर २० मी/से की गति से यात्रा कर सकता हूँ। कौन-सा धीमा है?,Option 2,साइकिल,गाड़ी
330,मैं एक गाड़ी में ५६ मी/से की गति से और एक साइकिल पर १२ मी/से की गति से यात्रा कर सकता हूँ। कौन-सा धीमा है?,Option 1,साइकिल,गाड़ी
331,"यदि एक नाव की गति १२ मीटर/सेकंड और एक पनडुब्बी की गति ८७ मीटर/सेकंड हो, तो किस जलयान को एक ही यात्रा करने में अधिक समय लगेगा?",Option 1,नाव,पनडुब्बी
332,एक ट्रेन शहर के ट्रैक पर ६० किमी/घंटा और गाँव के ट्रैक पर ९० किमी/घंटा की गति से चलती है। घर्षण के कारण ट्रेन के पहिये किस ट्रैक पर अधिक गर्म होते हैं?,Option 1,शहर का ट्रैक,गाँव का ट्रैक
333,"केट सिनेमा में है और गलती से अपना कप फर्श पर गिरा देती है। कप कंक्रीट के फर्श पर ४ सेकंड में लुढ़कता है जो १३ मीटर लंबा है, लेकिन कार्पेट वाले फर्श से टकराने के बाद वह ७ सेकंड में ९ मीटर जाता है। कार्पेट के फर्श पर कप धीमा था क्योंकि कार्पेट के फर्श पर था?",Option 1,अधिक घर्षण,कम घर्षण
334,पहला चूहा और दूसरा चूहा दोनों हाईस्कूल से अस्पताल की ओर चलने निकलते हैं। पहला चूहा ११० सेमी/सेकंड की गति से चलता है और दूसरा चूहा ३ मी/सेकंड की गति से चलता है। अस्पताल पहुँचने में किसने अधिक समय लिया?,Option 1,पहला चूहा,दूसरा चूहा
335,"इयान और एवरी एक ही स्टेशन से ट्रेन पकड़ रहे हैं। इयान की ट्रेन लाल है, और चालीस मील दूर एक गंतव्य की ओर ९ किमी प्रति घंटे की गति से जा रही है। एवरी की ट्रेन हरी है और चालीस मील दूर एक गंतव्य की ओर २३ किमी प्रति घंटे की गति से जा रही है। किस ट्रेन की गति अधिक है?",Option 2,लाल,हरी
336,"यदि सारा और जेनी दोनों एक ही गति से दौड़ें, सारा ४८ मिनट दौड़ती है और जेनी सारा से ५६ मिनट अधिक दौड़ती है, तो किसने अधिक दूर यात्रा की?",Option 2,सारा,जेनी
337,बॉब ने यूएसपीएस के माध्यम से एक पैकेज और यूपीएस के माध्यम से एक पैकेज भेजा। जो पैकेज उसने यूपीएस के माध्यम से भेजा वह १४ दिनों में पहुँचा और यूएसपीएस के माध्यम से १० दिनों में पहुँचा। कौन-सी पार्सल सेवा धीमी थी?,Option 2,यूएसपीएस धीमी थी,यूपीएस धीमी थी
338,टैंक की अधिकतम गति ३२ मील प्रति घंटे और फाइटर जेट की अधिकतम गति २९० मील प्रति घंटे है। मान लीजिए दोनों को एक निश्चित दूरी पार करनी थी?,Option 1,टैंक को वह यात्रा करने में जेट से अधिक समय लगेगा,टैंक को वह यात्रा करने में जेट से कम समय लगेगा
339,"केट सिनेमा में है और गलती से अपना कप फर्श पर गिरा देती है। कप कंक्रीट के फर्श पर ४ सेकंड में लुढ़कता है जो ३ मीटर लंबा है, लेकिन कार्पेट वाले फर्श से टकराने के बाद वह ७ सेकंड में २ मीटर जाता है। कप कंक्रीट के फर्श पर तेज़ था क्योंकि कंक्रीट के फर्श पर था?",Option 2,अधिक घर्षण,कम घर्षण
340,जैस्पर अपने भांजे को पार्क ले जा रहा है। फिर उसकी भांजी की बारी है। उसकी भांजी उम्र में पाँच साल से अधिक बड़ी है और वज़न ३२ किलो है जबकि उसके भांजे का वज़न ४० पाउंड १३ औंस है। किस पर गुरुत्वाकर्षण खिंचाव अधिक है?,Option 1,भांजी पर,भांजे पर
341,मैं एक गाड़ी में २३ मी/से की गति से और एक साइकिल पर ४ मी/से की गति से यात्रा कर सकता हूँ। कौन-सा धीमा है?,Option 1,साइकिल,गाड़ी
342,एक खरगोश एक खेत में ३१ किमी/घंटा और एक कैक्टस के खेत में ४७ किमी/घंटा की गति से दौड़ सकता है। इसका मतलब खरगोश को अधिक बाधा कहाँ मिलती है?,Option 2,कैक्टस का खेत,खेत में
343,एक बॉलिंग बॉल का द्रव्यमान १९ पाउंड और एक बेसबॉल का वज़न ६ पाउंड है। किसमें अधिक शक्तिशाली गुरुत्वाकर्षण है?,Option 2,बेसबॉल,बॉलिंग बॉल
344,यदि एक स्केटर एक सड़क पर ६ मी/से और एक स्केट पार्क में ४ मी/से की गति से चलता है तो कौन-सा अधिक चिकना है?,Option 2,स्केट पार्क,सड़क
345,"एक पोर्शे ४ मील/घंटा की गति से दौड़ रही थी और एक टोयोटा १.५ मील/घंटा की गति से दौड़ रही थी, तो पोर्शे ने रेस में लिया?",Option 2,अधिक समय,कम समय
346,"एक मुर्गी ४ मीटर/सेकंड की गति से दौड़ सकती है और एक टर्की २ मीटर/सेकंड की गति से दौड़ सकता है। यदि दोनों अस्तबल से छप्पर की ओर दौड़ें, तो वहाँ कौन जल्दी पहुँचेगा?",Option 1,मुर्गी,टर्की
347,"बॉब स्ट्रीट लाइट से ७९२ सेमी दूर था। वह थोड़ा हट गया और अब वह १९ सेमी दूर है, उसने देखा कि स्ट्रीट लाइट पहले से अधिक _____ है?",Option 1,चमकदार,धुँधली
348,बिली और जिमी एक दिन दौड़कर घर जाने का निर्णय लेते हैं। जिमी को ४ घंटे और बिली को ९ घंटे लगते हैं घर पहुँचने में। इसलिए जिमी बिली से अधिक _____ है?,Option 2,धीमा,तेज़
349,"जैक्स फर्श पर टॉयलेट पेपर का एक रोल गिरा देता है। टॉयलेट पेपर कार्पेट पर लुढ़कता है और २३४ सेंटीमीटर बाद धीरे-धीरे रुक जाता है। बाद में जब वह टॉयलेट पेपर का वही रोल लकड़ी के फर्श पर गिराता है, तो टॉयलेट पेपर का रोल ९ मीटर लंबे कमरे से बाहर निकलता चला जाता है। टॉयलेट पेपर का रोल लकड़ी के फर्श पर अधिक दूरी तक गया क्योंकि उस पर था?",Option 2,अधिक घर्षण,कम घर्षण
350,माही का वज़न ६०० न्यूटन है जबकि उसके दोस्त मूसा का वज़न ८०० न्यूटन है। किसका द्रव्यमान कम होने की संभावना है?,Option 1,माही,मूसा
351,रजनी ने अपनी पेंसिल को अलग-अलग सतहों पर रगड़कर देखा कि कितनी ऊष्मा उत्पन्न होती है। उसने देखा कि मटर जैसे कंकड़ों पर पेंसिल रगड़ने पर ८१ जूल ऊष्मा और कार्पेट पर रगड़ने पर १३७ जूल ऊष्मा उत्पन्न होती है। पेंसिल कहाँ धीमी गति से चलेगी?,Option 1,कार्पेट,मटर जैसे कंकड़
352,"महेश के ट्रक की औसत गति १३ मील प्रति घंटा और उसकी कार की गति २९ मील प्रति घंटा है। यदि वह फ्रीवे पर एक घंटे तक दोनों गाड़ियाँ चलाए, तो कौन अधिक दूरी तय करेगी?",Option 2,ट्रक,कार
353,एक बाज़ को अपना भोजन पाने में ६००० नैनोसेकंड लगते हैं और एक स्लॉथ को १०० मिलीसेकंड लगते हैं। क्यों?,Option 2,बाज़ स्लॉथ से तेज़ है,बाज़ स्लॉथ से धीमा है
354,"दो कागज़ के विमान एक साथ हवा में फेंके जाते हैं। एक मोटे कार्डबोर्ड से बना है जिसका वज़न १८६ ग्राम है, एक विशेष कागज़ से बना है जिसका वज़न ४६७ ग्राम है। कौन-सा विमान तेज़ उड़ता है?",Option 1,कार्डबोर्ड,विशेष कागज़
355,घोड़ा डर्बी ट्रैक पर १२० सेमी/सेकंड की गति से और वन में ३.५ मीटर/सेकंड की गति से चलता है क्योंकि वन में है?,Option 2,अधिक बाधा,कम बाधा
356,एक स्टील की गेंद का द्रव्यमान १३ किग्रा और एक कंकड़ का द्रव्यमान ०.३ किग्रा है। किस वस्तु का गुरुत्वीय क्षेत्र अधिक शक्तिशाली है?,Option 1,इस्पात की गेंद,कंकड़
357,शेप और क्रिस एक ही सड़क पर गाड़ी चला रहे हैं और एक ही गति से जा रहे हैं। लेकिन शेप ने १७ मिनट यात्रा की है और क्रिस ने २५ मिनट यात्रा की है। फलस्वरूप?,Option 2,शेप ने क्रिस से अधिक यात्रा की है,शेप ने क्रिस से अधिक यात्रा नहीं की है
358,"महेश के ट्रक की औसत गति १३ मील प्रति घंटा और उसकी कार की गति २९ मील प्रति घंटा है। यदि वह फ्रीवे पर एक घंटे तक दोनों चलाए, तो कौन कम दूरी तय करेगी?",Option 1,ट्रक,कार
359,जेम्स अपनी स्लेज सूखी बर्फ पर ४० सेमी और गीली बर्फ पर १९ सेमी चला सकता है। इसका मतलब _____ अधिक खुरदरी है?,Option 1,गीली बर्फ,सूखी बर्फ
360,"पुराने पेड़ के तने की चौड़ाई ५.१ इंच है, और नए पेड़ के तने की मोटाई १० सेमी है, तो पुराना पेड़ तुलनात्मक रूप से था?",Option 1,मज़बूत पेड़,कमज़ोर पेड़
361,"एक वॉलीबॉल खिलाड़ी ने जिम के फर्श पर ३ मीटर की छलांग लगाई, लेकिन समुद्र किनारे रेत पर १.२ मीटर की छलांग लगाई। क्योंकि वह थी?",Option 1,अधिक प्रतिरोधी,कम प्रतिरोधी
362,"इयान और एवरी एक ही स्टेशन से ट्रेन पकड़ रहे हैं। इयान की ट्रेन लाल है, और चालीस मील दूर एक गंतव्य की ओर ३९ किमी प्रति घंटे की गति से जा रही है। एवरी की ट्रेन हरी है और चालीस मील दूर एक गंतव्य की ओर २३ किमी प्रति घंटे की गति से जा रही है। कौन-सी ट्रेन धीमी है?",Option 2,लाल,हरी
363,एक सिटी बस एक सड़क पर १२ किमी और एक गली में ८ किमी जा सकती है। कौन-सी अधिक खुरदरी है?,Option 2,सड़क,गली
364,पहला कछुआ एक सेकंड में ४०० सेमी और दूसरा कछुआ ५ सेकंड में २ मीटर यात्रा करता है। यदि दोनों समुद्र तट पर चलते रहें तो किसे समुद्र तक पहुँचने में अधिक समय लगेगा?,Option 2,पहला कछुआ,दूसरा कछुआ
365,"यदि सारा और जेनी दोनों एक ही गति से दौड़ें, सारा १ घंटा २० मिनट दौड़ती है और जेनी सारा से ३० मिनट कम दौड़ती है, तो कौन अधिक दूर दौड़ती है?",Option 1,सारा,जेनी
366,जया और मीना दोनों हाईवे पर एक ही गति से जा रही हैं। जया ०.६५ घंटे और मीना ३८.५० मिनट गाड़ी चलाती है। कौन अधिक दूर गाड़ी चलाती है?,Option 2,मीना,जया
367,टीना और मीना दोनों हाईवे पर एक ही गति से जा रही हैं। टीना ३०.६ मिनट और मीना २८.७६ मिनट गाड़ी चलाती है। कौन अधिक दूर गाड़ी चलाती है?,Option 1,टीना,मीना
368,"बॉब स्ट्रीट लाइट से २९० मीटर दूर था। वह थोड़ा हट गया और अब वह १२ मीटर दूर है, उसने देखा कि उसकी रोशनी और _____ हो गई है।",Option 1,चमकदार,धुँधली
369,टॉड सोमवार को अपनी गाड़ी में बैठता है और २४ घंटे गाड़ी चलाता है। वह मंगलवार को भी वही करता है लेकिन उस दिन १८ घंटे ५० मिनट बाद रुक जाता है। किस दिन वह कम दूर जाएगा?,Option 2,सोमवार,मंगलवार
370,एक गोल्फ बॉल का द्रव्यमान ७८ ग्राम और एक बेसबॉल का द्रव्यमान ०.१५९ किग्रा है। किसका तुलनात्मक रूप से कमज़ोर गुरुत्वीय क्षेत्र है?,Option 1,गोल्फ बॉल का,बेसबॉल का
371,एक गोल्फ बॉल का द्रव्यमान १५८ ग्राम और एक बेसबॉल का द्रव्यमान ०.१५९ किग्रा है। किसका तुलनात्मक रूप से अधिक गुरुत्वीय बल है?,Option 2,गोल्फ बॉल का,बेसबॉल का
372,रोज़ स्कीइंग कर रही है। वह एक कीचड़ भरी पहाड़ी से नीचे और फिर एक बर्फीली पहाड़ी से नीचे स्की करती है। रोज़ ने देखा कि वह २७ मिनट में बर्फीली पहाड़ी से और ३२ मिनट में कीचड़ भरी पहाड़ी से उतरी और दोनों पहाड़ियाँ लगभग एक ही आकार की हैं। उस पहाड़ी पर कीचड़ था इसलिए?,Option 1,अधिक घर्षण,कम घर्षण
373,एक शहर की बस एक सड़क पर १०.३ मील और एक गली में १.२ मील जा सकती है। कौन-सी अधिक खुरदरी है?,Option 2,सड़क,गली
374,"मीता और रीता दौड़ रही हैं। रीता थक जाती है और २५ मिनट जॉगिंग करने के बाद पार्क की बेंच पर आराम करती है। मीता पार्क में ३५ मिनट से दौड़ रही है, कौन अधिक दौड़ी?",Option 1,मीता,रीता
375,केविन ने न्यूयॉर्क से शिकागो के लिए ०८:०० बजे एक विमान लिया और एस्थर ने ०७:०० बजे न्यूयॉर्क से लॉस एंजेलेस जाने वाला एक विमान लिया। दोनों एक ही प्रकार के विमान से यात्रा कर रहे हैं इसलिए उनकी यात्रा की गति एक ही है। दोनों एक ही समय पर अपने गंतव्य पर पहुँच गए। किसने अधिक समय यात्रा की?,Option 2,केविन,एस्थर
376,दो चूहे हाईस्कूल से अस्पताल की ओर चलने निकलते हैं। पहला चूहा १४ मीटर/सेकंड की गति से चलता है और दूसरा चूहा ६ मी/सेकंड की गति से चलता है। अस्पताल पहुँचने में किसने अधिक समय लिया?,Option 2,पहला चूहा,दूसरा चूहा
377,जिम सर्वर से १०० किमी दूर रहता है। रजनी सर्वर से ९७०० मील दूर रहती है। दोनों की इंटरनेट स्पीड एक ही है। किसका पिंग अधिक होगा?,Option 2,जिम,रजनी
378,ब्यूटी क्वीन संगमरमर के फर्श पर १३ मीटर/सेकंड की गति से चल सकी लेकिन लकड़ी के फर्श पर ९ मीटर/सेकंड की गति से। क्योंकि वह था?,Option 1,अधिक प्रतिरोधी,कम प्रतिरोधी
379,मिट्टी के मैदान में लुढ़कता एक अगेट ५ मीटर/सेकंड की गति से चलता है और एक खाली गुफा में २३ मीटर/सेकंड की गति से चलता है। अगेट कहाँ अधिक दूरी तक लुढ़केगा?,Option 2,मिट्टी का मैदान,खाली गुफा
380,एक छोटे लड़के ने हॉलवे में अपनी दो रबर की गेंदें लुढ़काईं। लाल गेंद १०० सेकंड बाद रुकी। नीली गेंद ९१ सेकंड बाद रुकी। कौन-सी सबसे दूर जाती है?,Option 1,लाल गेंद,नीली गेंद
381,जिम सर्वर से ३७ मील दूर रहता है। रजनी सर्वर से ६८०० मील दूर रहती है। दोनों की इंटरनेट स्पीड एक ही है। किसका पिंग अधिक होगा?,Option 2,जिम,रजनी
382,टॉड सोमवार को अपनी गाड़ी में बैठता है और १२ घंटे गाड़ी चलाता है। वह मंगलवार को भी वही करता है लेकिन उस दिन ९ घंटे बाद रुक जाता है। किस दिन वह कम दूर जाएगा?,Option 2,सोमवार,मंगलवार
383,"जॉन और रीता दौड़ रहे हैं। रीता थक जाती है और ४५ मिनट जॉगिंग करने के बाद पार्क की बेंच पर आराम करती है। जॉन पार्क में ३८ मिनट से दौड़ रहा है, कौन अधिक दौड़ा?",Option 2,जॉन,रीता
384,टॉड सोमवार को अपनी गाड़ी में बैठता है और ४ घंटे गाड़ी चलाता है। वह मंगलवार को भी वही करता है लेकिन उस दिन ३ घंटे बाद रुक जाता है। किस दिन वह कम दूर जाएगा?,Option 2,सोमवार,मंगलवार
385,"जो एक बार में काम करता था। बार के एक तरफ काँच का काउंटर और दूसरी तरफ लकड़ी का काउंटर था। जब जो ने काँच के काउंटर पर एक गिलास सरकाया, तो उसने देखा कि वह लकड़ी के काउंटर पर ८.४ सेमी और काँच के काउंटर पर १.३ सेमी फिसला। कौन-सा अधिक चिकना है?",Option 1,काँच का काउंटर,लकड़ी का काउंटर
386,"तालाब में कछुए की तैरने की गति १२ मीटर/सेकंड है, जबकि समुद्र में २.८ मीटर/सेकंड, क्योंकि _____ अधिक चिकना है?",Option 1,तालाब,महासागर
387,एक भूरा चूहा और एक काला चूहा दोनों ५० फुट की सुरंग में से जितनी तेज़ी से हो सके दौड़ते हैं। काला चूहा ११ सेकंड में दूसरे छोर पर पहुँचता है और भूरा चूहा २५ सेकंड में। कौन-सा चूहा तुलनात्मक रूप से कम तेज़ दौड़ सकता है?,Option 1,भूरा चूहा,काला चूहा
388,खाली सीमेंट ट्रक का वज़न लगभग ७२५८ किलो है। बाद में ट्रक में ४२ किलो वज़न के १८ बैग सीमेंट रखे गए। जब वह सीमेंट के बैगों के बिना चल रहा था तब वह अधिक _____ चलता था?,Option 1,तेज़,धीमा
389,"दो विमान एक ही एयरफील्ड से उड़ान भरते हैं और ऊँचाई पर पहुँचकर एक ही वेग से उड़ते हैं। लाल विमान ५७ मिनट उड़कर पास के एक शहर में उतर जाता है, जबकि हरा विमान ३८ मिनट उड़ान में रहता है और उससे पहले के शहर में उतरता है। इसका मतलब क्या है?",Option 1,लाल विमान अधिक दूरी तक उड़ा,हरा विमान अधिक दूरी तक उड़ा
390,एक भूरी बिल्ली और एक काली बिल्ली दोनों ५० फुट की सुरंग में से जितनी तेज़ी से हो सके दौड़ती हैं। काली बिल्ली १८० मिनट में दूसरे छोर पर पहुँचती है और भूरी बिल्ली ६९ मिनट में। कौन-सी बिल्ली तुलनात्मक रूप से तेज़ नहीं दौड़ सकती?,Option 2,भूरी बिल्ली,काली बिल्ली
391,जिम ५ सेंटीमीटर मोटी केवलर वेस्ट पहनता है। जैक केवल १ सेंटीमीटर मोटी एक सूती शर्ट पहनता है। कौन-सा एक गोली रोक सकेगा?,Option 1,केवलर,सूती
392,"यदि एक कार और एक पिकअप दोनों ६० मील की गति से यात्रा करें, लेकिन कार २ घंटे बाद रुके जबकि पिकअप ६ घंटे बाद रुके, तो किसने कम दूरी तय की?",Option 1,कार,पिकअप
393,एफ-१६ का वज़न आमतौर पर २०००० पाउंड होता है और जंबो जेट का वज़न ७००००० पाउंड होता है। इसलिए एफ-१६ था?,Option 2,धीमी गति वाला,तेज़ गति वाला
394,महेश और मीरा पार्क के चारों ओर अपनी बाइक चलाने का निर्णय लेते हैं। वे एक ही रास्ते पर चलते हैं लेकिन महेश ४५ मी/सेकंड की गति से अपनी बाइक चलाता है और मीरा २३ मी/सेकंड की गति से बाइक चलाती है। दस मिनट बाद कौन कम दूरी तय करेगा?,Option 2,महेश,मीरा
395,"एक काउबॉय और एक हिप्पी दोनों सैन फ्रांसिस्को में चल रहे थे, और एक ही ऊँचाई के होने के कारण वे एक ही गति से चल रहे थे। लेकिन काउबॉय भोर में उठा और ५ बजे चलना शुरू किया जबकि हिप्पी ने दोपहर १ बजे चलना शुरू किया। अब शाम के ७ बजे हैं, यानी?",Option 2,काउबॉय ने कम दूरी तय की है,हिप्पी ने कम दूरी तय की है
396,"टेरी अपनी साइकिल यात्रा पर ले जाता है, पहले १ सेकंड में ७ मीटर घास के मैदान में से, फिर २ सेकंड में १२ मीटर की पक्की सड़क। पक्की सड़क थी?",Option 1,अधिक प्रतिरोधी,कम प्रतिरोधी
397,"मैमथ पानी के गड्ढे में से ३ किमी प्रति घंटे की गति से चला, लेकिन कठोर मिट्टी पर ९ किमी प्रति घंटे की गति से चला क्योंकि कठोर मिट्टी थी?",Option 1,कम प्रतिरोधी,अधिक प्रतिरोधी
398,एक बॉलिंग बॉल का द्रव्यमान २१ पाउंड और एक बेसबॉल का वज़न ९ पाउंड है। किसका गुरुत्वाकर्षण बल कमज़ोर है?,Option 1,बेसबॉल,बॉलिंग बॉल
399,"यदि एक कार और एक पिकअप दोनों ६० मील की गति से यात्रा करें, लेकिन कार ५ मिनट बाद रुके जबकि पिकअप ८ मिनट बाद रुके, तो किसने कम दूरी तय की?",Option 1,कार,पिकअप
400,एलियट एक गोदाम में काम कर रहा है। वह देखता है कि वह एक हैंडकार्ट को सीमेंट पर २४ मीटर/सेकंड और कार्पेट पर १७ मीटर/सेकंड की गति से धकेल सकता है। हैंडकार्ट कहाँ अधिक गर्मी उत्पन्न करेगा?,Option 1,कार्पेट,सीमेंट
