Q No.,Question,Answer
1,"ललिता के बाल ८ इंच लंबे हैं। यदि वह ३ इंच काट दे, तो उसके बाल कितने लंबे होंगे?",५
2,रोहन की माँ ने २१ पीठे (मीठे पकवान) बनाए। करण के पिता ने ९ खा लिए। कितनी कुकीज़ बची हैं?,१२
3,"एक सिनेमा थिएटर वयस्कों के लिए ७.५० रुपये और बच्चों के लिए ४.५० रुपये लेता है। एक सिनेमा दिखाने की रसीद ५४० रुपये थी। यदि ८० टिकट बिके, तो पता कीजिए कितने वयस्क टिकट बिके।",६०
4,"दो संख्याओं का योग १८ है। यदि छोटी संख्या का दोगुना बड़ी संख्या से ६ अधिक हो, तो छोटी संख्या ज्ञात कीजिए।",८
5,मेलिसा के पास ८८ केले हैं। जोशुआ ने मेलिसा के साथ ४ और साझा किए। मेलिसा के पास कितने केले होंगे?,९२
6,वह छोटी संख्या ढूँढ़िए जिनका योग १४७ है और एक दूसरी के ०.३७५ गुने से ४ बड़ी है।,४३
7,"एक संख्या दूसरी के दोगुने से ९ कम है, और उनका योग ४२ है। बड़ी संख्या कितनी है?",२५
8,"दो संख्याओं का योग १८ है। यदि छोटी संख्या का दोगुना बड़ी संख्या से ६ अधिक हो, तो छोटी संख्या और बड़ी संख्या ज्ञात कीजिए।",८
9,"दो संख्याओं में से एक दूसरी की तीन गुनी है। यदि उनका योग १२४ हो, तो बड़ी संख्या कितनी है?",९३
10,"एक पूर्णांक दूसरे का दोगुना है, और उनका योग ९६ है। बड़ा पूर्णांक ढूँढ़िए।",६४
11,"इस साल एक गाड़ी का मूल्य १६००० डॉलर है, जो पिछले साल के मूल्य का ०.८ गुना है। पिछले साल गाड़ी का मूल्य कितना था?",२००००
12,"मान लीजिए आपने १०००० डॉलर निवेश किए, कुछ भाग ६% वार्षिक ब्याज पर और बाकी ९% वार्षिक ब्याज पर। यदि आपको एक साल बाद ६८४ डॉलर ब्याज मिला हो, तो आपने ६% वार्षिक ब्याज पर कितने रुपये निवेश किए?",७२००
13,५ और एक संख्या का योग २० है। संख्या ज्ञात कीजिए।,१५
14,एडम ने बिल्ली के खाने के ९ पैकेज खरीदे जिनमें प्रत्येक में १० कैन थे। इसके अलावा उसने कुत्ते के खाने के ७ पैकेज खरीदे जिनमें प्रत्येक के अंदर ५ कैन हैं। उसके पास कुल मिलाकर पालतू भोजन के कितने कैन हैं?,१२५
15,"एक विमान दो अलग-अलग विंग टैंकों में जमा कुल ३६ गैलन ईंधन के साथ एक उड़ान शुरू करता है। उड़ान के दौरान, एक टैंक का २५% ईंधन उपयोग होता है और दूसरे टैंक का ३७.५% ईंधन उपयोग होता है। यदि कुल उपयोग हुआ ईंधन ११.२ गैलन हो, तो प्रत्येक टैंक में कितना ईंधन जमा है?",१८.४०
16,नीला के पास ९ नीले गुब्बारे थे और उसे २ और मिले। नीला के पास अब कितने नीले गुब्बारे हैं?,११
17,पिता और पुत्र की वर्तमान आयु का अंतर १५ वर्ष है। ३० वर्ष बाद उनकी आयु का अंतर कितना होगा?,१५
18,१७१६ मीटर लंबे एक भार को ७८ बराबर भागों में बाँटा जाए तो प्रत्येक भाग की लंबाई कितने मीटर होगी?,२२
19,यदि ८५ किलो चावल का दाम २२९५ रुपये हो तो १ किलो चावल का दाम कितना है?,२७
20,तुम्हारे पास २७८४ मोती हैं। एक माला बनाने में ९८ मोती लगते हैं। सभी मोतियों का उपयोग करके तुम ऐसी कितनी मालाएँ बना सकोगे?,२८
21,५०० पेंसिलों में से प्रत्येक बॉक्स में १२ पेंसिलें रखने पर कितने बॉक्सों की आवश्यकता होगी?,४२
22,तुम ९९ खिलाड़ियों में से ११ सदस्यों वाली कितनी फुटबॉल टीमें बना सकोगे?,९
23,रूपा और मणि के पास मिलाकर ८७५ रुपये हैं। मणि के पास रूपा से १२५ रुपये अधिक हैं। मणि के पास कितने रुपये हैं?,५००
24,रूपा और मणि के पास मिलाकर ८७५ रुपये हैं। मणि के पास रूपा से १२५ रुपये अधिक हैं। रूपा के पास कितने रुपये हैं?,३७५
25,पिता-पुत्र की आयु का योग ५५ वर्ष है। पिता की आयु पुत्र की आयु की ४ गुनी है। पिता की आयु कितनी है?,४४
26,४ मुर्गियों और ३ बत्तखों का दाम मिलाकर ६३९ रुपये है। यदि १ बत्तख का दाम ८५ रुपये हो तो १ मुर्गी का दाम कितना है?,९६
27,ऐसी एक संख्या ज्ञात कीजिए जो १५४३ से ५०० बड़ी है।,२०४३
28,"गाँव वालों ने गाँव की सड़क की मरम्मत के लिए पैसा इकट्ठा करने का निर्णय लिया। गाँव में ३२४ परिवार हैं। यदि प्रत्येक परिवार २५० रुपये जमा करे, तो कुल कितने रुपये होंगे?",८१०००
29,"एक कंपनी के व्यवसाय में ९५२०० रुपये का लाभ हुआ और उसे कर्मचारियों में बराबर बाँटने का निर्णय हुआ। यदि प्रत्येक कर्मचारी को ८०० रुपये मिलें, तो कर्मचारियों की संख्या कितनी है?",११९
30,आलोक बाबू का मासिक वेतन ९८७० रुपये है। हर महीने वे ३८०० रुपये मकान किराए में और ५६५० रुपये परिवार की ज़रूरतों में खर्च करते हैं। शेष रुपये वे एक बैंक में जमा करते हैं। वे साल में कितने रुपये बैंक में जमा करते हैं?,५०४०
31,१८ अंडों का दाम ७२ रुपये है। ऐसे १५ अंडे खरीदने के लिए कितने रुपयों की आवश्यकता है?,६०
32,४ कलमों का मूल्य ८० रुपये है। १० कलमों का मूल्य कितना है?,२००
33,१२ प्लेटों और २० कपों का मूल्य मिलाकर ३९२० रुपये है। एक कप का मूल्य १४५ रुपये है। एक प्लेट का मूल्य कितना है?,८५
34,"एक किराने की दुकान में एक कॉपी १८ रुपये में, एक पेंसिल ८ रुपये में और एक ज्यामितीय त्रिकोण (सेट स्क्वायर) २५ रुपये में बिकता है। हम ४ कॉपियाँ, ८ पेंसिलें और २ ज्यामितीय त्रिकोण खरीदते समय ५०० रुपये दें तो कितने रुपये वापस पाएँगे?",३१४
35,एक मोटरसाइकिल १२ लीटर पेट्रोल से ३०० कि.मी. जा सकती है। १०० कि.मी. जाने के लिए कितने लीटर पेट्रोल लगेगा?,४
36,२ गायों और ३ बकरियों का मूल्य मिलाकर ४५०८० रुपये है। एक बकरी का मूल्य ४५६० रुपये है। एक गाय का मूल्य कितना है?,१५७००
37,जयराम बाबू का मासिक वेतन ८७६५ रुपये है। हर महीने वे ३२२५ रुपये मकान किराए और ४८५० रुपये अन्य चीज़ें खरीदने में खर्च करते हैं। शेष रुपये वे बैंक में जमा करते हैं। वे ८ महीनों में कितने रुपये जमा करते हैं?,५५२०
38,सरिता और कविता का वेतन मिलाकर १९९५० रुपये है। सरिता की तुलना में कविता २४५० रुपये अधिक पाती है। सरिता का वेतन कितना है?,८७५०
39,सरिता और कविता का वेतन मिलाकर १९९५० रुपये है। सरिता की तुलना में कविता २४५० रुपये अधिक पाती है। कविता का वेतन कितना है?,११२००
40,राजू और मोनू के पास मिलाकर ६९० लीची हैं। राजू की तुलना में मोनू के पास ८६ लीची कम हैं। राजू के पास कितनी लीची हैं?,३८८
41,राजू और मोनू के पास मिलाकर ६९० लीची हैं। राजू की तुलना में मोनू के पास ८६ लीची कम हैं। मोनू के पास कितनी लीची हैं?,३०२
42,माँ और पुत्र की आयु का योग ६० वर्ष है। माँ की आयु पुत्र की आयु की ३ गुनी है। माँ की आयु कितनी है?,४५
43,माँ और पुत्र की आयु का योग ६० वर्ष है। माँ की आयु पुत्र की आयु की ३ गुनी है। पुत्र की आयु कितनी है?,१५
44,"भाजक ७८, भागफल २५ और शेषफल भाजक का एक-तिहाई है। भाज्य कितना है?",१९७६
45,"भाज्य ८९०३, भाजक ८७ और शेषफल २९ है। भागफल कितना है?",१०२
46,एक कारखाने में ७ दिनों में २५२० साइकिलें बनती हैं। उस कारखाने में ३ सप्ताह में कितनी साइकिलें बनेंगी?,७५६०
47,आरती ने ७२ रुपये में ३ कॉपियाँ खरीदीं। १२ कॉपियाँ खरीदने के लिए उसे कितने रुपये लगेंगे?,२८८
48,"यदि ८ किलो पुलाव के चावल का मूल्य ९६० रुपये हो, तो ४८०० रुपये में कितने किलो चावल खरीदे जा सकेंगे?",४०
49,गीता के पास ११/६ लीटर और मनन के पास १३/६ लीटर जूस है। मनन के पास कितने लीटर जूस अधिक है?,१/३
50,७/५ मीटर और ४/५ मीटर लंबाई के दो फीते मिलाकर कितने मीटर हैं?,११/५
51,गीता के पास १३/८ लीटर और मनन के पास ११/६ लीटर जूस है। मनन के जूस की मात्रा कितनी अधिक है?,५/२४
52,एक बॉक्स आइसक्रीम बनाने में २/७ लीटर दूध की आवश्यकता होती है। ऐसे ३ बॉक्स आइसक्रीम बनाने के लिए कितने लीटर दूध की आवश्यकता है?,६/७
53,एक बोर्ड के ३/४ वर्ग मीटर को रंगने में १ डेसीलीटर रंग लगता है। ४ डेसीलीटर रंग से कितने वर्ग मीटर रंगा जा सकेगा?,३
54,एक कटोरी खीर बनाने में २ किलोग्राम चीनी लगती है। ऐसी १४ कटोरी खीर बनाने के लिए कितने किलोग्राम चीनी लगेगी?,२८
55,४/५ लीटर शरबत २ लोगों में बराबर बाँटने पर प्रत्येक को कितने लीटर शरबत मिलेगा?,२/५
56,८/९ लीटर दूध ५ लोगों में बराबर बाँटने पर प्रत्येक को कितने लीटर दूध मिलेगा?,८/४५
57,३/५ वर्ग मीटर क्षेत्रफल के लिए २ डेसीलीटर रंग लगता है। १ डेसीलीटर रंग से कितने वर्ग मीटर क्षेत्रफल रंगा जा सकेगा?,३/१०
58,१ डेसीलीटर रंग से ८/९ वर्ग मीटर रंगा जा सकता है। ५/८ डेसीलीटर रंग से कितने वर्ग मीटर रंगा जा सकेगा?,५/९
59,"एक बगीचे का क्षेत्रफल २० वर्ग मीटर है। इस बगीचे के ५/६ भाग में फूल उगाए गए हैं, उगाए गए भाग का क्षेत्रफल कितने वर्ग मीटर है?",१६.६६
60,दूध के ४ पैकेटों में से प्रत्येक में ०.२ लीटर दूध है। सभी पैकेटों का दूध मिलाने पर कितने लीटर दूध होगा?,०.८०
61,५ कप हैं जिनमें से प्रत्येक का वज़न ०.३ किलो है। ५ कपों का वज़न मिलाकर कितना है?,१.५०
62,दूध के ७ पैकेटों में से प्रत्येक में ०.०८ लीटर दूध है। ऐसे ७ पैकेटों में कुल कितने लीटर दूध है?,०.५६
63,एक मोटरसाइकिल प्रति सेकंड ०.०२ कि.मी. जाती है। ८ सेकंड में कितने किलोमीटर जाती है?,०.१६
64,हम ०.६ लीटर दूध ३ विद्यार्थियों में बराबर बाँटना चाहते हैं। प्रत्येक विद्यार्थी को कितने लीटर दूध मिलेगा?,०.२०
65,५ विद्यार्थी ४.५ मीटर फीता आपस में बराबर बाँटना चाहते हैं। प्रत्येक को कितने मीटर फीता मिलेगा?,०.९०
66,"एक बर्तन में ०.६३ लीटर तेल है। वह तेल ७ कपों में बराबर डाला जाए, तो प्रत्येक कप में कितने लीटर तेल होगा?",०.०९
67,हम २ लीटर दूध ५ विद्यार्थियों में बराबर बाँटना चाहते हैं। प्रत्येक विद्यार्थी को कितने लीटर दूध मिलेगा?,०.४०
68,एक शिक्षक ने ७५ विद्यार्थियों में से प्रत्येक को ०.२४ मीटर फीता दिया। उन्होंने सभी विद्यार्थियों को कुल कितने मीटर फीता दिया?,१८
69,यदि एक टोकरी फलों का वज़न २.५६५ किलो हो तो ऐसी १२ टोकरियों के फलों का वज़न कितना है?,३०.७८
70,एक पैकेट में ०.३३४ लीटर दूध है। ऐसे ५० पैकेटों में कितने लीटर दूध है?,१६.७०
71,३५.२८ लीटर तेल ९ परिवारों में बराबर बाँटने पर प्रत्येक परिवार को कितने लीटर तेल मिलेगा?,३.९२
72,यदि १२ कपों का वज़न मिलाकर ६.६ किलो हो तो प्रत्येक का वज़न कितना है?,०.५५
73,एक इंच २.५४ से.मी. के बराबर है। ८.५ इंच कितने से.मी. के बराबर है?,२१.५९
74,एक गाड़ी एक घंटे में ४२.८ कि.मी. जाती है। १५.५ घंटे में गाड़ी कितने कि.मी. जाती है?,६६३.४०
75,एक गाड़ी २.५ घंटे में ११४.५ कि.मी. जाती है। गाड़ी एक घंटे में कितने कि.मी. जाती है?,४५.८०
76,सुखपुर गाँव की कुल जनसंख्या १२८० है। उनमें से ४०% लोग शिक्षित हैं। शिक्षित लोगों की संख्या ज्ञात कीजिए।,५१२
77,दस लाख रुपये के लिए कुल कितने दो सौ रुपये के नोटों की आवश्यकता है?,५०००
78,दस हज़ार रुपये के लिए कुल कितने पाँच सौ रुपये के नोटों की आवश्यकता है?,२०
79,५% लाभ की दर से १० वर्षों में १०००० रुपये पर कितने रुपये का लाभ मिलेगा?,५०००
80,नवीन के पास ५ रुपये थे। दुकान में उसने एक नए खेल पर २ रुपये खर्च किए। यदि उसे अपने भत्ते के ५ रुपये और मिलें तो उसके पास अब कितनी राशि है?,८
81,बबलू ४ मील प्रति घंटे की गति से ५ मील चला। बबलू कितने घंटे चलता रहा?,१.२५
82,"राजेश ने १ मीटर लंबी एक रेखा खींची। फिर उसे लगा कि यह कुछ लंबी है। इसलिए, उसने इसका ३३ सेंटीमीटर मिटा दिया। फलस्वरूप रेखा की लंबाई अब कितने से.मी. है?",६७ 
83,पार्क में ६ अखरोट के पेड़ हैं। पार्क के कर्मचारी आज ४ पेड़ हटाएँगे। कर्मचारियों का काम पूरा होने के बाद पार्क में कितने अखरोट के पेड़ रहेंगे?,२
84,स्पर्स बास्केटबॉल टीम में २२ खिलाड़ी हैं। प्रत्येक खिलाड़ी के पास ११ बास्केटबॉल हैं। उन सबके पास मिलाकर कितने बास्केटबॉल हैं?,२४२
85,जोआन इस साल १४ फुटबॉल मैच देखने गई। वह इस साल और पिछले साल कुल ३१ मैच देखने गई। जोआन पिछले साल कितने फुटबॉल मैच देखने गई थी?,१७
86,१२ कलम और ३० कॉपियों का मूल्य मिलाकर १९२ रुपये है। यदि एक कलम का मूल्य ६ रुपये हो तो एक कॉपी का मूल्य कितने रुपये है?,४
87,तीन संख्याओं का योग ५४५२ है। यदि दो संख्याएँ २५६३ और १२४५ हों तो तीसरी संख्या कितनी है?,१६४४
88,सीता की तुलना में रोहन के पास ३९० रुपये अधिक हैं। श्याम की तुलना में सीता के पास ४७० रुपये कम हैं। श्याम के पास ८९० रुपये हैं। सीता के पास कितने रुपये हैं?,४२०
89,सीता की तुलना में रोहन के पास ३९० रुपये अधिक हैं। श्याम की तुलना में सीता के पास ४७० रुपये कम हैं। श्याम के पास ८९० रुपये हैं। रोहन के पास कितने रुपये हैं?,८१०
90,एक पार्क में एक बरगद का पेड़ और एक चीड़ का पेड़ है। १५० वर्ष पहले दोनों पेड़ों की आयु का योग २९६१ वर्ष था। वर्तमान में चीड़ के पेड़ की आयु १४३२ वर्ष है। २०० वर्ष बाद चीड़ के पेड़ की आयु कितने वर्ष होगी?,१६३२
91,एक पार्क में एक बरगद का पेड़ और एक चीड़ का पेड़ है। १५० वर्ष पहले दोनों पेड़ों की आयु का योग २९६१ वर्ष था। वर्तमान में चीड़ के पेड़ की आयु १४३२ वर्ष है। वर्तमान में बरगद के पेड़ की आयु कितने वर्ष होगी?,१८२९
92,एक पार्क में एक बरगद का पेड़ और एक चीड़ का पेड़ है। १५० वर्ष पहले दोनों पेड़ों की आयु का योग २९६१ वर्ष था। वर्तमान में चीड़ के पेड़ की आयु १४३२ वर्ष है। २०० वर्ष बाद दोनों पेड़ों की आयु का योग कितना होगा?,३६६१
93,एक पार्क में एक बरगद का पेड़ और एक चीड़ का पेड़ है। १५० वर्ष पहले दोनों पेड़ों की आयु का योग २९६१ वर्ष था। वर्तमान में चीड़ के पेड़ की आयु १४३२ वर्ष है। वर्तमान में दोनों पेड़ों की आयु का योग कितने वर्ष होगा?,३२६१
94,एक पार्क में एक बरगद का पेड़ और एक चीड़ का पेड़ है। १५० वर्ष पहले दोनों पेड़ों की आयु का योग २९६१ वर्ष था। वर्तमान में चीड़ के पेड़ की आयु १४३२ वर्ष है। २०० वर्ष बाद बरगद के पेड़ की आयु कितने वर्ष होगी?,२०२९
95,माँ और पुत्र की आयु का योग ६० वर्ष है। माँ की आयु पुत्र की आयु की ३ गुनी है। तो माँ की आयु कितने वर्ष है?,४५
96,माँ और पुत्र की आयु का योग ६० वर्ष है। माँ की आयु पुत्र की आयु की ३ गुनी है। तो पुत्र की आयु कितने वर्ष है?,१५
97,रीना ने १५३ रुपये में ३ कॉपियाँ खरीदीं। तो १२ कॉपियाँ खरीदने के लिए उसे कितने रुपये लगेंगे?,६१२
98,२ गायों और ३ बकरियों का मूल्य मिलाकर ४५०८० रुपये है। एक बकरी का मूल्य ४५६० रुपये है। तो एक गाय का मूल्य कितने रुपये है?,१५७००
99,नकुल और धीरज का वेतन मिलाकर १९९५० रुपये है। नकुल की तुलना में धीरज २४५० रुपये अधिक पाता है। नकुल कितने रुपये वेतन पाता है?,८७५०
100,नकुल और धीरज का वेतन मिलाकर १९९५० रुपये है। नकुल की तुलना में धीरज २४५० रुपये अधिक पाता है। धीरज कितने रुपये वेतन पाता है?,११२००
101,राजदीप के पिता ने अपने अमरूद के बगीचे से १२५ अमरूद २ रुपये प्रति अमरूद के दाम पर सदर बाज़ार में बेचे। मिले हुए रुपयों से उन्होंने ५ रुपये दाम के २ पेन और २० रुपये दाम की २ कॉपियाँ खरीदीं। बाकी रुपये उन्होंने अपने दोनों भाई-बहनों को मिठाई खाने के लिए बराबर बाँट दिए। देखते हैं राजदीप को कितने रुपये मिले।,१००
102,"वह सबसे छोटी संख्या ढूँढ़ते हैं जो १८, २४, ४२ से विभाज्य है।",५०४
103,वह सबसे बड़ी संख्या ढूँढ़ते हैं जिससे ४५ और ६० को भाग देने पर कोई शेष नहीं बचेगा।,१५
104,"दो संख्याओं का ल.स. और म.स. क्रमशः २५२ और ६ है; दोनों संख्याओं का गुणनफल कितना है, हिसाब करते हैं।",१५१२
105,"दो संख्याओं का म.स. और ल.स. क्रमशः ८ और २८० है; यदि एक संख्या ५६ हो तो दूसरी संख्या कितनी है, हिसाब करते हैं।",४०
106,दो संख्याओं का म.स. १ और गुणनफल ३० है। छोटी संख्या लिखते हैं।,२
107,दो संख्याओं का म.स. १ और गुणनफल ३० है। बड़ी संख्या लिखते हैं।,१५
108,"४८ रसगुल्ले और ६४ लड्डू बिना कोई तोड़े अधिकतम कितने लोगों को बराबर संख्या में दिए जा सकेंगे, देखते हैं।",१६
109,"विकास और उसके दोस्तों ने मिलकर ८ या १० सदस्यों वाली नाटक की एक टीम बनाने की सोची। कम से कम कितने लोग होने पर वे दोनों प्रकार की टीमें बना सकेंगे, हिसाब करते हैं।",४०
110,"सरस्वती विद्या मंदिर स्कूल की छठी कक्षा के छात्र-छात्राओं को, स्कूल के बगीचे में लगाने के लिए पंचायत से फूलों के पौधे भेजे गए। हिसाब करने पर देखा गया कि पौधों को २०, २४ या ३० पंक्तियों में लगाने पर हर स्थिति में प्रत्येक पंक्ति में बराबर पौधे रहते हैं। पंचायत से कम से कम कितने पौधे भेजे गए थे, हिसाब करके देखते हैं।",१२०
111,"एक इंजन के अगले पहिये की परिधि १४ डेसीमीटर और पिछले पहिये की परिधि ३५ डेसीमीटर है। कम से कम कितना रास्ता चलने पर दोनों पहिये एक साथ पूर्ण संख्या में चक्कर पूरे करेंगे, हिसाब करते हैं।",७०
112,"मेरे पास एक बड़ी चॉकलेट है। मैंने उस चॉकलेट के बराबर ८ टुकड़े करके उसके ३ टुकड़े बहन को, २ टुकड़े भाई को दिए और बाकी टुकड़े खुद खा लिए। देखता हूँ मुझे चॉकलेट का कितना भाग मिला।",३/८
113,"मेरे पास एक बड़ी चॉकलेट है। मैंने उस चॉकलेट के बराबर ८ टुकड़े करके उसके ३ टुकड़े बहन को, २ टुकड़े भाई को दिए और बाकी टुकड़े खुद खा लिए। देखता हूँ बहन को चॉकलेट का कितना भाग मिला।",३/८
114,"मेरे पास एक बड़ी चॉकलेट है। मैंने उस चॉकलेट के बराबर ८ टुकड़े करके उसके ३ टुकड़े बहन को, २ टुकड़े भाई को दिए और बाकी टुकड़े खुद खा लिए। देखता हूँ भाई को चॉकलेट का कितना भाग मिला।",१/४
115,"१ से १० तक की पूर्ण संख्याओं में कुल पूर्ण संख्याओं का कितना भाग अभाज्य संख्याएँ हैं, ढूँढ़ते हैं।",२/५
116,"टोकरी में कुछ संतरे हैं। आधे संतरे दादाजी को देने के बाद टोकरी में २ संतरे बचे रहे। दादाजी को देने से पहले टोकरी में कितने संतरे थे, हिसाब करते हैं।",४
117,"स्कूल के गेट का ५/७ भाग रंगा जा चुका है। कितना भाग रंगना अभी बाकी है, हिसाब करते हैं।",२/७
118,"मेरे पास २० रुपये हैं। मैंने ५ रुपये खर्च किए। मैंने अपने रुपयों का कितना भाग खर्च किया, हिसाब करता हूँ।",१/४
119,"मेरे पास २० रुपये हैं। मैंने ५ रुपये खर्च किए। मेरे रुपयों का कितना भाग अभी भी मेरे पास है, हिसाब करता हूँ।",३/४
120,"रचना के पास ३६ फूल हैं। वह अपने कुल फूलों का २/३ भाग मुझे देगी। रचना मुझे कितने फूल देगी, हिसाब करता हूँ।",२४
121,"आज टिफिन के समय स्कूल की पूरी भरी पानी की टंकी का १/४ भाग पानी खर्च हुआ। छुट्टी के समय देखा गया कि १/३ भाग पानी और खर्च हुआ है। छुट्टी के बाद टंकी में कितना भाग पानी बचा है, देखते हैं।",५/१२
122,रतन बाबू ने अपनी २५ बीघा ज़मीन में से १६ बीघा ज़मीन पर जूट की खेती की है। लेकिन उषा देवी ने अपनी १५ बीघा ज़मीन में से ८ बीघा ज़मीन पर जूट की खेती की है। हिसाब करके देखते हैं कि रतन बाबू ने अपनी ज़मीन के कितने भाग पर जूट की खेती की है।,१६/२५
123,रतन बाबू ने अपनी २५ बीघा ज़मीन में से १६ बीघा ज़मीन पर जूट की खेती की है। लेकिन उषा देवी ने अपनी १५ बीघा ज़मीन में से ८ बीघा ज़मीन पर जूट की खेती की है। हिसाब करके देखते हैं कि उषा देवी ने अपनी ज़मीन के कितने भाग पर जूट की खेती की है।,८/१५
124,"मेरे पास १५ मीटर लंबा सफेद फीता है। मैंने १/३ भाग काट लिया। कितना लंबा सफेद फीता बचा रहा, निकालते हैं।",१०
125,"मेरे पास ५ रुपये थे। मैंने ३.५० रुपये का पेन खरीदा। कितने रुपये बचे हैं, देखता हूँ।",१.५०
126,देखते हैं २.७५ के साथ कितना जोड़ने पर ३ मिलेगा।,०.२५
127,मीरा ने १२.५ से.मी. लंबाई की रस्सी से ८.५ लंबाई की रस्सी काट ली। देखते हैं अब कितनी लंबाई की रस्सी बची है।,४
128,"घर में समारोह के लिए पिताजी २०० रुपये के चावल, १२५.५० रुपये की दाल और २४२.५० रुपये की सब्ज़ियाँ लाए। पिताजी ने कुल कितने रुपये खर्च किए, हिसाब करते हैं।",५६८
129,लंबी कूद प्रतियोगिता में साहिल ने १८२.८८ से.मी. की छलांग लगाई और मुन्ना ने १७९.२५ से.मी. की। साहिल ने कितनी अधिक छलांग लगाई?,३.६३
130,देखते हैं ५ में से कितना घटाने पर २.१७२ मिलेगा।,२.८२८
131,"देखें, ४.१५ में से २.६४७ के अंतर के साथ कितना जोड़ने पर १० मिलेगा।",८.४९७
132,"गोमती नदी के किनारे के एक हिस्से को बांधने में ४० मजदूरों को ३५ दिन लगते हैं। २८ दिनों के भीतर उस हिस्से को बांधने में कितने मजदूर लगेंगे, हिसाब करें।",५०
133,"राजीव, देवांगना, मासूम और तनीषा ६ दिनों में १५०टी सवाल हल कर सकते हैं। हिसाब करके देखें, यदि प्रत्येक व्यक्ति प्रतिदिन समान मात्रा में सवाल हल करे तो राजीव और तनीषा कितने दिनों में २५० सवाल हल कर पाएंगे।",२०
134,"२ लोग एक दिन में एक दरवाजे का १/३ हिस्सा पॉलिश कर सकते हैं। २ दिनों में दरवाजे का २/३ हिस्सा पॉलिश करना हो तो कितने लोग लगेंगे, हिसाब करें।",२
135,"५०० छात्रों के मिड-डे मील के लिए १ सप्ताह में १७५ किग्रा. चावल लगता है। ७५ किग्रा. चावल खर्च करने के बाद ४०० छात्रों का बचे हुए चावल से कितने दिन चलेगा, हिसाब करें।",५
136,"३६० बीघा जमीन २० दिनों में जोतने के लिए ४ ट्रैक्टर लगते हैं। १८०० बीघा जमीन १० दिनों में जोतनी हो तो कितने ट्रैक्टर लगेंगे, हिसाब करें।",४०
137,"एक मेले में १२ जेनरेटर प्रतिदिन ६ घंटे चलाने पर ७ दिनों में जमा तेल खर्च हो जाता है। प्रतिदिन ४ घंटे चलाने पर ९ दिनों में उस जमा तेल से कितने जेनरेटर चलाए जा सकेंगे, हिसाब करें।",१४
138,"१५ ठेले ४० मिनट में ७५ क्विंटल सब्जी ढो सकते हैं। २० ठेले १०० क्विंटल सब्जी ढोने में कितना समय लेंगे, हिसाब करें।",४०
139,"हॉस्टल में २० छात्रों के ३० दिनों के लिए १५० किग्रा. आटा जमा रखा है। लेकिन ३० किग्रा. आटा खराब हो गया है और ५ छात्र घर चले गए हैं। बचे हुए आटे से शेष छात्रों का कितने दिन चलेगा, हिसाब करें।",३२
140,"दो संख्याओं का योगफल ८२९४५१९५ है; एक संख्या ६९१००२७८ हो तो दूसरी संख्या कितनी है, हिसाब करें।",१३८४४९१७
141,"दो संख्याओं का अंतर २८३५१०३६ है; एक संख्या ३०५२९१७९ हो तो दूसरी संख्या कितनी है, हिसाब करें।",२१७८१४३
142,"बकुलपुर के एक कारखाने में पिछले साल ७५२१२०० रुपये की आय हुई थी। इस साल और ३२५०३२५ रुपये की आय हुई हो तो दो सालों में कुल कितने रुपये की आय हुई, हिसाब करें।",१०७७१५२५
143,"दो संख्याओं का गुणनफल १५०५०४९० है; एक संख्या ५ हो तो दूसरी कितनी है, देखें।",३०१००९८
144,"समीर बाबू संपत्ति बेचकर ३५६२९८५० रुपये पाते हैं। उन्होंने उस राशि में से १००६२००० रुपये पत्नी को, १३०५०००० रुपये तीन बच्चों के बीच बराबर बांटकर दे दिए। बाकी रुपये गांव के स्कूल बनाने में दान कर दिए। हिसाब करके देखें- उन्होंने प्रत्येक बच्चे को कितने रुपये दिए।",४३५००००
145,"समीर बाबू संपत्ति बेचकर ३५६२९८५० रुपये पाते हैं। उन्होंने उस राशि में से १००६२००० रुपये पत्नी को, १३०५०००० रुपये तीन बच्चों के बीच बराबर बांटकर दे दिए। बाकी रुपये गांव के स्कूल बनाने में दान कर दिए। हिसाब करके देखें- उन्होंने गांव के विद्यालय बनाने में कितने रुपये दान किए।",१२५१७८५०
146,"एक शहर की जनसंख्या दो करोड़ अट्ठानबे लाख बहत्तर हजार छह सौ है। इनमें पुरुष १२५००५०० और महिलाएं ८८७२४३५ हों तो बच्चों की संख्या कितनी है, हिसाब करें।",८४९९६६५
147,"२३४५६७ के साथ कौन-सी छोटी से छोटी संख्या जोड़ने पर योगफल ८३५ से विभाज्य होगा, देखें।",६८
148,"एक संस्था ने एक चित्रकार की बनाई दो तस्वीरें क्रमशः ९००००० रुपये और २००००००  रुपये में खरीदीं और एक अन्य चित्रकार की बनाई दो तस्वीरें क्रमशः ३०२१६३६ रुपये और १७६१०८४ रुपये में खरीदीं। चारों तस्वीरें खरीदने में उस संस्था ने कुल कितने रुपये खर्च किए, देखें।",७६८२७२०
149,"किसी एक देश का क्षेत्रफल लगभग ३२८७२६३ वर्ग किलोमीटर है। इसमें वनभूमि लगभग ७५४७४० वर्ग किलोमीटर और नदी घाटी २५०३००० वर्ग किलोमीटर में फैली है। वनभूमि और नदी घाटी को छोड़कर बाकी हिस्से का क्षेत्रफल कितना है, देखें।",२९५२३
150,"आज पिताजी १० लीटर पीने का पानी पास के नलकूप से लाए। मां ने १/५ हिस्से पानी से खाना बनाया। बचे पानी का १/४ हिस्सा पानी पीने के बाद अब भी कितना पानी बचा है, हिसाब करें।",६
151,"एक बाल्टी में १/२ लीटर पानी आता है। ऐसी ७ बाल्टियों में कितने लीटर पानी आएगा, हिसाब करें।",७/२
152,अखिल बाबू ने सेवानिवृत्ति के बाद अपनी संपत्ति का १/४ हिस्सा मोहल्ले की लाइब्रेरी को दान कर दिया। बाकी संपत्ति का १/६ हिस्सा पत्नी को दिया। बाकी हिस्सा दो बेटों के बीच बराबर बांट दिया। हिसाब करके देखें अखिल बाबू ने पत्नी को संपत्ति का कितना हिस्सा दिया।,१/८
153,अखिल बाबू ने सेवानिवृत्ति के बाद अपनी संपत्ति का १/४ हिस्सा मोहल्ले की लाइब्रेरी को दान कर दिया। बाकी संपत्ति का १/६ हिस्सा पत्नी को दिया। बाकी हिस्सा दो बेटों के बीच बराबर बांट दिया। हिसाब करके देखें अखिल बाबू ने दोनों बेटों में से प्रत्येक को संपत्ति का कितना हिस्सा दिया।,५/१६
154,१५० रुपये के १/२ हिस्से में से कितने रुपये लेने पर ३० रुपये बचे रहेंगे।,४५
155,६/७ के ३ गुने के साथ कितना जोड़ने पर २६/७ होगा?,८/७
156,"शहर के एक कार्यक्रम में पहले साल १४०० दर्शक आए थे। अगले साल दर्शकों की संख्या पहले साल की तुलना में ७/१० हिस्सा बढ़ गई। अगले साल कुल कितने दर्शक आए थे, हिसाब करें।",२३८०
157,"रमा के पास जितने स्टाम्प हैं उनका २/३ हिस्सा उसने मुझे दे दिया। यदि रमा ने मुझे १८ स्टाम्प दिए हों तो रमा के पास कितने स्टाम्प थे, हिसाब करें।",२७
158,"रजिया के पास अपने रुपयों का २/५ हिस्सा देवनाथ को और ३/१० हिस्सा सुनीता को देने के बाद १८० रुपये बचे। पहले रजिया के पास कितने रुपये थे, हिसाब करें।",६००
159,"५०/३ मीटर लंबे फीते का ३/८ हिस्सा काटकर उसे बराबर ५ भागों में काटने पर एक टुकड़े की लंबाई क्या मिलेगी, हिसाब करें।",५/४
160,"खिड़की के पर्दे बनाने के लिए पिताजी १२७/१० मीटर लंबा पर्दे का कपड़ा खरीदकर लाए। लेकिन घर में ५३/५ मीटर लंबा पर्दे का कपड़ा था। तीन खिड़कियों के प्रत्येक पर्दे में ४५/६ मीटर लंबा कपड़ा लगा। अब भी कितने मीटर लंबा पर्दे का कपड़ा बचा है, हिसाब करें।",१९/५
161,आज मेरी दादी ने बहुत सारा बेर का अचार बनाया। उन्होंने उस अचार का ४/७ हिस्सा कांच के मर्तबान में भरकर रख दिया और बाकी हमारे ६ लोगों के बीच बराबर बांट दिया। हिसाब करके देखें हममें से प्रत्येक को कुल अचार का कितना हिस्सा मिला।,१/१४
162,महेश और उनकी टोली ने तय किया है कि ३३ दिनों में ३७१/१५ कि.मी. सड़क बनाएंगे। उन्होंने प्रतिदिन ११/१५ कि.मी. करके २५ दिन सड़क बनाई। अब सही समय पर बाकी काम खत्म करना हो तो उन्हें बाकी दिनों में प्रतिदिन कितनी सड़क बनानी होगी?,४/५
163,"५ के साथ ३/७ जोड़कर योगफल को १४/३ से गुणा करें। अब इस गुणनफल को ४०/९ से भाग देकर भागफल को ४२/५ में से घटाएं और अंतर क्या मिला, हिसाब करके लिखें।",२७/१०
164,"मीठू ४ कॉपियां खरीदेगी। १ कॉपी का दाम १२.७५ रुपये हो तो मीठू को कितने रुपये जुटाने होंगे, हिसाब करें।",५१
165,"रजनी देवी ने अपनी जमीन के ०.३५ हिस्से पर घर बनाया है और बाकी हिस्से के ०.२ हिस्से पर फूलों की खेती कर रही हैं। उन्होंने अपनी जमीन के कितने हिस्से पर फूलों की खेती की है, हिसाब करें।",०.१३
166,"मेरे पास १५० रुपये हैं। अपने रुपयों के ०.३ हिस्से से मैंने कॉपियां खरीदीं और अपने रुपयों के ०.४ हिस्से से कहानी की किताब खरीदी। अब मेरे पास कितने रुपये बचे हैं, हिसाब करें।",४५
167,आज हम मोटरगाड़ी से ९४.५ कि.मी. रास्ता जाएंगे। एक किलोमीटर जाने में उस मोटरगाड़ी में ०.०७८ लीटर पेट्रोल खर्च होता है। हिसाब करके देखें हमें कुल कितने लीटर पेट्रोल की जरूरत होगी।,७.३७
168,"अलका के भैया ने घर से साइकिल पर सवार होकर रामपुर नाव घाट पहुंचने में १.४ घंटे का समय लिया। यदि वह ११.५ कि.मी. प्रति घंटे की रफ्तार से साइकिल चलाए तो अलका के घर से रामपुर नाव घाट कितनी दूर है, हिसाब करें।",१६.१०
169,"मां ने मुझे २.५ किग्रा. दाल खरीदकर लाने को कहा। १ किग्रा. दाल का दाम ६२.५० रुपये हो तो कितने रुपये लेकर दुकान जाऊं, हिसाब करें।",१५६.२५
170,"एक समबाहु त्रिभुज की परिमिति १४.४ से.मी. है। उस समबाहु त्रिभुज की १ भुजा की लंबाई कितने से.मी. है, उसे दशमलव संख्या में लिखें।",४.८०
171,"आज मैं भैया के साथ मछली बाजार गया। भैया ने ८७७.५० रुपये देकर मछली खरीदी। १ किग्रा. मछली का दाम १७५.५० रुपये हो तो भैया ने कितने किलो मछली खरीदी, हिसाब करें।",५
172,"उर्मिला देवी के घर में ३०.६ मीटर कपड़ा है। उस कपड़े से वे फ्रॉक बनाएंगी। यदि प्रत्येक फ्रॉक के लिए १.७ मीटर कपड़ा लगे, तो उर्मिला देवी कितनी फ्रॉक बनाएंगी, हिसाब करें।",१८
173,"घर में ४८ लीटर पीने का पानी है। वह पानी बराबर माप की खाली बोतलों में भर रहा हूं। यदि प्रत्येक बोतल में १.२ लीटर पानी आए तो वह पानी कितनी खाली बोतलों में डाल पाऊंगा, हिसाब करें।",४०
174,"१५.७७ मीटर लंबे बांस का २.२५ हिस्सा छोड़कर बाकी हिस्से को बराबर ४ भागों में बांटने पर प्रत्येक भाग की लंबाई कितनी होगी, हिसाब करें।",३.३८
175,"हमारे घर से स्कूल की दूरी २०.४ कि.मी. है। १०.२ कि.मी. प्रति घंटे की रफ्तार से साइकिल चलाकर कितने समय में स्कूल पहुंचूंगा, हिसाब करें।",२
176,"एक जैसे ४ बिस्कुट के पैकेटों का वजन १२.६ ग्राम हो तो, १ पैकेट का वजन कितना होगा, हिसाब करें।",३.१५
177,"हमारी कक्षा में कुल छात्र-छात्राओं का ०.२३ हिस्सा छात्राएं हैं। हमारी कक्षा में कुल छात्र-छात्राओं में प्रति सौ कितनी छात्राएं पढ़ती हैं, हिसाब करें।",२३
178,"आज रजत स्कूल जाते समय कुल रास्ते का ०.२५ हिस्सा पैदल और बाकी हिस्सा रिक्शे से गया। रजत कुल रास्ते का प्रति सौ कितना हिस्सा रिक्शे से गया, हिसाब करें।",७५
179,"शेफाली के बगीचे के एक आम के पेड़ पर पिछले साल २०० आम फले थे। इस साल उस पेड़ पर ४८० आम फले हैं। पिछले साल की तुलना में इस साल प्रति सौ कितने ज्यादा आम फले हैं, हिसाब करें।",१४०
180,मुझे दादाजी ने मेले जाने के लिए ५० रुपये दिए। मैंने उन रुपयों का ७०% मेले में खर्च कर दिया और बाकी रुपये बचत की गुल्लक में डाल दिए। हिसाब करके देखें कितने रुपये मेले में खर्च किए।,३५
181,मुझे दादाजी ने मेले जाने के लिए ५० रुपये दिए। मैंने उन रुपयों का ७०% मेले में खर्च कर दिया और बाकी रुपये बचत की गुल्लक में डाल दिए। हिसाब करके देखें कितने रुपये गुल्लक में जमा किए।,१५
182,"इस साल की गणित परीक्षा में हमारी कक्षा के ६०% छात्र-छात्राओं ने ८० से ज्यादा अंक पाए हैं। हमारी कक्षा में कुल छात्र-छात्राएं ५० हों तो कितने छात्र-छात्राओं ने ८० से ज्यादा अंक पाए हैं, हिसाब करें।",३०
183,"आरती ने १७ स्टाम्प मुझे दिए। बोली, मैंने तुम्हें अपने कुल स्टाम्पों का २०% स्टाम्प दिया है। १७ स्टाम्प आरती के कुल स्टाम्पों का २०% हो तो, आरती के पास कुल कितने स्टाम्प हैं, हिसाब करें।",८५
184,"१५ टॉफियों में से ३ टॉफियां लीं। कुल टॉफियों की प्रति सौ कितनी टॉफियां लीं, देखें।",२०
185,"२४ बेरों में से ६ बेर सड़ गए हैं। कुल बेरों के प्रति सौ कितने बेर सड़ गए हैं, देखें।",२५
186,"आज हमारी कक्षा में ७ छात्र-छात्राएं अनुपस्थित हैं। कक्षा में कुल छात्र-छात्राएं ३५ हैं। आज कुल छात्र-छात्राओं में प्रति सौ कितने स्कूल आए हैं, हिसाब करें।",८०
187,"५५ मीटर लंबे बांस का ११ मीटर कीचड़ और पानी के नीचे है। बांस का प्रति सौ कितना हिस्सा कीचड़ और पानी के ऊपर है, हिसाब करें।",८०
188,हमारे शर्मा मोहल्ले की लाइब्रेरी में २१०० कहानी की किताबें हैं। जितनी कहानी की किताबें हैं उनका ३०% कहानी की किताबें और खरीदी गईं। हिसाब करके देखें और कितनी किताबें खरीदी गईं।,६३०
189,हमारे शर्मा मोहल्ले की लाइब्रेरी में २१०० कहानी की किताबें हैं। जितनी कहानी की किताबें हैं उनका ३०% कहानी की किताबें और खरीदी गईं। हिसाब करके देखें अब लाइब्रेरी में कुल कितनी कहानी की किताबें हो गईं।,२७३०
190,"आज सुबह से बहुत बारिश हो रही है। इसलिए आलम के स्कूल में कुल छात्र-छात्राओं में से केवल २०% छात्र-छात्राएं उपस्थित हुई हैं। आलम के स्कूल के कुल छात्र-छात्राएं १२३० हों तो आज कितने स्कूल में उपस्थित हुए हैं, हिसाब करके देखें।",२४६
191,"आज मैं खुद संतरे का शरबत बनाऊंगा। ३०० मिलीलीटर संतरे का शरबत बनाने में शरबत का १८% संतरे का रस डालना पड़ा। कितने मिलीलीटर संतरे का रस डाला, हिसाब करें।",५४
192,"शोभन के इस साल खेत में जैविक खाद इस्तेमाल करने से धान की उपज पिछले साल की तुलना में २५% बढ़ी है। पिछले साल १२ क्विंटल धान हुआ हो तो इस साल कितने क्विंटल धान हुआ है, हिसाब करें।",१५
193,"रामपुर गांव की जनसंख्या पिछले साल की तुलना में १२% बढ़ी है। पहले उस गांव की जनसंख्या ७७५ थी तो, अब जनसंख्या कितनी हो गई है, हिसाब करें।",८६८
194,इस साल हमारे स्कूल के ८० छात्र-छात्राओं ने माध्यमिक परीक्षा दी है। यदि ६५% छात्र-छात्राएं पास हों तो हिसाब करके देखें इस साल कितने छात्र-छात्राओं ने माध्यमिक परीक्षा पास की है।,५२
195,"एक विशेष प्रकार के पीतल में ७०% तांबा और बाकी जस्ता है। २० किग्रा. ऐसा पीतल बनाने में कितने किग्रा. जस्ता लगेगा, हिसाब करके देखें।",६
196,चीनी का दाम बढ़ जाने से हमने तय किया है कि अभी से ५% चीनी का इस्तेमाल घटाएंगे। अभी हम प्रतिदिन ३५५ ग्राम चीनी इस्तेमाल करते हैं। घटाने के बाद प्रतिदिन कितने ग्राम चीनी इस्तेमाल करेंगे।,३३७.२५
197,चीनी का दाम बढ़ जाने से हमने तय किया है कि अभी से ४% चीनी का इस्तेमाल घटाएंगे। अभी हम प्रतिदिन ६२५ ग्राम चीनी इस्तेमाल करते हैं। घटाने के बाद प्रतिदिन कितने ग्राम चीनी इस्तेमाल करेंगे।,६००
198,"अनिल बाबू अपनी मासिक आय का २२% घर के किराए में देते हैं। यदि अनिल बाबू हर महीने १८७० रुपये किराया देते हैं तो अनिल बाबू की मासिक आय कितनी है, हिसाब करें।",८५००
199,"यास्मीन बानो अपनी कुल खेती की जमीन के ५५% हिस्से पर पटसन की खेती करती हैं। यदि वे ११ बीघा जमीन पर पटसन की खेती करती हैं, तो यास्मीन बानो के पास कुल कितनी खेती की जमीन है, हिसाब करें।",२०
200,"हमारे परिवार में कुल मासिक खर्च में से ४७५० रुपये खाने पर खर्च होते हैं और अन्य खर्च ५९०० रुपये हैं। यदि खाने का खर्च १०% बढ़ाकर अन्य खर्च १६% घटाया जाए तो कुल मासिक खर्च कितने रुपये घटेगा, हिसाब करें।",४६९
201,"एक शहर की वर्तमान जनसंख्या २६२५० है। यदि सालाना ४% की दर से जनसंख्या बढ़े, तो अगले साल की जनसंख्या कितनी होगी, हिसाब करें।",२७३००
202,"एक शहर की वर्तमान जनसंख्या २६२५० है। यदि सालाना ४% की दर से जनसंख्या बढ़े, तो दो साल बाद जनसंख्या कितनी होगी, हिसाब करें।",२८३९२
203,"फसल कटने के समय धान का दाम १०८० रुपये प्रति क्विंटल था। बरसात में धान का दाम १५% बढ़ गया। जिस किसान ने फसल कटने के समय १२ क्विंटल धान बेचा, वह बरसात में उतना ही धान बेचता तो कितने रुपये ज्यादा पाता, हिसाब करें।",१९४४
204,७ मीटर लंबे फीते को बराबर ८ भागों में बांटकर प्रत्येक भाग का मान देखें।,०.८७
205,११ किलो चीनी १२ पैकेटों में बराबर बांटकर प्रत्येक भाग की माप देखें।,०.९१
206,१२ लीटर पानी ७ बोतलों में बराबर बांटकर प्रत्येक भाग की माप देखें।,१.७१
207,२४ मीटर लंबी सड़क के किनारे सड़क के दोनों सिरों समेत बराबर दूरी पर १५ पेड़ लगाने पर लगातार दो पेड़ों की दूरी देखें।,१.७१
208,"मेरे पास २२ मीटर लंबा पीला फीता, २४.७५ मीटर लंबा हरा फीता और १६.५० मीटर लंबा नारंगी फीता है। इन तीनों रंगों के फीतों से सबसे बड़े माप के टुकड़े काटना चाहता हूं जिससे प्रत्येक रंग के फीते से समान लंबाई के कई टुकड़े मिलें और कोई फीता बर्बाद न हो। वह समान लंबाई का फीता कितना लंबा होगा, हिसाब करने की कोशिश करें।",२.७५
209,सलमान बैंगनी रंग का ७.७० मी. लंबा और मदीना आसमानी रंग का ३.२६ मी. लंबा फीता लाकर दोनों रंगों के फीतों के समान लंबाई के सबसे बड़े ऐसे कई टुकड़े करना चाहते हैं जिससे टुकड़े करने के बाद दोनों रंगों के फीतों में ०.०२ मी. बचा रहे। हिसाब करके देखें समान लंबाई के सबसे बड़े माप के प्रत्येक टुकड़े की लंबाई कितनी लेंगे।,०.१२
210,"६, ८, १० और १२ से विभाज्य ऐसी छोटी से छोटी संख्या खोजने की कोशिश करें जो ३०० और ५०० के बीच होगी?",३६०
211,"हिसाब करके देखें चार अंकों की कौन-सी छोटी से छोटी संख्या १२, १५, २० और ३५ से विभाज्य है।",१२६०
212,"४२० रुपये, ५६० रुपये और ६३० रुपये - का ल.स.प. खोजें।",५०४०
213,"४२० रुपये, ५६० रुपये और ६३० रुपये - का म.स.प. खोजें।",७०
214,९७८६ किग्रा. और २७९६ किग्रा. - के ल.स.प. का मान खोजें।,१९५७२
215,९७८६ किग्रा. और २७९६ किग्रा. - के म.स.प. का मान खोजें।,१३९८
216,"तीन छोटी टंकियों में क्रमशः ३५ लीटर, ५६ लीटर और ८४ लीटर तेल है। हिसाब करें सबसे बड़े कितने माप के बर्तन से तीनों टंकियों का तेल पूर्ण संख्या में बार मापा जा सकेगा।",७
217,हमारे स्कूल के हॉल की लंबाई २००० से.मी. और चौड़ाई १६०० से.मी. है। हिसाब करके देखें सबसे लंबे कितने मीटर लंबाई के फीते से इस हॉल की लंबाई और चौड़ाई दोनों तरफ पूर्ण संख्या में माप सकेंगे।,४
218,"१०७१ धोतियां, ५९५ साड़ियां और ३५७ कुर्ते जमा हैं। हिसाब करके देखें ज्यादा से ज्यादा कितने परिवारों के बीच वे चीजें बराबर बांटकर दे सकेंगे।",११९
219,"१०७१ धोतियां, ५९५ साड़ियां और ३५७ कुर्ते जमा हैं। कुछ परिवारों के बीच वे चीजें बराबर बांट दी गईं। प्रत्येक परिवार को कितनी धोतियां मिलेंगी।",९
220,"१०७१ धोतियां, ५९५ साड़ियां और ३५७ कुर्ते जमा हैं। कुछ परिवारों के बीच वे चीजें बराबर बांट दी गईं। प्रत्येक परिवार को कितनी साड़ियां मिलेंगी।",५
221,"१०७१ धोतियां, ५९५ साड़ियां और ३५७ कुर्ते जमा हैं। कुछ परिवारों के बीच वे चीजें बराबर बांट दी गईं। प्रत्येक परिवार को कितने कुर्ते मिलेंगे।",३
222,एक इंजन के अगले पहिये की परिधि १.४ मी. है और पिछले पहिये की परिधि अगले पहिये की परिधि की ढाई गुनी है। हिसाब करके देखें कम से कम कितना रास्ता जाने पर दोनों पहिये एक साथ पूर्ण संख्या में बार घूमना पूरा करेंगे।,७
223,"कौन-सी बड़ी से बड़ी संख्या से ३०६, ८१० और २२१४ को भाग देने पर हर बार कोई शेष नहीं बचेगा, वह हिसाब करके देखें।",१८
224,"हमारे घर में तीन लाठियां हैं जिनकी लंबाई क्रमशः ४५ से.मी., ५० से.मी. और ७५ से.मी. है। हिसाब करके देखें इन तीनों लाठियों में से प्रत्येक से कम से कम कितनी लंबाई का फीता पूरी तरह माप सकेंगे।",४५०
225,"६५० रुपये, ५२० रुपये और ७८० रुपये। राशियों के म.स.प. का मान खोजें।",१३०
226,"६५० रुपये, ५२० रुपये और ७८० रुपये। राशियों के ल.स.प. का मान खोजें।",७८००
227,"२२८ मी., ३४२ मी., ४५६ मी.। राशियों के म.स.प. का मान खोजें।",११४
228,"२२८ मी., ३४२ मी., ४५६ मी.। राशियों के ल.स.प. का मान खोजें।",१३६८
229,"३६०० ली., ४८०० ली., ६ ली.। राशियों के म.स.प. का मान खोजें।",६
230,"३६०० ली., ४८०० ली., ६ ली.। राशियों के ल.स.प. का मान खोजें।",१४४००
231,"दो संख्याओं के ल.स.प. और म.स.प. क्रमशः २१७५ और १४५ हैं; यदि एक संख्या ७२५ हो, तो दूसरी संख्या कितनी होगी, हिसाब करें।",४३५
232,१४५ और २३२ दोनों संख्याओं के म.स.प. का मान खोजें।,२९
233,१४४ और ३८४ दोनों संख्याओं के म.स.प. का मान खोजने की कोशिश करें।,४८
234,"५८३४ में से कौन-सी छोटी से छोटी संख्या घटाने पर अंतर २०, २८, ३२ और ३५ से विभाज्य होगा, हिसाब करें।",२३४
235,"कौन-सी बड़ी से बड़ी संख्या से २३०० और ३५०० को भाग देने पर क्रमशः ३२ और ५६ शेष बचेगा, हिसाब करें।",८४
236,"हिसाब करके देखें कौन-सी बड़ी से बड़ी संख्या से ६५०, ७७६ और १२५० को भाग देने पर हर बार एक ही शेष बचेगा।",२५
237,दो संख्याओं के म.स.प. और ल.स.प. क्रमशः १२ और ७२० हैं; हिसाब करके देखें ऐसी कितनी जोड़ी संख्याएं हो सकती हैं।,४
238,"किस छोटी से छोटी संख्या में से ४००० घटाने पर अंतर ७, ११ और १३ से विभाज्य होगा, हिसाब करें।",५००१
239,"५० और १०० के बीच की दो जोड़ी संख्याएं खोजें जिनका म.स.प. १६ और योगफल १४४ है, इनमें बड़ी संख्या कौन-सी है?",८०
240,"५० और १०० के बीच की दो जोड़ी संख्याएं खोजें जिनका म.स.प. १६ और योगफल १४४ है, इनमें छोटी संख्या कौन-सी है?",६४
241,"५० और १०० के बीच की दो जोड़ी संख्याएं खोजें जिनका म.स.प. १६ और योगफल १७६ है, इनमें बड़ी संख्या कौन-सी है?",९६
242,"५० और १०० के बीच की दो जोड़ी संख्याएं खोजें जिनका म.स.प. १६ और योगफल १७६ है, इनमें छोटी संख्या कौन-सी है?",८०
243,"२८, ३३, ४२ और ७७ से विभाज्य जो संख्या ९८७६५ के सबसे निकट है, उसे हिसाब करके खोज निकालें।",९८८६८
244,"हिसाब करके १३ से विभाज्य ऐसी छोटी से छोटी संख्या खोजें जिसे ८, १२, १६ और २० से भाग देने पर हर बार १ शेष बचे।",४८१
245,"साकिर ने गिनकर देखा कि उसके पास ४५० पीले बटन हैं। उसने उन्हें वर्गाकार रूप में सजाने की कोशिश की। साकिर के वर्गाकार रूप में सजाने के बाद भी ९ पीले बटन बचे रहे। साकिर की सजावट की प्रत्येक कतार में कितने पीले बटन हैं, हिसाब करें।",२१
246,साधना अपने काले रंग के २८० बटनों को वर्गाकार रूप में सजाने की कोशिश कर रही है। उसके ९ बटन कम पड़े। हिसाब करके देखें साधना की वर्गाकार सजावट में वह प्रत्येक कतार में कितने काले बटन रखने की कोशिश कर रही है।,१७
247,"मानस और मिताली आज बगीचे का काम करेंगे। ३२४ गेंदे के फूलों के पौधे हैं। ये पौधे कुछ कतारों में लगाए गए। देख रहे हैं, हमने पौधों को इस तरह लगाया कि प्रत्येक कतार में जितने पौधे हैं, कुल कतारों की संख्या भी उतनी ही है। अब हिसाब करके देखें कुल कितनी कतारों में ३२४ पौधे रखे।",१८
248,"उनके कुछ दोस्त कुछ टॉफियां और बिस्कुट लेकर बगीचे में आए। वे कुल जितने दोस्त हुए, प्रत्येक उतनी टॉफियां और प्रत्येक उसकी दुगुनी संख्या में बिस्कुट लाया। कुल टॉफियां और बिस्कुट १४७ लाए हों तो वे कितने दोस्त हैं, हिसाब करके देखें।",७
249,"उनके और भी कुछ दोस्त उनके साथ बगीचे के काम में जुड़ गए। बगीचा साफ करने के लिए वे अब कुल जितने लोग हैं, प्रत्येक ने उतने ५-५ रुपये चंदा दिया। कुल चंदा ७२० रुपये जमा हुआ। हिसाब करके बताने की कोशिश करें कुल कितने दोस्तों ने मिलकर चंदा जमा किया।",१२
250,"निसार के फलों के बगीचे से ४४१ संतरे तोड़े गए हैं। उन्हें कई टोकरियों में रखा जाएगा। जितनी टोकरियां हैं, प्रत्येक टोकरी में उतने संतरे रखने पर कुल कितनी टोकरियों में संतरे रखे गए, हिसाब करें।",२१
251,"आज सुबह मैंने अपने कमरे की किताबों की अलमारी में किताबें सजाकर रखीं। अलमारी में जितने खाने थे, प्रत्येक खाने में उतनी किताबें रखीं। लेकिन ५ किताबें और अलमारी के बाहर रह गईं। किताबों की संख्या ८६ हो तो अलमारी के खानों की संख्या कितनी थी, हिसाब करें।",९
252,"आज खेल के मैदान में हमने वर्गाकार रूप में खड़े होना तय किया है। कुछ लोगों के वर्गाकार रूप में खड़े होने के बाद भी ४ दोस्त मैदान के बाहर खड़े हैं। यदि वे इस वर्गाकार रूप के भीतर खड़े हों तो वर्गाकार रूप नहीं रहेगा। आज हमारी कक्षा में ४० लोग उपस्थित हुए हैं। इस वर्गाकार सजावट की प्रत्येक कतार में कितने लोग खड़े हैं, हिसाब करें।",६
253,"मोहल्ले के सुभाष स्मृति पुस्तकालय के सदस्यों में प्रत्येक सदस्य के सदस्य-संख्या के बराबर रुपये चंदा देने से कुल ७२९ रुपये चंदा जमा हुआ है। पुस्तकालय के सदस्य कितने हैं, हिसाब करें।",२७
254,"रघुनाथपुर गांव के एक तालाब की मरम्मत में जितने लोग काम में लगे थे, उन्होंने उतने दिन काम करके कुल १२३७५ रुपये मजदूरी पाई। यदि प्रत्येक की दैनिक मजदूरी ५५ रुपये हो, तो कितने लोग इस काम में जुड़े थे, हिसाब करें।",१५
255,"इस साल हमारे मोहल्ले के क्लब से कुछ सदस्य नैनीताल घूमने जाएंगे। खर्च के तौर पर प्रत्येक से जितने सदस्य हैं उसके ४ गुने रुपये लिए गए हैं। कुल ४०९६ रुपये चंदा जमा हुआ है। कितने सदस्य घूमने जाएंगे, हिसाब करें।",३२
256,"आज बाल दिवस है। हम कुछ छात्र-छात्राओं ने स्कूल के सभी छात्र-छात्राओं में टॉफियां और बिस्कुट बांट दिए। लेकिन ८०० टॉफियां अब भी बची हैं। हम कुल जितने लोग हैं, प्रत्येक ने उसकी दुगुनी संख्या में टॉफियां लेकर ८०० टॉफियां बांट लीं। हिसाब करके देखें हम कुल कितने लोगों ने ८०० टॉफियां बांट लीं।",२०
257,"अटवा गांव के रफीक चाचा अपनी जमीन में लगाने के लिए ७८० पपीते के पौधे लाए हैं। उन्होंने तय किया है कि जितनी कतारों में पौधे लगाएंगे, प्रत्येक कतार में ठीक उतने ही पौधे रहेंगे। लेकिन इस तरह पौधे लगाने पर उन्होंने देखा कि ४ पौधे कम पड़ रहे हैं। रफीक चाचा ने कितनी कतारों में पौधे लगाना तय किया है, हिसाब करें।",२८
258,"मैंने गत्ते का एक वर्गाकार बक्सा बनाया है। उसमें कई वर्गाकार खाने हैं। मेरे भाई ने प्रत्येक खाने में १ पांच रुपये का सिक्का, १ दो रुपये का सिक्का और १ एक रुपये का सिक्का रखा है। यदि भाई ने कुल ११५२ रुपये रखे हों, तो मेरे बनाए गत्ते के बक्से की प्रत्येक कतार में कितने खाने हैं, हिसाब करें।",१२
259,किस छोटी से छोटी प्राकृतिक संख्या से १८ को गुणा करने पर पूर्ण वर्ग संख्या मिलेगी।,२
260,किस छोटी से छोटी प्राकृतिक संख्या से ५० को गुणा करने पर पूर्ण वर्ग संख्या मिलेगी।,२
261,किस छोटी से छोटी प्राकृतिक संख्या से ७२ को गुणा करने पर पूर्ण वर्ग संख्या मिलेगी।,२
262,किस छोटी से छोटी प्राकृतिक संख्या से १०८ को गुणा करने पर पूर्ण वर्ग संख्या मिलेगी।,३
263,किस छोटी से छोटी प्राकृतिक संख्या से १६२ को गुणा करने पर पूर्ण वर्ग संख्या मिलेगी।,२
264,"७ को किस छोटी से छोटी प्राकृतिक संख्या से गुणा करने पर गुणनफल एक पूर्ण वर्ग संख्या होगा, देखें।",७
265,किस छोटी से छोटी प्राकृतिक संख्या से ४३२ को गुणा करने पर पूर्ण वर्ग संख्या मिलेगी।,३
266,"इस साल के गणतंत्र दिवस पर हमारे स्कूल के शारीरिक शिक्षा के सर ने हमें अलग-अलग समय पर १२, १५ और २० कतारों में खड़ा करके तरह-तरह की परेड करवाई थी। एक समय हमें ठोस वर्गाकार रूप में भी सजाया था। उस दिन कम से कम कितने छात्र-छात्राएं विद्यालय में उपस्थित थे, हिसाब करें।",९००
267,"शून्य के अलावा एक छोटी से छोटी पूर्ण वर्ग संख्या खोजें जो २५, ४० और ६० से विभाज्य हो।",३६००
268,"दो धनात्मक संख्याओं का गुणनफल १६२ और भागफल २ है; दोनों संख्याएं क्या होंगी, हिसाब करें। बड़ी संख्या कौन-सी है?",१८
269,"दो धनात्मक संख्याओं का गुणनफल १६२ और भागफल २ है; दोनों संख्याएं क्या होंगी, हिसाब करें। छोटी संख्या कौन-सी है?",९
270,"हिसाब करके देखें शून्य के अलावा कौन-सी छोटी से छोटी पूर्ण वर्ग संख्या १२, १६, २० और २४ से विभाज्य है।",३६००
271,दो धनात्मक संख्याओं का गुणनफल ९८ है और बड़ी संख्या छोटी संख्या की २ गुनी है। बड़ी संख्या क्या है?,१४
272,दो धनात्मक संख्याओं का गुणनफल ९८ है और बड़ी संख्या छोटी संख्या की २ गुनी है। छोटी संख्या क्या है?,७
273,किस छोटी से छोटी पूर्ण वर्ग संख्या का एक गुणनखंड १७ है?,२८९
274,"१०, १५, २० और ३० से विभाज्य छोटी से छोटी पूर्ण वर्ग संख्या शून्य के अलावा निकालें।",९००
275,"इस साल नेताजी के जन्मदिवस पर हमारे शारीरिक शिक्षा के शिक्षक ने उपस्थित छात्रों को १८, २४ और २७ कतारों में खड़ा करके परेड करवाई। एक समय उन्हें ठोस वर्गाकार रूप में भी सजाया। उस दिन हम कम से कम कितने लोग विद्यालय गए थे, हिसाब करें।",१२९६
276,"दो धनात्मक संख्याओं का गुणनफल १४७ है; बड़ी संख्या छोटी संख्या की ३ गुनी है। बड़ी संख्या क्या है, हिसाब करें।",२१
277,"दो धनात्मक संख्याओं का गुणनफल १४७ है; बड़ी संख्या छोटी संख्या की ३ गुनी है। छोटी संख्या क्या है, हिसाब करें।",७
278,"तीन धनात्मक संख्याओं में पहली और दूसरी का गुणनफल २४; दूसरी और तीसरी का गुणनफल ४८; तथा पहली और तीसरी का गुणनफल ३२ है। बड़ी संख्या क्या होगी, हिसाब करें।",८
279,"तीन धनात्मक संख्याओं में पहली और दूसरी का गुणनफल २४; दूसरी और तीसरी का गुणनफल ४८; तथा पहली और तीसरी का गुणनफल ३२ है। छोटी संख्या क्या होगी, हिसाब करें।",४
280,१००० की सबसे निकट की पूर्ण वर्ग संख्या खोजें।,१०२४
281,"९५८५ में से कौन-सी छोटी से छोटी संख्या घटाने पर अंतर एक पूर्ण वर्ग संख्या होगा, हिसाब करें।",१७६
282,"५३२० के साथ कौन-सी छोटी से छोटी संख्या जोड़ने पर योगफल पूर्ण वर्ग संख्या होगा, हिसाब करें।",९
283,"शून्य के अलावा ऐसी एक छोटी से छोटी पूर्ण वर्ग संख्या खोजें जो १५, २५, ३५ और ४५ से विभाज्य हो।",११०२५
284,"चार अंकों की छोटी से छोटी और बड़ी से बड़ी पूर्ण वर्ग संख्या खोजें जो ८, १५, २० और २५ से विभाज्य हो।",३६००
285,चार अंकों की छोटी से छोटी पूर्ण वर्ग संख्या खोजें।,१०१४
286,चार अंकों की बड़ी से बड़ी पूर्ण वर्ग संख्या खोजें।,९८०१
287,५००० के सबसे निकट की ५००० से छोटी पूर्ण वर्ग संख्या खोजें।,४९००
288,५००० के सबसे निकट की ५००० से बड़ी पूर्ण वर्ग संख्या खोजें।,५०४१
289,"दो धनात्मक पूर्ण वर्ग संख्याओं का गुणनफल १५७६ और भागफल ९/७ है, बड़ी संख्या क्या होगी, हिसाब करें।",४५
290,"दो धनात्मक पूर्ण वर्ग संख्याओं का गुणनफल १५७६ और भागफल ९/७ है, छोटी संख्या क्या होगी, हिसाब करें।",३५
291,"२०२* के * अंक के क्या होने पर संख्या पूर्ण वर्ग होगी, वह हिसाब करें।",५ 
292,"देवेश बाबू ने नया घर बनाया है। आज वे खुद अपने घर की दो बराबर माप की खिड़कियां रंगेंगे। प्रत्येक खिड़की के दो पल्ले हैं। यदि प्रत्येक पल्ले को रंगने में उन्हें २ घंटे १५ मिनट लगें, तो देवेश बाबू को दोनों खिड़कियां रंगने में कुल कितने घंटे लगेंगे, हिसाब करें।",९
293,१८९५ से १९१५ तक कुल कितने लीप वर्ष थे।,४
294,२०१० से २०३० तक कुल कितने लीप वर्ष थे।,५
295,"मैं २०१० से २०१३ तक कुल चार साल इस कॉलेज रोड वाले घर में रहा। मैं कुल कितने दिन कॉलेज रोड वाले घर में रहा, हिसाब करें।",१४६१
296,भारतवर्ष के स्वाधीन होने के बाद २०२४ तक कुल कितने साल लीप वर्ष हुए हैं?,२०
297,भारतवर्ष के स्वाधीन होने के बाद २०१४ तक कुल कितने साल लीप वर्ष हुए हैं?,१७
298,"मैंने अपने बैठक के कमरे के फर्श की माप ली। देख रहा हूं बैठक के कमरे के आयताकार फर्श की लंबाई ८ मीटर और चौड़ाई ५ मीटर है। बैठक के कमरे के फर्श की लंबाई और चौड़ाई का अनुपात क्या है, वह लिखें।",८:५
299,"सविता ने बहुत सारी गुड़हल के फूलों की मालाएं और बहुत सारी गेंदे के फूलों की मालाएं बनाईं। यदि उसने १२ गुड़हल के फूलों की मालाएं और १५ गेंदे के फूलों की मालाएं बनाई हों, तो गुड़हल के फूलों और गेंदे के फूलों की मालाओं की संख्या का अनुपात क्या है, लिखें।",४:५
300,"मेरी और सुलेखा की उम्र का अनुपात ५:६ है; मेरी उम्र १० साल हो तो, सुलेखा की उम्र कितनी है, हिसाब करके लिखें।",१२
301,"आज हम कुल १० लोग मैदान में खेलने आए हैं। यदि हममें लड़कियों और लड़कों की संख्या का अनुपात २:३ हो, तो कितनी लड़कियां खेलने आई हैं, हिसाब करें।",४ 
302,"आज हम कुल १० लोग मैदान में खेलने आए हैं। यदि हममें लड़कियों और लड़कों की संख्या का अनुपात २:३ हो, तो कितने लड़के खेलने आए हैं, हिसाब करें।",६
303,"पिताजी बाजार से ४ जोड़ी केले खरीदकर लाए हैं। यदि भाई और बहन सारे केले १:३ के अनुपात में खा लें, तो भाई ने कितने केले खाए हैं, हिसाब करके देखें।",२
304,"पिताजी बाजार से ४ जोड़ी केले खरीदकर लाए हैं। यदि भाई और बहन सारे केले १:३ के अनुपात में खा लें, तो बहन ने कितने केले खाए हैं, हिसाब करके देखें।",६
305,२ मीटर लंबे बांस की लंबाई में से ७५ से.मी. लंबाई पर लाल रंग किया। बांस की बाकी लंबाई पर सफेद रंग किया। बांस की कुल लंबाई और बांस पर लाल रंग की गई लंबाई का अनुपात लिखें।,८:३
306,२ मीटर लंबे बांस की लंबाई में से ७५ से.मी. लंबाई पर लाल रंग किया। बांस की बाकी लंबाई पर सफेद रंग किया। बांस की कुल लंबाई और बांस पर सफेद रंग की गई लंबाई का अनुपात लिखें।,८:५
307,२ मीटर लंबे बांस की लंबाई में से ७५ से.मी. लंबाई पर लाल रंग किया। बांस की बाकी लंबाई पर सफेद रंग किया। बांस पर लाल रंग की गई लंबाई और सफेद रंग की गई लंबाई का अनुपात लिखें।,३:५
308,मेरे पास २६ स्टाम्प हैं। मैं और मीता ८:५ के अनुपात में स्टाम्प बांट लेंगे। हिसाब करके देखें मीता कितने स्टाम्प लेगी।,१६
309,मेरे पास २६ स्टाम्प हैं। मैं और मीता ८:५ के अनुपात में स्टाम्प बांट लेंगे। हिसाब करके देखें मैं कितने स्टाम्प लूंगा।,१०
310,"मेरी पढ़ाई की किताबों और कहानी की किताबों का अनुपात ४:३ है; पढ़ाई की किताबें २८ हों तो कहानी की किताबों की संख्या कितनी है, हिसाब करें।",२१
311,"मेरी पढ़ाई की किताबों और कहानी की किताबों का अनुपात ४:३ है; पढ़ाई की किताबें २८ हों तो कुल किताबों की संख्या कितनी है, हिसाब करें।",४९
312,समबाहु त्रिभुज के तीनों कोणों का अनुपात लिखें।,१:१:१
313,समकोण समद्विबाहु त्रिभुज के तीनों कोणों का अनुपात लिखें।,१:१:२
314,"२१० रुपये कविता और शकील के बीच ३:४ के अनुपात में बांटने की कोशिश करें। कविता को कितने रुपये देंगे, हिसाब करें।",९०
315,"२१० रुपये कविता और शकील के बीच ३:४ के अनुपात में बांटने की कोशिश करें। शकील को कितने रुपये देंगे, हिसाब करें।",१२०
316,८६५५ के साथ कौन-सी छोटी से छोटी संख्या जोड़ने पर योगफल एक पूर्ण वर्ग संख्या होगा?,१८१
317,६५१२०१ में से कौन-सी छोटी से छोटी संख्या घटाने पर अंतर एक पूर्ण वर्ग संख्या होगा?,१५६५
318,४६३९ में से कौन-सी छोटी से छोटी संख्या घटाने पर अंतर एक पूर्ण वर्ग संख्या होगा?,१५
319,५६०५ में से कौन-सी छोटी से छोटी संख्या घटाने पर अंतर एक पूर्ण वर्ग संख्या होगा?,१२९
320,यदि कोई दुकान ५०० रुपये की वस्तु पर २०% छूट दे तो आप कितने रुपये बचाएंगे?,१००
321,"तरुण के फार्म में ५० बैल और ६० गायें हैं। यदि प्रत्येक गाय साल में २ बछड़ों को जन्म दे, तो एक साल बाद तरुण के फार्म में कुल कितने पशु होंगे?",२३०
322,"तरुण के फार्म में ५० बैल और ६० गायें हैं। यदि प्रत्येक गाय साल में २ बछड़ों को जन्म दे और ३०% बछड़े बीमारी के कारण मर जाएं, तो एक साल बाद तरुण के फार्म में कुल कितने पशु होंगे?",१९४
323,"अमित के पास १० दस रुपये के नोट, १० बीस रुपये के नोट और १० पचास रुपये के नोट हैं। कम से कम कितने नोटों का इस्तेमाल करके वह १९० रुपये चुका सकेगा?",५
324,"अमित के पास १० दस रुपये के नोट, १ बीस रुपये का नोट और १० पचास रुपये के नोट हैं। कम से कम कितने नोटों का इस्तेमाल करके वह १९० रुपये चुका सकेगा?",६
325,"अमित के पास १० दस रुपये के नोट, १० बीस रुपये के नोट और १० पचास रुपये के नोट हैं। कम से कम कितने नोटों का इस्तेमाल करके वह २०० रुपये चुका सकेगा?",४
326,"एक डॉलर के बराबर १०० रुपये हों, तो सात करोड़ चौरानबे लाख सैंतीस हजार एक सौ रुपये कितने डॉलर के बराबर हैं?",७९४३७१
327,"एक यूरो के बराबर १२० रुपये हों, तो नौ करोड़ चौरानबे लाख तैंतीस हजार चार सौ चालीस रुपये कितने यूरो के बराबर हैं?",८२८६१२
328,गीता से शेखर के पास २१० रुपये ज्यादा हैं। श्याम से गीता के पास ३५० रुपये कम हैं। श्याम के पास ४२० रुपये हैं। गीता के पास कितने रुपये हैं?,७०
329,गीता से शेखर के पास २१० रुपये ज्यादा हैं। श्याम से गीता के पास ३५० रुपये कम हैं। श्याम के पास ४२० रुपये हैं। शेखर के पास कितने रुपये हैं?,२८०
330,तीन संख्याओं का योगफल ८४०२५ है। उनमें दो संख्याएं १२४५० और ३७८५५ हों तो तीसरी संख्या कितनी है?,३३७२०
331,सुहास ने ७०००० रुपये देकर एक मोटरसाइकिल खरीदी। मोटरसाइकिल के रजिस्ट्रेशन में १५०० रुपये और मरम्मत में ८०० रुपये खर्च हुए। अब यदि वह मोटरसाइकिल १००००० रुपये में बेचे तो उसे कितने रुपये का लाभ होगा?,२७७००
332,"६, ४, ८ और २ अंकों का केवल एक-एक बार इस्तेमाल करके बनी बड़ी से बड़ी और छोटी से छोटी संख्या का अंतर कितना है?",६१७४
333,किसी संख्या को ३ से भाग देने पर उसका भागफल ३ और शेष १ मिलता है। संख्या कितनी है?,१०
334,मेरे पास ३६ से.मी. लंबा और २४ से.मी. चौड़ा एक कागज है। मैं वर्ग आकार के कागज से कागज के पन्ने को ढकना चाहता हूं। संभव सबसे बड़े कागज के वर्ग की भुजा की लंबाई कितनी है?,१२
335,राकेश के पास ४५ सेब और १८ संतरे हैं। राकेश कोई सेब या संतरा शेष न रखते हुए ज्यादा से ज्यादा बच्चों के बीच इस तरह बांटना चाहता है कि प्रत्येक को बराबर संख्या में सेब और संतरे मिलें। राकेश कितने बच्चों के बीच इन्हें बांट सकेगा?,९
336,किसी दौड़ प्रतियोगिता के रास्ते का एक चक्कर ८०० मीटर के बराबर है। कितनवीं बार में १०००० मीटर रास्ता पार करेगा? (उत्तर क्रमसूचक संख्या में),१३
337,"किसी घर में ९८००० ग्राम चावल है। यदि उन्हें प्रतिदिन ६५० ग्राम चावल लगे, तो कितनवें दिन चावल खत्म होगा? (उत्तर क्रमसूचक संख्या में)",१५१
338,एक आदमी हर महीने ८५० रुपये बचत करता है। कितनवें महीने में उसकी बचत की राशि ५०००० पार करेगी? (उत्तर क्रमसूचक संख्या में),५९
339,एक पानी की टंकी में प्रति मिनट ५ लीटर पानी आता है और २ लीटर पानी खर्च होता है। १० मिनट में पानी की टंकी में कितने लीटर पानी होगा?,३०
340,१२ बिस्कुटों और ३० चॉकलेटों का दाम मिलाकर १९२ रुपये है। एक बिस्कुट का दाम ६ रुपये हो तो एक चॉकलेट का दाम कितना है?,४
341,"एक शिक्षक ६० पेंसिलें, ३६ रबड़ और १८ कॉपियां कुछ विद्यार्थियों के बीच बराबर बांटना चाहते हैं। ज्यादा से ज्यादा कितने विद्यार्थियों के बीच ये पेंसिलें, रबड़ और कॉपियां बराबर बांटी जा सकेंगी?",६
342,एक सड़क पर कुछ पेड़ और लैम्पपोस्ट हैं। २५ मीटर के अंतर पर पेड़ और २० मीटर के अंतर पर लैम्पपोस्ट हैं। सड़क की शुरुआत में पेड़ और लैम्पपोस्ट एक साथ हों तो कितने मीटर के अंतर पर पेड़ और लैम्पपोस्ट फिर से एक साथ होंगे?,१००
343,"किसी जगह १० से ज्यादा विद्यार्थी हैं। एक शिक्षक ४२ केले, ८४ बिस्कुट और १०५ चॉकलेट कोई शेष न रखते हुए विद्यार्थियों के बीच बराबर बांटना चाहते हैं। कितने विद्यार्थियों के बीच शिक्षक केले, बिस्कुट और चॉकलेट बांट सकेंगे?",२१
344,५% कर समेत एक गाय का दाम १०७१०० रुपये हो तो कर के बिना गाय का दाम कितना है?,१०२०००
345,७/४ मी. लंबाई और ६/५ मी. चौड़ाई वाले एक आयताकार बोर्ड का क्षेत्रफल निकालें।,२१/१०
346,एक वर्गाकार मैदान की एक भुजा की लंबाई ५/२ कि.मी. है। मैदान का क्षेत्रफल निकालें।,२५/४
347,३/५ वर्ग मी. दीवार रंगने में १/३ डेसी ली. रंग लगता है। १ डेसी ली. रंग से कितने वर्ग मी. दीवार रंगी जा सकेगी?,९/५
348,"एक लाठी का १/६ हिस्सा मिट्टी में, १/२ हिस्सा पानी में और शेष हिस्सा पानी के ऊपर है। पानी के ऊपर के हिस्से की लंबाई २ मीटर है। लाठी का कितना मीटर पानी में है?",३
349,"एक लाठी का १/६ हिस्सा मिट्टी में, १/२ हिस्सा पानी में और शेष हिस्सा पानी के ऊपर है। पानी के ऊपर के हिस्से की लंबाई २ मीटर है। लाठी का कितना मीटर मिट्टी में है?",१
350,"एक लाठी का १/६ हिस्सा मिट्टी में, १/२ हिस्सा पानी में और शेष हिस्सा पानी के ऊपर है। पानी के ऊपर के हिस्से की लंबाई २ मीटर है। पूरी लाठी की लंबाई कितने मीटर है?",६
351,"एक लाठी का १/२ हिस्सा मिट्टी में, १/३ हिस्सा पानी में और शेष हिस्सा पानी के ऊपर है। पानी के ऊपर के हिस्से की लंबाई ३ मीटर है। लाठी का कितना मीटर पानी में है?",६
352,"एक लाठी का १/२ हिस्सा मिट्टी में, १/३ हिस्सा पानी में और शेष हिस्सा पानी के ऊपर है। पानी के ऊपर के हिस्से की लंबाई ३ मीटर है। लाठी का कितना मीटर मिट्टी में है?",९
353,"एक लाठी का १/२ हिस्सा मिट्टी में, १/३ हिस्सा पानी में और शेष हिस्सा पानी के ऊपर है। पानी के ऊपर के हिस्से की लंबाई ३ मीटर है। पूरी लाठी की लंबाई कितने मीटर है?",१८
354,एक हॉस्टल में प्रतिदिन ६०/७ क्विंटल चावल लगता है। हॉस्टल में एक सप्ताह में कितने क्विंटल चावल लगेगा?,६०
355,एक धातु के पाइप के १ मी. का वजन १३/8 किलो है। पाइप के ३/५ मी. का वजन कितने किलो है?,३९/२०
356,"३२/५ मी. तार को यदि हम ४/५ मी. करके टुकड़े करें, तो कितने टुकड़े होंगे?",८
357,५ मी. लंबाई के एक धातु के पाइप का वजन २०/७ किलो है। १ किलो वजन का पाइप पाने के लिए कितने मी. लंबाई का पाइप काटना होगा?,७/४
358,"अहमद के पास ४ किलो तेल है। १ लीटर तेल का वजन ६/७ किलो हो तो, उसके पास कितने लीटर तेल है?",१४/३
359,"सज्जन बाबू के पास २४,००० रुपये थे। उन्होंने इस राशि का ५/१२ हिस्सा अनाथालय को, ३/८ हिस्सा शिक्षण संस्था को दान कर दिया। उनके पास कितने रुपये बाकी हैं?",५०००
360,"सज्जन बाबू के पास २४,००० रुपये थे। उन्होंने इस राशि का ५/१२ हिस्सा अनाथालय को, ३/८ हिस्सा शिक्षण संस्था को दान कर दिया। उन्होंने कितने रुपये अनाथालय को दिए?",१००००
361,"सज्जन बाबू के पास २४,००० रुपये थे। उन्होंने इस राशि का ५/१२ हिस्सा अनाथालय को, ३/८ हिस्सा शिक्षण संस्था को दान कर दिया। उन्होंने कितने रुपये शिक्षण संस्था को दिए?",९०००
362,एक मीटर तार का वजन ४०० ग्राम है। एक तार की लंबाई २.४ मीटर हो तो पूरे तार का वजन कितने ग्राम है?,९६०
363,एक मीटर लोहे की छड़ का वजन २.३ किलो है। छड़ की लंबाई १.४ मीटर हो तो इसका वजन कितने किलो है?,३.२२
364,एक बर्तन में १.६ लीटर रंग है और इसका वजन २.४ किलो है। प्रति लीटर रंग का वजन निकालें।,१.५०
365,एक आयताकार जमीन का क्षेत्रफल २९.४ वर्ग मीटर है। इसकी लंबाई ८.४ मीटर हो तो चौड़ाई कितनी है?,३.५०
366,एक आयताकार जमीन की चौड़ाई ४.७५ मीटर और लंबाई १२.८ मीटर है। जमीन का क्षेत्रफल निकालें।,६०.८०
367,"राजन का वजन ३६.५ किलो है, उसके छोटे भाई और पिता का वजन क्रमशः उसके वजन का ०.८ गुना और १.६ गुना है। उसके भाई का वजन निकालें।",२९.२०
368,"राजन का वजन ३६.५ किलो है, उसके छोटे भाई और पिता का वजन क्रमशः उसके वजन का ०.८ गुना और १.६ गुना है। उसके पिता का वजन निकालें।",५८.४०
369,एक आयताकार जमीन का क्षेत्रफल ७२९ वर्ग मीटर है। इसकी चौड़ाई २२.५ मीटर हो तो लंबाई निकालें।,३२.४०
370,३.२५ मीटर लंबे एक लोहे के टुकड़े का वजन १५.६ किलो है। लोहे के टुकड़े के प्रति मीटर का वजन निकालें।,४.८०
371,"राजन ने पिछले सप्ताह प्रतिदिन क्रमशः २, १.५, १, १.५, १, २, ५ घंटे घर पर पढ़ाई की। उसने प्रतिदिन औसतन कितने घंटे घर पर पढ़ाई की है?",२
372,"राजन ने पिछले सप्ताह प्रतिदिन क्रमशः ३, २.५, ३, ४.५, ३, २, ३ घंटे घर पर पढ़ाई की। उसने प्रतिदिन औसतन कितने घंटे घर पर पढ़ाई की है?",३
373,"राजन ने पिछले सप्ताह प्रतिदिन क्रमशः ३, २.५, ३.५, ४.५, ३.५, ४, ३.५ घंटे घर पर पढ़ाई की। उसने प्रतिदिन औसतन कितने घंटे घर पर पढ़ाई की है?",३.५०
374,"राजन ने पिछले सप्ताह प्रतिदिन क्रमशः २, १.५, १, १.५, ३, २, ३ घंटे घर पर पढ़ाई की। उसने प्रतिदिन औसतन कितने घंटे घर पर पढ़ाई की है?",२
375,"एक बक्से के २० संतरों में से हमने ३ का वजन मापकर पाया क्रमशः ३३५ ग्राम, ३२० ग्राम और ३७१ ग्राम। तीनों संतरों का औसत वजन निकालें।",३४२
376,"एक बक्से के २० संतरों में से हमने ३ का वजन मापकर पाया क्रमशः ३३५ ग्राम, ३२० ग्राम और ३७१ ग्राम। औसत वजन के आधार पर २० संतरों का कुल वजन (किलो में) निकालें।",६.८४
377,"एक बक्से के ३० संतरों में से हमने ३ का वजन मापकर पाया क्रमशः २३५ ग्राम, १२० ग्राम और ३६५ ग्राम। तीनों संतरों का औसत वजन निकालें।",२४०
378,"एक बक्से के ३० संतरों में से हमने ३ का वजन मापकर पाया क्रमशः २३५ ग्राम, १२० ग्राम और ३६५ ग्राम। औसत वजन के आधार पर ३० संतरों का कुल वजन (किलो में) निकालें।",७.२०
379,"८ अंडों के वजन क्रमशः ५४ ग्राम, ५६ ग्राम, ५० ग्राम, ५८ ग्राम, ५७ ग्राम, ५० ग्राम, ५३ ग्राम, ५० ग्राम हैं। ८ अंडों का औसत वजन निकालें।",५३.५०
380,"५ अंडों के वजन क्रमशः ५८ ग्राम, ५७ ग्राम, ५० ग्राम, ५३ ग्राम, ५१ ग्राम हैं। ५ अंडों का औसत वजन निकालें।",५३.८०
381,६ किताबों का वजन ९२४ ग्राम है। किताबों का औसत वजन निकालें।,१५४
382,किसी विद्यालय की ५वीं कक्षा के कुल ३० विद्यार्थियों में १२ छात्राएं हैं। कुल विद्यार्थियों में प्रति सौ कितनी छात्राएं हैं?,४०
383,किसी विद्यालय की ५वीं कक्षा के कुल ५० विद्यार्थियों में ४२% छात्राएं हैं। उस कक्षा में कुल कितनी छात्राएं हैं?,२१
384,किसी विद्यालय की ५वीं कक्षा के कुल ५० विद्यार्थियों में ४२% छात्राएं हैं। उस कक्षा में कुल कितने छात्र हैं?,२९
385,"जगदीश एक बैंक से ६% वार्षिक ब्याज पर २,००० रुपये कर्ज ले तो जगदीश को हर साल कितने रुपये ब्याज देना होगा।",१२०
386,दिल्ली में मई महीने में कुल २४८ से.मी. बारिश हुई हो तो औसतन प्रतिदिन कितने से.मी. बारिश हुई है?,८
387,कानपुर में अप्रैल महीने में कुल २१० से.मी. बारिश हुई हो तो औसतन प्रतिदिन कितने से.मी. बारिश हुई है?,७
388,सुनील ने एक बैंक से ८०० रुपये कर्ज लेकर एक साल बाद ८५६ रुपये लौटाए। वार्षिक ब्याज की दर प्रति सौ कितने रुपये थी?,७
389,राहुल ने एक बैंक से १८०० रुपये कर्ज लेकर तीन साल बाद २३४० रुपये लौटाए। वार्षिक ब्याज की दर प्रति सौ कितने रुपये थी?,१०
390,अमिता ने किसी बैंक से ५% वार्षिक ब्याज पर कुछ रुपये कर्ज लेकर एक साल बाद ३० रुपये ब्याज दिया। मूलधन कितने रुपये था?,६००
391,कल्याणी ने किसी बैंक से ५% वार्षिक ब्याज पर कुछ रुपये कर्ज लेकर पांच साल बाद ३५० रुपये ब्याज दिया। मूलधन कितने रुपये था?,१४००
392,"बैंक से ८% वार्षिक ब्याज पर कुछ रुपये कर्ज लेकर, एक साल बाद ६०० रुपये ब्याज दिया गया। मूलधन कितना था?",७५००
393,लोकेश ने बैंक से ६% वार्षिक ब्याज पर कुछ रुपये कर्ज लेकर एक साल बाद १२७२ रुपये दिए। मूलधन कितना था?,२१२००
394,पूजा ने बैंक से १२% वार्षिक ब्याज पर कुछ रुपये कर्ज लेकर एक साल बाद १६८० रुपये ब्याज दिया। मूलधन कितना था?,१४०००
395,"तनीषा ने बैंक से ३ साल के लिए २,००० रुपये कर्ज लिया। वार्षिक ब्याज की दर ४% है। ३ साल बाद उसे कितने रुपये ब्याज देना होगा?",२४०
396,श्यामलाल ने एक बैंक से ४५०० रुपये कर्ज लिया। मूलधन पर ८% वार्षिक ब्याज तय किया गया। १० साल बाद उसे कितने रुपये ब्याज देना होगा?,३६००
397,श्यामलाल ने एक बैंक से ४५०० रुपये कर्ज लिया। मूलधन पर ८% वार्षिक ब्याज तय किया गया। १० साल बाद उसे कुल कितने रुपये चुकाने होंगे?,८१००
398,श्यामलाल ने एक बैंक से ४५०० रुपये कर्ज लिया। मूलधन पर ८% वार्षिक ब्याज तय किया गया। कितने साल बाद कुल ब्याज की राशि २५२० रुपये होगी?,७
399,२५ लीटर ५० लीटर का कितना % है?,१२.५०
400,१२० किलोग्राम का २०% कितने किलोग्राम है?,२४
401,३० लोग कितने लोगों का ३०% हैं?,९
402,८६५५ में से कौन-सी छोटी से छोटी संख्या घटाने पर अंतर एक पूर्ण वर्ग संख्या होगा?,६
403,६५१२०१ के साथ कौन-सी छोटी से छोटी संख्या जोड़ने पर योगफल एक पूर्ण वर्ग संख्या होगा?,४८
404,४६३९ में से छोटी से छोटी संख्या घटाने पर अंतर एक पूर्ण वर्ग संख्या होगा?,१५
405,५६०५ के साथ कौन-सी छोटी से छोटी संख्या जोड़ने पर योगफल एक पूर्ण वर्ग संख्या होगा?,२०
406,किसी बगीचे में १२९६ आम के पेड़ हैं। बगीचे की लंबाई और चौड़ाई दोनों तरफ की प्रत्येक कतार में बराबर संख्या में आम के पेड़ हों तो प्रत्येक कतार में पेड़ों की संख्या निकालें।,३६
407,"एक स्काउट दल को ९, १० और १२ कतारों में सजाया जा सकता है। उन्हें वर्गाकार रूप में भी सजाया जा सकता है। उस स्काउट दल में कम से कम कितने स्काउट हैं।",९००
408,५६७२८ सैनिकों में से कम से कम कितने सैनिकों को हटा देने पर सैनिक दल को वर्गाकार रूप में सजाया जा सकेगा?,८४
409,५६७२८ सैनिकों के साथ कम से कम और कितने सैनिकों के जुड़ने पर सैनिक दल को वर्गाकार रूप में सजाया जा सकेगा?,३९३
410,किसी विद्यालय के २७०४ विद्यार्थियों को दैनिक सभा के लिए वर्गाकार रूप में सजाया गया। प्रत्येक कतार में विद्यार्थियों की संख्या निकालें।,५२
411,"एक सहकारी समिति के जितने सदस्य थे, प्रत्येक के उतने २०-२० रुपये चंदा देने से कुल २०४८० रुपये हुए। उस समिति की सदस्य संख्या निकालें।",३२
412,किसी बगीचे में १८०० पौधे वर्गाकार रूप में लगाते समय ३६ पौधे ज्यादा हो गए। प्रत्येक कतार में पौधों की संख्या निकालें।,४२
413,"कौन-सी छोटी से छोटी पूर्ण वर्ग संख्या ९, १५ और २५ से विभाज्य है?",२२५
414,एक धान के खेत का धान काटने के लिए मजदूर लिए गए। प्रत्येक मजदूर की मजदूरी उनकी संख्या की १० गुनी है। दैनिक कुल मजदूरी ६२५० रुपये हो तो मजदूरों की संख्या निकालें।,२५
415,"दो क्रमागत संख्याओं के वर्गों का अंतर ३७ हो, तो बड़ी संख्या निकालें।",१९
416,"दो क्रमागत संख्याओं के वर्गों का अंतर ३७ हो, तो छोटी संख्या निकालें।",१८
417,ऐसी दो छोटी से छोटी क्रमागत संख्याएं हैं जिनके वर्गों का अंतर एक पूर्ण वर्ग संख्या है। बड़ी संख्या निकालें।,५
418,ऐसी दो छोटी से छोटी क्रमागत संख्याएं हैं जिनके वर्गों का अंतर एक पूर्ण वर्ग संख्या है। छोटी संख्या निकालें।,४
419,१२ लोग एक काम ९ दिनों में कर सकते हैं। उसी दर से काम करने पर १८ लोग वह काम कितने दिनों में कर सकेंगे?,६
420,"२० मीटर कपड़े को तीन भाई-बहन अमित, सुमित और चेतना के बीच ५ : ३ : २ के अनुपात में बांटने पर अमित के कपड़े की मात्रा कितनी है?",१०
421,"२० मीटर कपड़े को तीन भाई-बहन अमित, सुमित और चेतना के बीच ५ : ३ : २ के अनुपात में बांटने पर सुमित के कपड़े की मात्रा कितनी है?",६
422,"२० मीटर कपड़े को तीन भाई-बहन अमित, सुमित और चेतना के बीच ५ : ३ : २ के अनुपात में बांटने पर चेतना के कपड़े की मात्रा कितनी है?",४
423,"पवन और तपन की आय का अनुपात ४ : ३ है। तपन और रोबिन की आय का अनुपात ५ : ४ है। पवन की आय १२० रुपये हो, तो रोबिन की आय कितनी है?",७२
424,एक कपड़े की फैक्ट्री में प्रतिदिन ५५० शर्ट बनती हैं। उस फैक्ट्री में उसी दर से १ सप्ताह में कितनी शर्ट बनती हैं?,३८५०
425,"करण बाबू के तीन बेटों की उम्र क्रमशः ५ साल, ७ साल और ९ साल है। उन्होंने ४२०० रुपये तीनों बेटों को उनकी उम्र के अनुपात में बांट दिए, बड़े बेटे को कितने रुपये मिलेंगे?",१८००
426,"करण बाबू के तीन बेटों की उम्र क्रमशः ५ साल, ७ साल और ९ साल है। उन्होंने ४२०० रुपये तीनों बेटों को उनकी उम्र के अनुपात में बांट दिए, मंझले बेटे को कितने रुपये मिलेंगे?",१४००
427,"करण बाबू के तीन बेटों की उम्र क्रमशः ५ साल, ७ साल और ९ साल है। उन्होंने ४२०० रुपये तीनों बेटों को उनकी उम्र के अनुपात में बांट दिए, छोटे बेटे को कितने रुपये मिलेंगे?",१०००
428,"२१६० रुपये रूमा, जूही और काजल के बीच १ : २ : ३ के अनुपात में बांटने पर रूमा को कितने रुपये मिलेंगे?",३६०
429,"२१६० रुपये रूमा, जूही और काजल के बीच १ : २ : ३ के अनुपात में बांटने पर जूही को कितने रुपये मिलेंगे?",७२०
430,"२१६० रुपये रूमा, जूही और काजल के बीच १ : २ : ३ के अनुपात में बांटने पर काजल को कितने रुपये मिलेंगे?",१०८०
431,"कुछ रुपये लक्की, समर और सोहम के बीच ५ : ४ : २ के अनुपात में बांटे गए। सोहम को १८० रुपये मिले हों तो लक्की को कितने रुपये मिलेंगे, निकालें।",४५०
432,"कुछ रुपये लक्की, समर और सोहम के बीच ५ : ४ : २ के अनुपात में बांटे गए। सोहम को १८० रुपये मिले हों तो समर को कितने रुपये मिलेंगे, निकालें।",३६०
433,"सुरेश, दिनेश और लोकेश तीन भाई हैं। उनके पिता ने ६३०० रुपये उनके बीच बांट दिए। इसमें सुरेश को दिनेश का ३/५ हिस्सा और दिनेश को लोकेश के दुगुने रुपये मिलते हैं। सुरेश के रुपयों की राशि निकालें।",१८००
434,"सुरेश, दिनेश और लोकेश तीन भाई हैं। उनके पिता ने ६३०० रुपये उनके बीच बांट दिए। इसमें सुरेश को दिनेश का ३/५ हिस्सा और दिनेश को लोकेश के दुगुने रुपये मिलते हैं। दिनेश के रुपयों की राशि निकालें।",३०००
435,"सुरेश, दिनेश और लोकेश तीन भाई हैं। उनके पिता ने ६३०० रुपये उनके बीच बांट दिए। इसमें सुरेश को दिनेश का ३/५ हिस्सा और दिनेश को लोकेश के दुगुने रुपये मिलते हैं। लोकेश के रुपयों की राशि निकालें।",१५००
436,"तांबे, जस्ते और चांदी का अनुपात ३:५ है। उस गहने में तांबे और जस्ते का अनुपात १:२ और जस्ते और चांदी का अनुपात ३:५ है। १९ ग्राम वजन के गहने में कितने ग्राम चांदी है?",१०
437,दो बराबर माप के गिलास शरबत से भरे हैं। उस शरबत में पानी और सिरप का अनुपात क्रमशः पहले गिलास में ३:२ और दूसरे गिलास में ५:४ है। उन दोनों गिलासों का शरबत एक साथ मिलाने पर पानी और सिरप का अनुपात निकालें।,२६:१९
438,"क : ख = ४:७, ख : ग = १०:७ हो, तो क : ख : ग निकालें।",४०:७०:४९
439,"९६०० रुपये सारा, मयूरी और रिया के बीच ४:३:१ के अनुपात में बांटने पर सारा को कितने रुपये मिलेंगे?",४८००
440,"९६०० रुपये सारा, मयूरी और रिया के बीच ४:३:१ के अनुपात में बांटने पर मयूरी को कितने रुपये मिलेंगे?",३६००
441,"९६०० रुपये सारा, मयूरी और रिया के बीच ४:३:१ के अनुपात में बांटने पर रिया को कितने रुपये मिलेंगे?",१२००
442,"तीन छात्रों के बीच ४२०० रुपये उनकी कक्षा के अनुपात में बांटे गए। यदि वे क्रमशः ६ठी, ७वीं और ८वीं कक्षा के विद्यार्थी हों, तो ६ठी कक्षा के विद्यार्थी को कितने रुपये मिलेंगे?",१२००
443,"तीन छात्रों के बीच ४२०० रुपये उनकी कक्षा के अनुपात में बांटे गए। यदि वे क्रमशः ६ठी, ७वीं और ८वीं कक्षा के विद्यार्थी हों, तो ७वीं कक्षा के विद्यार्थी को कितने रुपये मिलेंगे?",१४००
444,"तीन छात्रों के बीच ४२०० रुपये उनकी कक्षा के अनुपात में बांटे गए। यदि वे क्रमशः ६ठी, ७वीं और ८वीं कक्षा के विद्यार्थी हों, तो ८वीं कक्षा के विद्यार्थी को कितने रुपये मिलेंगे?",१६००
445,सोहन और सलमान की आय का अनुपात ५:७ है। सलमान और युसुफ की आय का अनुपात ४:५ है। सोहन की आय १२० रुपये हो तो युसुफ की आय कितनी है?,२१०
446,"एक संतरा विक्रेता ने प्रति सौ संतरे १००० रुपये में खरीदकर १२०० रुपये में बेचे, उन्हें कितना लाभ हुआ?",२००
447,"एक दुकानदार ने ५० किलो की १ बोरी चावल १६०० रुपये में खरीदी। चावल का दाम घट जाने से १५०० रुपये में बेची, उन्हें कितने रुपये का घाटा हुआ?",१००
448,७५ रुपये में १५ बॉलपेन खरीदकर ९० रुपये में बेचने पर प्रति सौ कितना लाभ होगा?,२०
449,एक मछली विक्रेता ने प्रति गंडा (४ मछलियां) हिलसा मछली १६०० रुपये में खरीदकर प्रत्येक मछली ३५० रुपये में बेची। उन्हें प्रति सौ कितना लाभ या घाटा हुआ?,१२.५०
450,एक बक्सा अंगूर २७५० रुपये में बेचने पर ४५० रुपये का घाटा हुआ। वही अंगूर ३६०० रुपये में बेचते तो कितने रुपये का लाभ या घाटा होता?,४००
451,एक चाय व्यापारी ने एक बक्सा चाय पत्ती ८० रुपये प्रति किलो के हिसाब से खरीदी। सारी चाय पत्ती ७५ रुपये प्रति किलो की दर से बेचने पर ५०० रुपये का घाटा हुआ। उन्होंने कितने किलो चाय पत्ती खरीदी थी?,१००
452,एक अंडा विक्रेता ने प्रति दर्जन अंडे १०१ रुपये की दर से ५ दर्जन और ९० रुपये की दर से ६ दर्जन अंडे खरीदकर किस दर पर बेचने से उन्हें प्रति दर्जन ३ रुपये का लाभ होगा?,९८
453,एक बकरी १०% घाटे पर बेची गई। बिक्री मूल्य ४५० रुपये ज्यादा होता तो ५% लाभ होता। बकरी का क्रय मूल्य कितना है?,३०००
454,"नवीन ने मिठाई की दुकान से २५० रुपये प्रति किलो के हिसाब से किलो संदेश खरीदा। वैट की दर ४ रुपये हो, तो संदेश खरीदने के लिए वह दुकानदार को कितने रुपये देगा?",५२०
455,"नरेश बाबू का मासिक मूल वेतन २७,६५० रुपये है। वार्षिक कुल आय के पहले दो लाख पचास हजार रुपये का आयकर ० (शून्य) रुपये है। बाद की राशि पर आयकर की दर १० रुपये हो, तो नरेश बाबू कितने रुपये आयकर देते हैं?",८१८०
456,एक दुकानदार ने २०० रुपये प्रति मीटर की दर से ५ मीटर कपड़ा खरीदकर २२५ रुपये प्रति मीटर की दर से बेचा तो कितना लाभ हुआ?,१२५
457,एक संतरा विक्रेता ने ६० रुपये प्रति गंडा (४ संतरे) की दर से ५ दर्जन संतरे खरीदकर ५० रुपये प्रति गंडा की दर से बेचे तो कितना घाटा हुआ?,१५०
458,रवि ४० रुपये प्रति किलो की दर से ५० किलो चावल खरीदकर ४४ रुपये किलो की दर से बेचे तो कितना लाभ या घाटा होगा?,२००
459,प्रति लीटर अमूल दूध ५२ रुपये में खरीदकर ५५ रुपये की दर से बेचने पर प्रति सौ कितना लाभ होता है?,५.७६
460,"प्रत्येक चॉकलेट ८ रुपये के हिसाब से खरीदकर ८.५० रुपये के हिसाब से बेचने पर २५ रुपये लाभ हुआ, कुल कितनी चॉकलेट खरीदी गई थीं?",५०
461,१२५ रुपये प्रति मीटर की दर से कपड़ा खरीदकर १५० रुपये की दर से बेचने पर दुकानदार को २००० रुपये का लाभ होता है। दुकानदार ने कुल कितने मीटर कपड़ा खरीदा था?,८०
462,एक वस्तु १९० रुपये में खरीदकर १७५ रुपये में बेचने पर प्रति सौ कितना लाभ या घाटा होगा?,७.८९
463,"२५ मीटर कपड़ा जिस दाम पर खरीदा जाता है, उसी दाम पर २० मीटर कपड़ा बेचने पर प्रति सौ कितना लाभ या घाटा होगा?",२५
464,५ रुपये में ८ आंवले खरीदकर ५ रुपये में ६ की दर से बेचने पर प्रति सौ कितना लाभ या घाटा होगा?,३३.३३
465,एक गाड़ी का बिक्री मूल्य गाड़ी के क्रय मूल्य के ४/५ हिस्से के बराबर है। प्रति सौ लाभ या घाटा निकालें।,२०
466,"एक वस्तु ४०० रुपये में बेचने पर जितना घाटा होता है, ४८० रुपये में बेचने पर उसका तिगुना लाभ होता है। वस्तु का क्रय मूल्य निकालें।",४२०
467,एक घड़ी ६२५ रुपये में बेचने पर १०% घाटा होता है। कितने रुपये में बेचने पर १०% लाभ होगा?,७६३.८८
468,मानसी ने २० रुपये प्रति मीटर की दर से १५ मीटर लाल फीता खरीदा। वैट की दर ४ रुपये है। उसने दुकानदार को ५०० रुपये का एक नोट दिया। दुकानदार उसे कितने रुपये लौटाएगा?,१८८
469,"मिस्टर राय एक सरकारी अधिकारी हैं। वे तीर्थस्थान के दर्शन के लिए नेपाल जाएंगे। यदि भारतीय १ रुपया नेपाली १.६० रुपये के बराबर हो, तो नेपाली ३००० रुपयों के लिए भारत के कितने रुपये चाहिए होंगे?",४७६१.९०
470,"नलिन बाबू एक नौकरीपेशा हैं। उनका मासिक मूल वेतन २२,२५० रुपये है। वार्षिक कुल आय के पहले दो लाख पचास हजार रुपये का आयकर ०(शून्य) रुपये है। बाद की राशि पर आयकर की दर १० रुपये हो तो नलिन कर के रूप में कितने रुपये चुकाते हैं?",६७००
471,एक नाव स्थिर पानी में प्रति घंटे ६ कि.मी. जा सकती है। धारा के प्रतिकूल ६ कि.मी. जाने में नाव को ३ गुना समय लगता है। धारा के अनुकूल ५० कि.मी. जाने में नाव को कितने घंटे लगेंगे?,५
472,एक हौज में तीन नल हैं। पहले और दूसरे नल से क्रमशः ३० मिनट और २० मिनट में हौज भर जाता है। तीसरे नल से भरा हौज ६० मिनट में खाली हो जाता है। तीसरे नल से सेकंड में हौज का कितना हिस्सा भरता है?,१/६०
473,एक हौज में तीन नल हैं। पहले और दूसरे नल से क्रमशः ३० मिनट और २० मिनट में हौज भर जाता है। तीसरे नल से भरा हौज ६० मिनट में खाली हो जाता है। तीनों नल एक साथ खोल देने पर हौज कितने मिनट में भरेगा?,१५
474,एक हौज में तीन नल हैं। पहले और दूसरे नल से क्रमशः ३० मिनट और २० मिनट में हौज भर जाता है। तीसरे नल से भरा हौज ६० मिनट में खाली हो जाता है। पहला नल कब बंद करने पर पहले और दूसरे नल से हौज १८ मिनट में पानी से भर जाएगा?,१.२०
475,६० मीटर लंबी एक ट्रेन की रफ्तार ४८ कि.मी. प्रति घंटा है। रेल लाइन के किनारे के एक खंभे को पार करने में ट्रेन को कितना समय (सेकंड में) लगेगा?,४.५०
476,५ मजदूर ६ दिनों में ८ बीघा जमीन की फसल काट सकते हैं। २० बीघा जमीन की फसल काटने में २५ मजदूरों को कितने दिन लगेंगे?,३
477,स्वपन एक काम २४ दिनों में कर सकता है। रतन वह काम १६ दिनों में कर सकता है। स्वपन और रतन मिलकर वह काम कितने दिनों में खत्म कर सकेंगे?,९.६०
478,हसीना और हलीमा एक काम मिलकर २० दिनों में कर सकती हैं। हसीना और हलीमा के मिलकर ८ दिन काम करने के बाद हसीना चली गई। हलीमा ने बाकी काम २१ दिनों में खत्म किया। पूरा काम हलीमा कितने दिनों में कर सकती थी?,३५
479,३० मजदूर २० दिनों में एक घर बना सकते हैं। काम शुरू होने के १० दिन बाद खराब मौसम के कारण ६ दिन काम बंद रखना पड़ा। तय समय में काम खत्म करने के लिए अतिरिक्त कितने मजदूर लगेंगे?,४५
480,"एक काम क और ख मिलकर १६ दिनों में, ख और ग मिलकर १२ दिनों में और क और ग मिलकर २० दिनों में कर सकते हैं। क, ख और ग मिलकर वह काम कितने दिनों में कर सकेंगे?",१०.२१
481,एक हौज में दो नल हैं। पहले और दूसरे नल से क्रमशः १२ घंटे और १८ घंटे में खाली हौज भर जाता है। दोनों नल एक साथ खोल देने पर खाली हौज भर जाता है। दोनों नल एक साथ खोल देने पर खाली हौज कितने घंटों में भरेगा?,७.२०
482,"धारा के अनुकूल एक नाव ४ घंटों में ३६ कि.मी. रास्ता पार करती है। धारा की रफ्तार प्रति घंटे ३ कि.मी. हो, तो स्थिर पानी में नाव की रफ्तार कितनी है?",६
483,"धारा के प्रतिकूल एक जहाज ११ घंटों में ७७ कि.मी. रास्ता पार करता है। स्थिर पानी में जहाज की रफ्तार प्रति घंटे ९ कि.मी. हो, तो धारा की रफ्तार प्रति घंटे कितनी है?",२
484,पतवार चलाकर एक नाव धारा के अनुकूल १५ मिनट में ३ कि.मी. और धारा के प्रतिकूल १५ मिनट में १ कि.मी. रास्ता पार करती है। स्थिर पानी में नाव की रफ्तार निकालें।,८
485,पतवार चलाकर एक नाव धारा के अनुकूल १५ मिनट में ३ कि.मी. और धारा के प्रतिकूल १५ मिनट में १ कि.मी. रास्ता पार करती है। धारा की रफ्तार निकालें।,४
486,एक किसान ५ जोड़ी बैलों से ८ दिनों में ४० हेक्टेयर जमीन जोत सकते हैं। वे ७ जोड़ी बैलों से १२ दिनों में कितने हेक्टेयर जमीन जोत सकेंगे?,८४
487,लता अकेली एक काम १० घंटों में कर सकती हैं। मीना अकेली वह काम ८ घंटों में कर सकती हैं। लता और मीना मिलकर वह काम कितने घंटों में कर सकेंगी?,४.४४
488,दो नलों से एक खाली हौज क्रमशः २० मिनट और ३० मिनट में पानी से भरा जा सकता है। हौज के खाली रहते दोनों नल एक साथ खोल दिए गए। पहला नल कब बंद करने पर हौज १८ मिनट में पानी से भर जाएगा?,८
489,१०० मीटर लंबी एक ट्रेन की रफ्तार ४८ किलोमीटर प्रति घंटा है। वह ट्रेन ३० सेकंड में एक पुल पार करती है। पुल की लंबाई कितनी है?,३००
490,"१२० मीटर लंबी एक ट्रेन ३३० मीटर लंबा एक पुल पार करेगी। ट्रेन की रफ्तार ३० कि.मी. प्रति घंटा हो, तो पुल पार करने में ट्रेन को कितना समय (सेकंड में) लगेगा?",५४
491,"एक त्रिभुजाकार जमीन का क्षेत्रफल २१६ वर्ग मीटर है। इसका आधार १८ मीटर हो, तो ऊंचाई निकालें।",२४
492,"किनारे समेत एक तालाब की लंबाई ८० मीटर और चौड़ाई ५० मीटर है। यदि तालाब के किनारे की चौड़ाई ४ मीटर हो, तो तालाब के किनारे का क्षेत्रफल कितना है?",९७६
493,एक आयताकार कमरे की परिमिति एक वर्गाकार परिमिति के बराबर है। आयताकार कमरे की लंबाई चौड़ाई की ३ गुनी है। ७५ रुपये प्रति वर्ग मीटर की दर से कमरे के फर्श को कार्पेट से ढकने में कुल ११०२५ रुपये खर्च होते हैं। आयताकार कमरे की लंबाई निकालें।,२१
494,एक आयताकार कमरे की परिमिति एक वर्गाकार परिमिति के बराबर है। आयताकार कमरे की लंबाई चौड़ाई की ३ गुनी है। ७५ रुपये प्रति वर्ग मीटर की दर से कमरे के फर्श को कार्पेट से ढकने में कुल ११०२५ रुपये खर्च होते हैं। आयताकार कमरे की चौड़ाई निकालें।,७
495,एक आयताकार कमरे की परिमिति एक वर्गाकार परिमिति के बराबर है। आयताकार कमरे की लंबाई चौड़ाई की ३ गुनी है। ७५ रुपये प्रति वर्ग मीटर की दर से कमरे के फर्श को कार्पेट से ढकने में कुल ११०२५ रुपये खर्च होते हैं। ४० से.मी. वर्गाकार टाइलों से वर्गाकार कमरे के फर्श को ढकने में कितनी टाइलें लगेंगी?,१६००
496,एक आयताकार मैदान की लंबाई चौड़ाई की ३ गुनी है। इसके चारों ओर एक बार चक्कर लगाने पर १ किलोमीटर चलना होता है। आयताकार मैदान की लंबाई निकालें।,३७५
497,एक आयताकार मैदान की लंबाई चौड़ाई की ३ गुनी है। इसके चारों ओर एक बार चक्कर लगाने पर १ किलोमीटर चलना होता है। आयताकार मैदान की चौड़ाई निकालें।,१२५
498,१०० रुपये प्रति मीटर की दर से १०० मीटर लंबे और ५० मीटर चौड़े एक आयताकार पार्क के चारों ओर बाड़ लगाने में कितना खर्च लगेगा?,३००००
499,एक समांतर चतुर्भुज क्षेत्र का आधार ४० मीटर और ऊंचाई ५० मीटर है। इसका क्षेत्रफल निकालें।,२०००
500,एक घन के एक किनारे की लंबाई ४ मीटर है। घन के तलों का क्षेत्रफल निकालें।,९६
501,योगेश अपने एक खंड जमीन में ५०० कि.ग्रा. ७०० ग्राम आलू उपजाते हैं। वे उसी क्षेत्रफल वाली ११ खंड जमीन में कितने किलो आलू उपजाते हैं?,५५०७.७०
502,परेश की १६ एकड़ जमीन में २८ मीट्रिक टन धान उपजा है। उनकी प्रति एकड़ जमीन में कितने किलो धान उपजा है?,१७५०
503,एक व्यापारी किसी एक दिन २० कि.ग्रा. ४०० ग्राम दाल बेचते हैं। इस हिसाब से कितनी मात्रा में दाल वे एक महीने में बेचेंगे?,६१२
504,"एक खंड जमीन में किसी एक दिन २० कि.ग्रा. ८५० ग्राम सरसों उपजी हो, तो वैसी ७ खंड जमीन में कुल कितने किलो सरसों उपजेगी?",१४५.९५
505,"एक मग के भीतर का आयतन १५०० घन सेंटीमीटर हो, तो २७० लीटर में कितने मग पानी होगा?",१८०
506,एक व्यापारी किसी एक दिन १८ कि.ग्रा. ३०० ग्राम चावल और ५ कि.ग्रा. ७५० ग्राम नमक बेचते हैं। इस हिसाब से महीने में वे कितने किलो चावल बेचते हैं?,५४९
507,एक व्यापारी किसी एक दिन १८ कि.ग्रा. ३०० ग्राम चावल और ५ कि.ग्रा. ७५० ग्राम नमक बेचते हैं। इस हिसाब से महीने में वे कितने किलो नमक बेचते हैं?,१७२.५०
508,"किसी परिवार में प्रतिदिन १.२५ लीटर दूध लगता है। प्रति लीटर दूध का दाम ५२ रुपये हो, तो उस परिवार में ३० दिनों में कितने रुपये का दूध लगेगा?",१९५०
509,"एक आयताकार बगीचे की लंबाई और चौड़ाई क्रमशः ६० मीटर, ४० मीटर है। इसके भीतर चारों ओर २ मीटर चौड़ा रास्ता है। रास्ते का क्षेत्रफल निकालें।",३८४
510,"एक कमरे की लंबाई, चौड़ाई की ३ गुनी है। ७.५० रुपये प्रति वर्ग मीटर की दर से कमरे के फर्श को कार्पेट से ढकने में कुल ११०२.५० रुपये खर्च होते हैं। कमरे की लंबाई निकालें।",२१
511,"एक कमरे की लंबाई, चौड़ाई की ३ गुनी है। ७.५० रुपये प्रति वर्ग मीटर की दर से कमरे के फर्श को कार्पेट से ढकने में कुल ११०२.५० रुपये खर्च होते हैं। कमरे की चौड़ाई निकालें।",७
512,अनन्या ने एक परीक्षा में अंग्रेजी और गणित में कुल १७६ अंक पाए हैं और अंग्रेजी से गणित में १० अंक ज्यादा पाए हैं। उसने अंग्रेजी में कितने अंक पाए हैं।,८३
513,अनन्या ने एक परीक्षा में अंग्रेजी और गणित में कुल १७६ अंक पाए हैं और अंग्रेजी से गणित में १० अंक ज्यादा पाए हैं। उसने गणित में कितने अंक पाए हैं।,९३
514,श्याम ने दुकान से कुछ कलम खरीदे। उनका १/२ हिस्सा अपनी बहन को और १/३ हिस्सा अपने भाई को दिया। उसके पास और ५ कलम बचे। श्याम ने कितने कलम खरीदे थे?,३०
515,एक बस २५ कि.मी. प्रति घंटे की रफ्तार से दिल्ली के कश्मीरी गेट से मेरठ पहुंची। फिर बस ३० कि.मी. प्रति घंटे की रफ्तार से मेरठ से कश्मीरी गेट लौट आई। आने-जाने में बस को कुल ५ १/२ घंटे लगे। कश्मीरी गेट से मेरठ की दूरी कितनी है?,७५
516,किस संख्या के दुगुने के साथ ५ जोड़ने पर योगफल २५ होगा?,१०
517,किस संख्या में से २७ घटाने पर अंतर -२१ होगा?,६
518,किस संख्या का एक-तिहाई ४ के बराबर होगा?,१२
519,किस संख्या में से ५ घटाने पर अंतर का ५ गुना २० के बराबर होगा?,९
520,किस संख्या के आधे में से उसका एक-तिहाई घटाने पर अंतर ६ होगा?,३६
521,तीन क्रमागत प्राकृतिक संख्याओं का योग ६३ हो। बड़ी संख्या निकालें।,२२
522,तीन क्रमागत प्राकृतिक संख्याओं का योग ६३ हो। छोटी संख्या निकालें।,२०
523,दो संख्याओं का योगफल ५५ है और बड़ी संख्या का ५ गुना छोटी संख्या के ६ गुने के बराबर है। बड़ी संख्या निकालें।,३०
524,दो संख्याओं का योगफल ५५ है और बड़ी संख्या का ५ गुना छोटी संख्या के ६ गुने के बराबर है। छोटी संख्या निकालें।,२५
525,"गीता, रीता और मीता के पास मिलाकर १८० रुपये हैं। रीता से गीता के पास ६ रुपये कम और मीता के पास १२ रुपये ज्यादा हैं। गीता के पास कितने रुपये हैं?",५२
526,"गीता, रीता और मीता के पास मिलाकर १८० रुपये हैं। रीता से गीता के पास ६ रुपये कम और मीता के पास १२ रुपये ज्यादा हैं। रीता के पास कितने रुपये हैं?",५८
527,"गीता, रीता और मीता के पास मिलाकर १८० रुपये हैं। रीता से गीता के पास ६ रुपये कम और मीता के पास १२ रुपये ज्यादा हैं। मीता के पास कितने रुपये हैं?",७०
528,"एक कॉपी और एक कलम का कुल दाम ७५ रुपये है। कॉपी का दाम ५ रुपये कम और कलम का दाम २ रुपये ज्यादा होता, तो कॉपी का दाम कलम के दाम का दुगुना होता। कॉपी का दाम कितना है?",५३
529,"एक कॉपी और एक कलम का कुल दाम ७५ रुपये है। कॉपी का दाम ५ रुपये कम और कलम का दाम २ रुपये ज्यादा होता, तो कॉपी का दाम कलम के दाम का दुगुना होता। कलम का दाम कितना है?",२२
530,"एक फल विक्रेता के कुल फलों का १/२ हिस्सा सेब, १/३ हिस्सा संतरे और ४० आम हैं। उनके पास कुल कितने फल हैं?",२४०
531,पिता की वर्तमान उम्र पुत्र की वर्तमान उम्र की ६ गुनी है। ५ साल बाद उनकी उम्रों का योग ४५ साल होगा। पिता की वर्तमान उम्र कितनी है?,३०
532,पिता की वर्तमान उम्र पुत्र की वर्तमान उम्र की ६ गुनी है। ५ साल बाद उनकी उम्रों का योग ४५ साल होगा। पुत्र की वर्तमान उम्र कितनी है?,५
533,"लता और शिखा की उम्र का अनुपात २:३ है। उन दोनों की उम्रों का योग ३० साल हो, तो लता की उम्र कितनी है?",१२
534,"लता और शिखा की उम्र का अनुपात २:३ है। उन दोनों की उम्रों का योग ३० साल हो, तो शिखा की उम्र कितनी है?",१८
535,एक क्रिकेट मैच में अमन और सुमन के कुल रनों की संख्या ५८ है। अमन के रनों की संख्या सुमन के रनों की संख्या के दुगुने से ५ रन कम है। उस मैच में अमन के रनों की संख्या कितनी है?,३७
536,एक ट्रेन ३० कि.मी. प्रति घंटे की रफ्तार से चलकर नई दिल्ली स्टेशन से गाजियाबाद स्टेशन पहुंची। २५ कि.मी. होती तो १० मिनट समय ज्यादा लगता। दोनों स्टेशनों के बीच की दूरी कितनी है?,२५
537,एक आयताकार जमीन की लंबाई चौड़ाई की तिगुनी है और जमीन की परिमिति ४० मीटर है। जमीन की लंबाई निकालें।,१५
538,एक आयताकार जमीन की लंबाई चौड़ाई की तिगुनी है और जमीन की परिमिति ४० मीटर है। जमीन की चौड़ाई निकालें।,५
539,एक दुकानदार प्रति गंडा (४ अंडे) अंडे २५ रुपये की दर से खरीदकर प्रति २ गंडा ५६ रुपये की दर से बेचे तो उन्हें प्रति सौ कितना लाभ होगा?,१२
540,एक बकरी ८% घाटे पर बेची गई। बकरी और ८०० रुपये ज्यादा दाम पर बेची जाती तो ८% लाभ होता। बकरी का क्रय मूल्य निकालें।,५०००
541,"रमेश बाबू ने बैंक में ५००० रुपये जमा किए और तय किया कि अगले ६ साल वे बैंक से रुपये नहीं निकालेंगे। बैंक का वार्षिक ब्याज १०% हो, तो ६ साल बाद उन्हें कितना ब्याज मिलेगा?",३०००
542,"रमेश बाबू ने बैंक में ५००० रुपये जमा किए और तय किया कि अगले ६ साल वे बैंक से रुपये नहीं निकालेंगे। बैंक का वार्षिक ब्याज १०% हो, तो ६ साल बाद ब्याज-मूलधन कितना होगा?",८०००
543,प्रति सौ ८ १/२ रुपये वार्षिक ब्याज पर कितने रुपयों का ६ साल का ब्याज २५५० रुपये होगा?,५०००
544,प्रति सौ कितने रुपये वार्षिक ब्याज पर ३००० रुपयों का ५ साल का ब्याज १५०० रुपये होगा?,१०
545,"कोई मूलधन ३ साल में ब्याज-मूलधन मिलाकर ५५०० रुपये होता है। ब्याज, मूलधन का ३/८ हिस्सा हो, तो मूलधन निकालें।",४०००
546,"कोई मूलधन ३ साल में ब्याज-मूलधन मिलाकर ५५०० रुपये होता है। ब्याज, मूलधन का ३/८ हिस्सा हो, तो प्रति सौ ब्याज की दर कितने रुपये है।",१२.५०
547,१२% वार्षिक ब्याज पर कितने सालों में १०००० रुपयों का ब्याज ४८०० रुपये होगा?,४
548,"एक वस्तु बेचकर थोक विक्रेता को २०% और खुदरा विक्रेता को २०% लाभ होता है। यदि वस्तु का खुदरा बिक्री मूल्य ५७६ रुपये हो, तो थोक विक्रेता का क्रय मूल्य कितना है?",४००
549,एक दुकानदार को कुछ दाल २३७५.०० रुपये में बेचने पर ५% घाटा हुआ। वह दाल कितने रुपये में बेचने पर उन्हें ६% लाभ होता?,२६५०
550,३० रुपये में १० की दर से और १५ की दर से बराबर संख्या में केले खरीदकर सारे केले ३० रुपये में १२ की दर से बेचने पर प्रति सौ कितना लाभ या घाटा होगा?,०
551,"वार्षिक ब्याज की दर प्रति सौ १०.५० रुपये हो, तो २००० रुपयों का ५ साल का ब्याज कितना होगा?",१०५०
552,"वार्षिक ब्याज प्रति सौ १० रुपये से घटकर ८ रुपये हो जाए, तो ३००० रुपयों का ३ साल का ब्याज कितना कम होगा?",१८०
553,प्रति सौ कितने रुपये वार्षिक ब्याज पर कोई मूलधन ८ साल में ब्याज-मूलधन मिलाकर १८८५० रुपये होगा?,९
554,"प्रति सौ वार्षिक ब्याज कितने रुपये हो, तो १३००० रुपये ५ साल में ब्याज-मूलधन मिलाकर दुगुने होंगे?",१२.५०
555,"६५०० रुपये जिस ब्याज दर पर ४ साल में ब्याज-मूलधन मिलाकर ८८४० रुपये होते हैं, उसी ब्याज दर पर कितने रुपये ४ साल में ब्याज-मूलधन मिलाकर १०२०० रुपये होंगे?",७५००
556,"राजेश बाबू कुछ रुपये बैंक में जमा रखकर ४ साल बाद ४७६० रुपये ब्याज पाते हैं। बैंक की वार्षिक ब्याज की दर ८.५० रुपये हो, तो उन्होंने बैंक में कितने रुपये जमा रखे थे?",१४०००
557,"प्रति सौ जिस वार्षिक दर से कोई मूलधन ६ साल में ब्याज-मूलधन मिलाकर दुगुना हो जाता है, उसी दर से कितने रुपये ४ साल में ब्याज-मूलधन मिलाकर २०५० रुपये होंगे?",१२३०
558,"प्रति सौ ६ रुपये वार्षिक ब्याज पर ५०० रुपयों का ४ साल का ब्याज जितना होता है, प्रति सौ ५ रुपये वार्षिक ब्याज पर कितने रुपयों का २ साल ६ महीने का ब्याज उतना होगा?",९६०
559,वार्षिक ब्याज ८% से बढ़कर १०% होने से तनुजा की आय ४ साल में १२८ रुपये बढ़ गई। उनका मूलधन कितना था?,१६००
560,कोई मूलधन ३ साल में ब्याज-मूलधन मिलाकर १५७८ रुपये और ५ साल में ब्याज-मूलधन मिलाकर १८३० रुपये होता है। मूलधन निकालें।,१२००
561,"कोई मूलधन ३ साल में ब्याज-मूलधन मिलाकर १५७८ रुपये और ५ साल में ब्याज-मूलधन मिलाकर १८३० रुपये होता है। प्रति सौ कितने रुपये ब्याज है, निकालें।",१०.५०
562,१०% वार्षिक ब्याज पर ३००० रुपये और ८% ब्याज पर २००० रुपये निवेश करने पर कुल मूलधन पर औसतन प्रति सौ कितने रुपये की दर से ब्याज मिलेगा?,९.२०
563,"राजीव कुमार ३ साल के लिए १०००० रुपये और ४ साल के लिए १५००० रुपये बैंक से कर्ज लेकर बैंक को कुल ९९०० रुपये ब्याज देते हैं। दोनों मामलों में ब्याज की दर बराबर हो, तो प्रति सौ कितने रुपये ब्याज है, निकालें।",११
564,"एक ही ब्याज दर पर कोई मूलधन ६ साल में ब्याज-मूलधन मिलाकर दुगुना हो, तो कितने सालों में वह ब्याज-मूलधन मिलाकर तिगुना होगा?",१२
565,"किसी निश्चित समय का ब्याज-मूलधन ५६०० रुपये है और ब्याज, मूलधन का २/५ हिस्सा है। ब्याज प्रति सौ ८ रुपये वार्षिक हो, तो समय निकालें।",५
566,"जगमोहन बाबू ने पेंशन के रुपये पाकर १० लाख रुपये के हर तीन महीने पर ब्याज आधारित ५ साल की अवधि वाले पेंशन बचत पत्र खरीदे। वार्षिक ब्याज १२% हो, तो उन्हें पहली किस्त में, यानी पहले ३ महीने बाद कितना ब्याज मिलेगा?",३००००
567,प्रति सौ ८ रुपये वार्षिक ब्याज पर ६२५०० रुपयों का ३ साल का चक्रवृद्धि मूलधन निकालें।,७८७३२
568,१०.५०% वार्षिक ब्याज पर ५००० रुपयों का २ साल का चक्रवृद्धि ब्याज निकालें।,११०५.१२
569,"एक फ्लैट मालिक कल्याण समिति ने वसूले गए सर्विस चार्ज से बचे २००००० रुपये बैंक में हर छह महीने पर चक्रवृद्धि ब्याज आधारित सावधि जमा में रखे। ब्याज की दर वार्षिक १२ रुपये हो, तो छह महीने बाद उस समिति के खाते में कितने रुपये ब्याज जमा होगा?",१२०००
570,"एक फ्लैट मालिक कल्याण समिति ने वसूले गए सर्विस चार्ज से बचे २००००० रुपये बैंक में हर छह महीने पर चक्रवृद्धि ब्याज आधारित सावधि जमा में रखे। ब्याज की दर वार्षिक १२ रुपये हो, तो एक साल बाद चक्रवृद्धि मूलधन कितना होगा?",२२४७२०
571,"किसी शहर की वर्तमान जनसंख्या ८० लाख है। उस शहर की जनसंख्या वृद्धि की दर प्रति हजार ३० हो, तो ३ साल बाद उस शहर की जनसंख्या कितनी होगी?",८७४१८१६
572,मनोरमा देवी ने अपनी पारिवारिक जरूरत के लिए ६% की दर से कुछ रुपये और ४% की दर से कुछ रुपये कर्ज लिए। उन्होंने कुल ५६००० रुपये कर्ज लिया और अंत में २८४० रुपये ब्याज चुकाया। पूरे कर्ज पर ५% ब्याज लागू हो तो वार्षिक ब्याज कितना है?,२८००
573,मनोरमा देवी ने अपनी पारिवारिक जरूरत के लिए ६% की दर से कुछ रुपये और ४% की दर से कुछ रुपये कर्ज लिए। उन्होंने कुल ५६००० रुपये कर्ज लिया और अंत में २८४० रुपये ब्याज चुकाया। मनोरमा देवी ने ६% की दर से कितने रुपये कर्ज लिया है?,३००००
574,मनोरमा देवी ने अपनी पारिवारिक जरूरत के लिए ६% की दर से कुछ रुपये और ४% की दर से कुछ रुपये कर्ज लिए। उन्होंने कुल ५६००० रुपये कर्ज लिया और अंत में २८४० रुपये ब्याज चुकाया। मनोरमा देवी ने ४% की दर से कितने रुपये कर्ज लिया है?,२६०००
575,मनोरमा देवी ने अपनी पारिवारिक जरूरत के लिए ६% की दर से कुछ रुपये और ४% की दर से कुछ रुपये कर्ज लिए। उन्होंने कुल ५६००० रुपये कर्ज लिया और अंत में २८४० रुपये ब्याज चुकाया। पूरे कर्ज पर ५% चक्रवृद्धि ब्याज लागू हो तो २ साल बाद मनोरमा देवी को कितने रुपये ब्याज चुकाना होगा?,५७४०
576,१०% वार्षिक ब्याज पर ८००० रुपयों का ३ साल का चक्रवृद्धि मूलधन निकालें।,१०६४८
577,प्रति सौ १० रुपये वार्षिक ब्याज पर ५००० रुपयों के ३ साल के सरल ब्याज और चक्रवृद्धि ब्याज का अंतर कितना होगा?,१५५
578,"एक ही ब्याज दर पर किसी मूलधन का एक साल के अंत में चक्रवृद्धि मूलधन ६५०० रुपये और दो साल के अंत में चक्रवृद्धि मूलधन ६५७० रुपये हो, तो मूलधन कितना है?",६२५०
579,प्रति सौ ८.५० रुपये वार्षिक चक्रवृद्धि ब्याज पर १०००० रुपयों का २ साल का मिश्रधन निकालें।,११७७२.२५
580,प्रति सौ ८.५० रुपये वार्षिक चक्रवृद्धि ब्याज पर १०००० रुपयों का २ साल का चक्रवृद्धि ब्याज निकालें।,१७७२.२५
581,"किसी शहर की वर्तमान जनसंख्या ६४ लाख है। शहर की जनसंख्या वृद्धि की दर प्रति हजार २५ हो, तो २ साल बाद उस शहर की जनसंख्या कितनी होगी?",६७२४०००
582,एक व्यक्ति ने एक ऋणदान संस्था से ८% वार्षिक चक्रवृद्धि ब्याज पर ५००० रुपये कर्ज लिया। हर साल के अंत में वे २०००-२००० रुपये चुकाते हैं। दूसरी किस्त चुकाने के बाद उन पर और कितने रुपये कर्ज रहेगा?,१६७२
583,१ मीट्रिक टन चावल ६४ मजदूरों के बीच बराबर बांटने पर प्रत्येक को कितने किलो चावल मिलेगा।,१५.६२
584,"एक हौज की लंबाई ३ मीटर, चौड़ाई २ मीटर और ऊंचाई ४ मीटर है। इसमें कितने लीटर शुद्ध पानी आएगा?",२४०००
585,"एक हौज की लंबाई ३ मीटर, चौड़ाई २ मीटर और ऊंचाई ४ मीटर है। इसमें कितने किलोग्राम शुद्ध पानी आएगा?",२४०००
586,१ इंच = २.५४ सेंटीमीटर और १ एकड़ = ४८४० वर्ग गज। १ एकड़ में कितने वर्ग मीटर हैं?,४०४६.८५
587,जवाहरलाल नेहरू विश्वविद्यालय परिसर का क्षेत्र ७०० एकड़ है। इसे निकटतम पूर्ण संख्या हेक्टेयर में व्यक्त करें।,२८३
588,एक आयताकार क्षेत्र की लंबाई ४० मीटर और चौड़ाई ३० मीटर ३० से.मी. है। क्षेत्र का क्षेत्रफल कितने वर्ग किलोमीटर है?,१२१२
589,"एक बक्से की लंबाई २ मीटर, चौड़ाई १ मीटर ५० से.मी. और ऊंचाई १ मीटर है। बक्से का आयतन कितना है?",३
590,"एक हौज में ८००० लीटर पानी आता है। हौज की लंबाई २.५६ मीटर और चौड़ाई १.२५ मीटर हो, तो गहराई कितनी है?",२.५०
591,एक कमरे की लंबाई चौड़ाई की ३ गुनी है। ७.५० रुपये प्रति वर्ग मीटर की दर से कमरे के फर्श को कार्पेट से ढकने में कुल ११०२.५० रुपये खर्च होते हैं। कमरे की लंबाई निकालें।,२१
592,एक कमरे की लंबाई चौड़ाई की ३ गुनी है। ७.५० रुपये प्रति वर्ग मीटर की दर से कमरे के फर्श को कार्पेट से ढकने में कुल ११०२.५० रुपये खर्च होते हैं। कमरे की चौड़ाई निकालें।,७
593,"हवा पानी की तुलना में ०.००१२९ गुनी भारी है। जिस कमरे की लंबाई, चौड़ाई और ऊंचाई क्रमशः १६ मीटर, १२ मीटर और ४ मीटर है, उसमें कितने किलोग्राम हवा है?",९९०.७२
594,२१ मीटर लंबे और १५ मीटर चौड़े एक बगीचे के बाहर चारों ओर २ मीटर चौड़ा एक रास्ता है। २.७५ रुपये प्रति वर्ग मीटर की दर से रास्ते पर घास लगाने में कुल कितना खर्च होगा?,४४०
595,४० मीटर लंबाई और ३० मीटर चौड़ाई वाले एक मैदान के ठीक बीच में आड़े-तिरछे १.५ मीटर चौड़े दो रास्ते हैं। दोनों रास्तों का कुल क्षेत्रफल कितना है?,१०२.७५
596,"२० मीटर लंबे एक कमरे के फर्श को कार्पेट से ढकने में ७५००.०० रुपये खर्च होते हैं। यदि उस कमरे की चौड़ाई ४ मीटर कम होती, तो ६०००.०० रुपये खर्च होते। कमरे की चौड़ाई कितनी है?",२०
597,"एक कमरे के फर्श की लंबाई ४ मीटर और चौड़ाई ३.५ मीटर है। कमरे की ऊंचाई ३ मीटर है और इसकी दीवारें १५ से.मी. मोटी हों, तो चारों दीवारों का आयतन कितने घन मीटर है?",७.०२
598,"एक कमरे में ३ दरवाजे और ६ खिड़कियां हैं। प्रत्येक दरवाजा २ मीटर लंबा और १.२५ मीटर चौड़ा है, प्रत्येक खिड़की १.२५ मीटर लंबी और १ मीटर चौड़ी है। उस कमरे के दरवाजे-खिड़कियां बनाने के लिए ५ मीटर लंबे और ०.६० मीटर चौड़े कितने तख्तों की जरूरत होगी?",५
599,"एक आयताकार लोहे के टुकड़े की लंबाई ८.८ से.मी., चौड़ाई ६.४ से.मी. और ऊंचाई २.५ से.मी. है। लोहे के टुकड़े को १५ से.मी. लंबाई, ६.२५ से.मी. चौड़ाई और ४ से.मी. ऊंचाई वाले आयताकार बर्तन में रखकर पानी से भरा गया। लोहा पानी की तुलना में ७.५ गुना भारी है। लोहे के टुकड़े का वजन निकालें।",१.०५
600,"एक आयताकार लोहे के टुकड़े की लंबाई ८.८ से.मी., चौड़ाई ६.४ से.मी. और ऊंचाई २.५ से.मी. है। लोहे के टुकड़े को १५ से.मी. लंबाई, ६.२५ से.मी. चौड़ाई और ४ से.मी. ऊंचाई वाले आयताकार बर्तन में रखकर पानी से भरा गया। लोहा पानी की तुलना में ७.५ गुना भारी है। पानी के बर्तन का आयतन कितने घन सेमी है?",३७५
601,"एक आयताकार लोहे के टुकड़े की लंबाई ८.८ से.मी., चौड़ाई ६.४ से.मी. और ऊंचाई २.५ से.मी. है। लोहे के टुकड़े को १५ से.मी. लंबाई, ६.२५ से.मी. चौड़ाई और ४ से.मी. ऊंचाई वाले आयताकार बर्तन में रखकर पानी से भरा गया। लोहा पानी की तुलना में ७.५ गुना भारी है। बर्तन के पानी से भरे रहते लोहे का टुकड़ा उठा लिया जाए, तो बर्तन के पानी की ऊंचाई कितनी होगी?",२.४९
602,"एक तालाब की लंबाई ६० मीटर और चौड़ाई ४० मीटर है। तालाब के किनारे की चौड़ाई ३ मीटर हो, तो किनारे का क्षेत्रफल निकालें।",६३६
603,एक आयताकार क्षेत्र का क्षेत्रफल १० एकड़ है और उसकी लंबाई चौड़ाई की ४ गुनी है। क्षेत्र की लंबाई कितने मीटर है?,४०२.३४
604,"एक आयताकार कमरे की लंबाई चौड़ाई की डेढ़ गुनी है। इसका क्षेत्रफल २१६ वर्ग मीटर हो, तो परिमिति कितनी है?",६०
605,"एक त्रिभुजाकार क्षेत्र का आधार २४ मीटर और ऊंचाई १५ मीटर ५० सेंटीमीटर हो, तो इसका क्षेत्रफल निकालें।",१८६
606,एक आयताकार क्षेत्र की लंबाई ४८ मीटर और चौड़ाई ३२ मीटर ८० से.मी. है। क्षेत्र के बाहर चारों ओर ३ मीटर चौड़ा एक रास्ता है। रास्ते का क्षेत्रफल कितना है?,५२०.८०
607,एक वर्गाकार क्षेत्र की एक भुजा की लंबाई ३०० मीटर है और बाहर चारों ओर ४ मीटर चौड़ा एक रास्ता है। रास्ते का क्षेत्रफल कितना है?,४८६४
608,"एक त्रिभुजाकार जमीन का क्षेत्रफल २६४ वर्ग मीटर है। इसका आधार २२ मीटर हो, तो ऊंचाई निकालें।",२४
609,"एक हौज में १९२०० लीटर पानी आता है। इसकी गहराई २.५६ मीटर और चौड़ाई २.५ मीटर हो, तो लंबाई कितनी है?",३
610,"सोना, पानी की तुलना में १९.३ गुना भारी है। एक आयताकार सोने की छड़ की लंबाई ७.८ से.मी., चौड़ाई ६.४ से.मी. और ऊंचाई २.५ से.मी. है। सोने की छड़ का वजन कितने ग्राम है?",२४०८.६४
611,"एक छोटे बक्से की लंबाई १५ से.मी. २.४ मि.मी., चौड़ाई ७ से.मी. ६.२ मि.मी. और ऊंचाई ५ से.मी. ८ मि.मी. है। बक्से का आयतन कितने घन सेंटीमीटर है?",६७३.५४
612,"एक आयताकार हौज की लंबाई ५.५ मीटर, चौड़ाई ४ मीटर और ऊंचाई २ मीटर है। वह हौज पानी से भरा हो तो पानी का आयतन कितने लीटर है?",४४०००
613,"एक आयताकार हौज की लंबाई ५.५ मीटर, चौड़ाई ४ मीटर और ऊंचाई २ मीटर है। वह हौज पानी से भरा हो तो पानी का वजन कितने किलोग्राम होगा?",४४०००
614,एक आयताकार क्षेत्र की लंबाई चौड़ाई की १.५ गुनी है। १.९० रुपये प्रति वर्ग मीटर की दर से घास लगाने में १०२६०.०० रुपये खर्च होते हैं। २.५० रुपये प्रति मीटर की दर से उस मैदान के चारों ओर बाड़ लगाने में कितना खर्च होगा?,७५०
615,एक कमरे के फर्श को कार्पेट से ढकने में कुल ७२०० रुपये खर्च होते हैं। कमरे की चौड़ाई ३ मीटर कम होती तो ५७६ रुपये कम खर्च होते। कमरे की चौड़ाई कितनी है?,३७.५०
616,८० मीटर लंबाई और ६० मीटर चौड़ाई वाले एक आयताकार बगीचे के भीतर चारों ओर ४ मीटर चौड़ा एक रास्ता है। ७.२५ रुपये प्रति वर्ग मीटर की दर से उस रास्ते को बांधने का खर्च कितना है?,७६५६
617,"२.५ मीटर गहरे एक वर्गाकार खुले हौज में २८,९०० लीटर पानी आता है। इसके भीतर की ओर सीसे की चादर लगाने में १२.५० रुपये प्रति वर्ग मीटर के हिसाब से कुल कितना खर्च होगा?",५६९.५०
618,एक कमरे का फर्श २६ मी. लंबा और २० मी. चौड़ा है। ४ मी. लंबी और २.५ मी. चौड़ी कितनी चटाइयों से फर्श को पूरा ढका जा सकेगा?,५२
619,"एक कमरे का फर्श २६ मी. लंबा और २० मी. चौड़ा है। ४ मी. लंबी और २.५ मी. चौड़ी कुछ चटाइयों से फर्श को पूरा ढका जा सकेगा। प्रत्येक चटाई का दाम २७.५० रुपये हो, तो कुल खर्च कितना होगा?",१४३०
620,"एक किताब की लंबाई २५ से.मी. और चौड़ाई १८ से.मी. है। किताब के पृष्ठों की संख्या २०० है और प्रत्येक पन्ने के कागज की मोटाई ०.१ मि.मी. हो, तो किताब का आयतन निकालें।",४५०
621,"एक तालाब की लंबाई ३२ मीटर, चौड़ाई २० मीटर और तालाब के पानी की गहराई ३ मीटर है। एक मशीन से तालाब को खाली किया जा रहा है जो प्रति सेकंड ०.१ घन मीटर पानी निकाल सकती है। तालाब को खाली करने में कितने मिनट लगेंगे?",३२०
622,"३ मीटर लंबाई, २ मीटर चौड़ाई और १ मीटर ऊंचाई वाले एक खाली हौज में ५० से.मी. भुजा वाला एक ठोस धातु का घन रखा है। हौज को पानी से भरने के बाद घन उठा लिया जाए, तो पानी की गहराई कितनी होगी?",९७.९२
623,फैज और अयान के पास कुछ बेर थे। फैज के बेरों में से अयान को १० बेर देने पर अयान के बेरों की संख्या फैज के बेरों की संख्या की तिगुनी हो जाती। और अयान के बेरों में से फैज को २० देने पर फैज के बेरों की संख्या अयान की संख्या की दुगुनी हो जाती। फैज के पास कितने बेर थे?,२८
624,फैज और अयान के पास कुछ बेर थे। फैज के बेरों में से अयान को १० बेर देने पर अयान के बेरों की संख्या फैज के बेरों की संख्या की तिगुनी हो जाती। और अयान के बेरों में से फैज को २० देने पर फैज के बेरों की संख्या अयान की संख्या की दुगुनी हो जाती। अयान के पास कितने बेर थे?,४४
625,१० साल पहले पिता और पुत्र की उम्र का अनुपात ४:१ था। १० साल बाद पिता और पुत्र की उम्र का अनुपात २:१ होगा। पिता की वर्तमान उम्र निकालें।,५०
626,१० साल पहले पिता और पुत्र की उम्र का अनुपात ४:१ था। १० साल बाद पिता और पुत्र की उम्र का अनुपात २:१ होगा। पुत्र की वर्तमान उम्र निकालें।,२०
627,दो अंकों वाली किसी संख्या के दोनों अंकों के योग के साथ ७ जोड़ने पर योगफल दहाई स्थान के अंक का तिगुना होता है। लेकिन संख्या में से १८ घटाने पर दोनों अंक स्थान बदल लेते हैं। संख्या निकालें।,५३
628,किसी भिन्न के अंश के साथ ७ जोड़ने पर भिन्न का मान २ होता है और हर में से २ घटाने पर भिन्न का मान १ होता है। भिन्न का मान निकालें।,३/५
629,"दो संख्याओं का योगफल १०० और अंतर २० हो, तो बड़ी संख्या निकालें।",६०
630,"दो संख्याओं का योगफल १०० और अंतर २० हो, तो छोटी संख्या निकालें।",४०
631,"दो संख्याओं का योगफल १६० है और एक दूसरी की तिगुनी हो, तो बड़ी संख्या निकालें।",१२०
632,"दो संख्याओं का योगफल १६० है और एक दूसरी की तिगुनी हो, तो छोटी संख्या निकालें।",४०
633,"दो संख्याओं में पहली के तिगुने के साथ दूसरी का दुगुना जोड़ने पर ५९ होता है। फिर, पहली के दुगुने में से दूसरी को घटाने पर ९ होता है। बड़ी संख्या निकालें।",१३
634,"दो संख्याओं में पहली के तिगुने के साथ दूसरी का दुगुना जोड़ने पर ५९ होता है। फिर, पहली के दुगुने में से दूसरी को घटाने पर ९ होता है। छोटी संख्या निकालें।",११
635,५ साल पहले पिता और पुत्र की उम्र का अनुपात ३:१ था और १५ साल बाद पिता और पुत्र की उम्र का अनुपात २:१ होगा। पिता की वर्तमान उम्र निकालें।,६५
636,५ साल पहले पिता और पुत्र की उम्र का अनुपात ३:१ था और १५ साल बाद पिता और पुत्र की उम्र का अनुपात २:१ होगा। पुत्र की वर्तमान उम्र निकालें।,२५
637,"किसी भिन्न के अंश के साथ ५ जोड़ने पर इसका मान २ होता है। फिर, हर में से १ घटाने पर इसका मान १ होता है। भिन्न निकालें।",३/४
638,"किसी उचित भिन्न के अंश और हर का योगफल १४ और अंतर ८ हो, तो भिन्न निकालें।",३/११
639,"दो अंकों वाली किसी संख्या के दोनों अंकों का योगफल १० और अंतर ४ हो, तो ऐसी संभावित छोटी से छोटी संख्या निकालें।",३७
640,"दो अंकों वाली किसी संख्या के दोनों अंकों का योगफल १० और अंतर ४ हो, तो ऐसी संभावित बड़ी से बड़ी संख्या निकालें।",७३
641,"एक आयताकार क्षेत्र की लंबाई चौड़ाई से २५ मीटर ज्यादा है। आयताकार क्षेत्र की परिमिति १५० मीटर हो, तो क्षेत्र की लंबाई निकालें।",५०
642,"एक आयताकार क्षेत्र की लंबाई चौड़ाई से २५ मीटर ज्यादा है। आयताकार क्षेत्र की परिमिति १५० मीटर हो, तो क्षेत्र की चौड़ाई निकालें।",२५
643,"एक लड़के ने दुकान से १५ कॉपियां और १० पेंसिलें ३०० रुपये देकर खरीदीं। फिर, एक अन्य लड़के ने उसी दुकान से उसी प्रकार की १० कॉपियां और १५ पेंसिलें २५० देकर खरीदीं। प्रत्येक कॉपी का दाम निकालें।",१६
644,"एक लड़के ने दुकान से १५ कॉपियां और १० पेंसिलें ३०० रुपये देकर खरीदीं। फिर, एक अन्य लड़के ने उसी दुकान से उसी प्रकार की १० कॉपियां और १५ पेंसिलें २५० देकर खरीदीं। प्रत्येक पेंसिल का दाम निकालें।",६
645,"एक आदमी के पास ५००० रुपये हैं। उन्होंने वे रुपये दो लोगों के बीच इस तरह बांट दिए कि पहले के रुपये दूसरे के ४ गुने हों। फिर, पहले से १५०० रुपये दूसरे को देने पर दोनों के रुपयों की राशि बराबर हो जाती है। पहले व्यक्ति के रुपयों की राशि निकालें।",४०००
646,"एक आदमी के पास ५००० रुपये हैं। उन्होंने वे रुपये दो लोगों के बीच इस तरह बांट दिए कि पहले के रुपये दूसरे के ४ गुने हों। फिर, पहले से १५०० रुपये दूसरे को देने पर दोनों के रुपयों की राशि बराबर हो जाती है। दूसरे व्यक्ति के रुपयों की राशि निकालें।",१०००
647,दो संकेंद्रित वृत्तों की त्रिज्याएं क्रमशः ९ से.मी. और ४ सेमी हैं। दोनों वृत्तों की परिधियों के बीच के क्षेत्र का क्षेत्रफल कितना है?,२०४.१०
648,"एक माली २१ मी. त्रिज्या वाले वृत्ताकार बगीचे के चारों ओर दो बार घुमाकर रस्सी की बाड़ लगाना चाहता है। प्रति मीटर रस्सी का दाम १८ रुपये हो, तो उसे कितने रुपये की रस्सी खरीदनी होगी?",४७५२
649,त्रिज्या वाले एक लम्ब वृत्तीय बेलन की ऊंचाई ४ से.मी. है। बेलन के संपूर्ण पृष्ठ का क्षेत्रफल निकालें (π=३.१४)।,५९८.८६
650,एक लम्ब वृत्तीय बेलन की त्रिज्या ५.५ से.मी. और ऊंचाई ६ से.मी. है। बेलन के वक्र पृष्ठ का क्षेत्रफल निकालें (π=३.१४)।,१६९.५६
