Q No.,Premise,Hypothesis,Answer
418,"विक्टर के पास १५ कप मैदा, १६ कप चीनी और ८ कप दूध है","विक्टर के पास ७५ कप मैदा, १६ कप चीनी और ८ कप दूध है",contradiction
76,"श्रीनिवास सप्ताह के पहले दिन ४ से अधिक का एक सिक्का, सप्ताह के दूसरे दिन ५ के तीन सिक्के बचाते हैं। तीसरे दिन ५ के पाँच सिक्के इत्यादि","श्रीनिवास सप्ताह के पहले दिन ५ रुपये का एक सिक्का बचाते हैं, सप्ताह के दूसरे दिन ५ के तीन सिक्के। तीसरे दिन ५ के पाँच सिक्के इत्यादि",neutral
177,अल्बर्ट ने ब्रायन और चार्ली से कुल $६००० उधार लिए थे,अल्बर्ट ने ब्रायन और चार्ली से कुल $८००० उधार लिए थे,contradiction
31,लिटिल टेक्सास ड्रिलिंग कंपनी को १०० बैरल तेल का उत्पादन करने में कितने घंटे लगते हैं?,७०० बैरल तेल का उत्पादन करने में लिटिल टेक्सास ड्रिलिंग कंपनी को कितने घंटे लगते हैं?,contradiction
358,"जेक, पॉल और हरि मिलकर ८ दिनों में कुआँ खोदते हैं","जेक, पॉल और हरि मिलकर ७ दिनों से अधिक समय में कुआँ खोदते हैं",Entailment
348,रीता ६ दिनों से भी कम समय में एक जोड़ी मोज़े बुन सकती है,रीता ३ दिनों में एक जोड़ी मोज़े बुन सकती है,neutral
155,"तीसरे स्थान पर चल रही वैलेंसिया स्पोर्टिंग गिजोन के साथ १-१ से ड्रॉ करने के बाद ज़मीन गँवा बैठी, दूसरे हाफ में उसे जुआन माता से एक बराबरी के गोल की ज़रूरत पड़ी।",तीसरे स्थान पर चल रही वैलेंसिया स्पोर्टिंग गिजोन से १-१ से ड्रॉ करने के बाद ज़मीन गँवा बैठी,Entailment
154,सैली के बैंक में ७६०.० क्वार्टर थे और उसने अपने क्वार्टरों में से ४१८.० खर्च कर दिए,उसके पास अब ३४२.० क्वार्टर हैं,Entailment
415,किशोर ने अपने मासिक वेतन का १०% बचाया था,किशोर ने अपने मासिक वेतन के १०% से अधिक बचाया था,contradiction
158,वे उस पर २० दिन काम करते हैं और फिर राजेश उसे ३० दिनों में पूरा करता है,वे उस पर २० दिनों से अधिक समय तक काम करते हैं और फिर राजेश उसे ३० दिनों में पूरा करता है,contradiction
408,यह मोहन की पुरानी मर्सिडीज़ से १ गुना अधिक गति से जा सकती है,यह मोहन की पुरानी मर्सिडीज़ से ४ गुना गति से जा सकती है,neutral
71,सैली के पास ९.० नारंगी गुब्बारे और ४.० नीले गुब्बारे हैं और उसे २.० नारंगी गुब्बारे और मिले हैं,सैली के पास अब १३.० नारंगी गुब्बारे हैं,contradiction
196,"हेलसिंकी के पास एक व्यस्त शॉपिंग सेंटर में विस्फोट में मारे गए सात लोगों में से एक ने यह हमला किया, ऐसा संदेह है, पुलिस ने बताया।",एक विस्फोट के पीछे किशोर बम हमलावर मारे गए सात लोगों में से एक था।,neutral
330,"पत्र -- सीनेट के बहुमत नेता हैरी रीड, डी-नेवादा; अल्पसंख्यक नेता मिच मैककॉनेल, आर-केंटकी; न्यायिक समिति के अध्यक्ष पैट्रिक लेही, डी-वरमोंट; और अलबामा सीनेटर जेफ सेशंस, सीनेट न्यायिक समिति में रैंकिंग रिपब्लिकन को संबोधित -- उनके ४९ पूर्व लॉ क्लर्कों में से ४५ ने हस्ताक्षर किए थे।",सुप्रीम कोर्ट के नामित के ४९ पूर्व लॉ क्लर्कों में से ४५ द्वारा हस्ताक्षरित समर्थन।,neutral
40,एक जूते की दुकान एडिडास के जूते $६० प्रत्येक और प्यूमा जूते $५० प्रत्येक पर बेचती है,एक जूते की दुकान एडिडास जूते $१० प्रत्येक और प्यूमा जूते $५० प्रत्येक पर बेचती है,contradiction
142,"बयान में कहा गया है, एक्सप्लोरर ऑफ द सीज़ के ३,०५० यात्रियों में से २८१ और १,१६५ क्रू सदस्यों में से २२ उल्टी और डायरिया से पीड़ित हुए हैं।",एक्सप्लोरर ऑफ सीज़ पर २८१ यात्रियों और २२ क्रू सदस्यों ने गैस्ट्रोइंटेस्टाइनल समस्याओं की रिपोर्ट की,Entailment
269,"मार्टिन ने २० से कम कॉन्सर्ट टिकट खरीदे, कुछ $२.०० प्रति टिकट के पूरे मूल्य पर, और कुछ $१.६० प्रति टिकट के छूट वाले मूल्य पर","मार्टिन ने १० कॉन्सर्ट टिकट खरीदे, कुछ टिकट $२.०० के पूरे मूल्य पर, और कुछ $१.६० प्रति टिकट के छूट वाले मूल्य पर।",neutral
73,"अभियुक्तों में एमएस-१३ के १५८ सदस्य और सहयोगी हैं, अन्य १०५ पर दूसरे गैंगों से जुड़े होने का आरोप है।","गैंग स्वीप ने कुख्यात एमएस-१३ गैंग के १५८ सदस्यों और सहयोगियों को गिरफ्तार किया है, अन्य लोगों के बीच",Entailment
10,दस साल पहले कुणाल और सागर की आयु का अनुपात १२:८ था,पाँच साल पहले सागर और कुणाल की आयु का अनुपात ३:२ था,contradiction
276,जैक ८ फुट प्रति सेकंड से कम गति से क्रिस्टीना की ओर एक सीधी रेखा में चलता है और क्रिस्टीना ८ फुट प्रति सेकंड की गति से जैक की ओर एक सीधी रेखा में चलती है,जैक क्रिस्टीना की ओर एक सीधी रेखा में ७ फुट प्रति सेकंड की स्थिर गति से चलता है और क्रिस्टीना ८ फुट प्रति सेकंड की गति से जैक की ओर एक सीधी रेखा में चलती है,neutral
282,"पिछले साल क्लब के १२ सदस्यों ने इंग्लैंड और फ्रांस दोनों देशों की यात्रा की, ६ सदस्यों ने इंग्लैंड और इटली दोनों की यात्रा की और ० सदस्यों ने फ्रांस और इटली दोनों की यात्रा की","पिछले साल क्लब के १२ से कम सदस्यों ने इंग्लैंड और फ्रांस दोनों देशों की यात्रा की, ६ सदस्यों ने इंग्लैंड और इटली दोनों की यात्रा की और ० सदस्यों ने फ्रांस और इटली दोनों की यात्रा की",contradiction
256,"दूसरी, मेरी क्रिस्टीन चापा, १८, सिर में गोली लगने से स्थानीय अस्पताल में गंभीर स्थिति में थीं।","एक मारा गया है, दूसरे की स्थिति गंभीर है",neutral
185,मेरी अल्बर्ट से ८ साल छोटी है,मेरी अल्बर्ट से १ साल से अधिक छोटी है,Entailment
56,दोनों कोरिया के बीच तनाव शुरू होने के बाद यह बैठक किम और चीन के किसी शीर्ष अधिकारी के बीच पहली बैठक है।,तनाव के बाद दोनों देशों के बीच यह पहली बैठक है,Entailment
141,"`` जेफरसन '' हाई स्कूल की जीव विज्ञान लैब में ५.४ * १०^६ जीवाणु हैं, जो १०,८०० पेट्री डिशों में बराबर बँटे हैं","`` जेफरसन ' हाई स्कूल की जीव विज्ञान लैब में ५.४ * १०^६ से अधिक जीवाणु हैं, जो १०,८०० पेट्री डिशों में बराबर बँटे हैं",contradiction
194,"यदि योलांडा की चलने की दर ३ मील प्रति घंटा और बॉब की ४ मील प्रति घंटा हो, तो जब वे मिले तब तक बॉब कितने मील चला था?","यदि योलांडा की चलने की दर ३ मील प्रति घंटे से कम हो और बॉब की ४ मील प्रति घंटा हो, तो जब वे मिले तब तक बॉब कितने मील चला था?",contradiction
146,"एक दिन, रविराज घर से निकलकर २० किमी दक्षिण दिशा में साइकिल चलाते हैं, दाएँ मुड़ते हैं और १० किमी साइकिल चलाते हैं और दाएँ मुड़कर २० किमी साइकिल चलाते हैं और बाएँ मुड़कर २० किमी साइकिल चलाते हैं","एक दिन, रविराज घर से निकलकर ८० किमी दक्षिण दिशा में साइकिल चलाते हैं, दाएँ मुड़ते हैं और १० किमी साइकिल चलाते हैं और दाएँ मुड़कर २० किमी साइकिल चलाते हैं और बाएँ मुड़कर २० किमी साइकिल चलाते हैं",contradiction
385,"जिल, जो सिटी सी में रहती है, ने ५ अलग-अलग शहर, एम, एल, एस, एन और ओ देखने की योजना बनाई है","सिटी सी में रहने वाली जिल ने एम, एल, एस, एन, ओ यानी ६ से कम अलग-अलग शहर देखने की योजना बनाई है",Entailment
372,मार्टिन को अपनी ९वीं कक्षा की परीक्षा में उत्तीर्ण होने के लिए ८०% अंक पाने होंगे। उसने २०० अंक पाए और २०० अंकों से फेल हो गया। अधिकतम अंक कितने हैं?,मार्टिन को अपनी ९वीं कक्षा की परीक्षा में उत्तीर्ण होने के लिए १०% से अधिक अंक पाने होंगे। उसने २०० अंक पाए और २०० अंकों से फेल हो गया। अधिकतम अंक कितने हैं?,Entailment
263,"जनरल डायनेमिक्स, लैंड कॉम्बैट सिस्टम, युद्धपोत और गल्फस्ट्रीम बिजनेस जेट निर्माता, ने तीसरी तिमाही में $३७४m या $१.८४ प्रति शेयर की शुद्ध आय की जानकारी दी।",जनरल डायनेमिक्स को $ ३७४ मिलियन की हानि होती है।,neutral
127,"रेणु एक काम ८ दिनों में कर सकती है, लेकिन अपनी सहेली सुमा की मदद से, वह ३ दिनों में कर सकती है","रेणु एक काम ७ दिनों से अधिक में कर सकती है, लेकिन अपनी सहेली सुमा की मदद से वह काम ३ दिनों में कर सकती है।",Entailment
250,"एफ्रिडा और फ्रेज़र जो ५३ मील से कम दूरी पर रहते हैं, एक रेस्तराँ में मिलते हैं जो एफ्रिडा के घर के उत्तर में और सीधे फ्रेज़र के घर के पूर्व में स्थित है","एफ्रिडा और फ्रेज़र जो १३ मील दूर रहते हैं, एक रेस्तराँ में मिलते हैं जो एफ्रिडा के घर के उत्तर में और फ्रेज़र के घर के सीधे पूर्व में है",neutral
300,"माइक ने ७.० सेब तोड़े, नैन्सी ने ३.० सेब तोड़े, लेकिन कीथ ने फार्म पर ६.० सेब और ४.० नाशपाती खा लिए।",४.० सेब बचे हैं,Entailment
94,५ साल बाद अरुण की आयु २५ वर्ष होगी,७ साल बाद अरुण की आयु २५ वर्ष होगी,contradiction
421,मोहन ने ५० रुपये में किताबें खरीदीं,मोहन ने रुपयों में ८० किताबें खरीदीं,contradiction
78,"ओवरलैंड पार्क, कैनसस (सीएनएन) -- कैनसस के दो यहूदी-संबद्ध प्रतिष्ठानों में तीन लोगों की हत्या के आरोपी व्यक्ति ने अपने नस्लवादी विचार नहीं छिपाए, अखबारों में चिट्ठियाँ लिखीं और अपने घर में श्वेत-वर्चस्ववादी सभाओं में लोगों को आमंत्रित किया, ऐसा वे लोग कहते हैं जो उसे जानते थे।",क्रॉस पर दो यहूदी-संबद्ध प्रतिष्ठानों में तीन लोगों की हत्या का आरोप है,neutral
342,६ लड़कों और ४ लड़कियों के एक समूह में से ४ लोगों की एक समिति बनानी है,६ से कम लड़कों और ४ लड़कियों के एक समूह में से ४ लोगों की एक समिति बनानी है,contradiction
315,८ साल पहले जेसन १२ गुना बड़ा था,८ साल से भी अधिक पहले जेसन १२ गुना बड़ा था,contradiction
318,"ओल्मर्ट को विश्वासघात के लिए दोषी ठहराया गया था, लेकिन भ्रष्टाचार से जुड़े दो आरोपों से उन्हें बरी कर दिया गया था।",उन्हें विश्वासघात के लिए दोषी ठहराया गया है और दो भ्रष्टाचार-संबंधी आरोपों से बरी किया गया है,Entailment
422,उसी समय जॉयस उसी इमारत की ८१वीं मंज़िल पर एक लिफ्ट में चढ़ती है और प्रति मिनट ७८ मंज़िल की गति से चलती है,उसी समय जॉयस उसी इमारत की ६१वीं मंज़िल पर एक लिफ्ट में चढ़ती हैं और प्रति मिनट ७८ मंज़िल की गति से नीचे उतरती हैं,neutral
219,"एडम्स का इंटरनेट प्रदाता असीमित ट्रैफिक ऑफर करता है जिसकी लागत प्रतिदिन $०.५ है, चार्ज बंद ४२ a से कम","एडम्स का इंटरनेट प्रदाता असीमित ट्रैफिक ऑफर करता है जिसकी लागत $०.५ प्रति दिन है, चार्ज बंद १२ पर",neutral
149,अलका ने १५ किताबें खरीदीं,अलका ने रुपयों में ७५ से कम किताबें खरीदीं,Entailment
79,"विक्टर के पास १५ कप मैदा, १६ कप चीनी और ८ कप दूध है","मैदा, १६ कप चीनी और ८ कप दूध हो तो विक्टर के पास ६५ कप से कम है",Entailment
74,"डेविड ने अंग्रेज़ी, गणित, भौतिकी, रसायन और जीव विज्ञान में ५६, ६५, ८२, ६७ और ८५ अंकों (१०० में से) से अधिक पाए। उसके औसत अंक कितने हैं?","डेविड ने अंग्रेज़ी, गणित, भौतिकी, रसायन और जीव विज्ञान में ७६, ६५, ८२, ६७ और ८५ अंक (१०० में से) पाए। उसके औसत अंक कितने हैं?",neutral
34,"जैसमीन के पास दो स्लॉट वाला एक टोस्टर है जो एक बार में प्रत्येक ब्रेड का एक तरफ टोस्ट करता है और ऐसा करने में एक मिनट लगता है। यदि वह टोस्ट के ३ टुकड़े बनाना चाहे, तो उन्हें दोनों तरफ टोस्ट करने में उसे न्यूनतम कितना समय लगेगा?","जैसमीन के पास दो स्लॉट वाला एक टोस्टर है जो एक बार में प्रत्येक ब्रेड का एक तरफ टोस्ट करता है और ऐसा करने में एक मिनट लगता है। यदि वह ३ टुकड़ों से अधिक टोस्ट बनाना चाहे, तो उन्हें दोनों तरफ टोस्ट करने में उसे न्यूनतम कितना समय लगेगा?",contradiction
117,मेलानी ने बगीचे से ७.० आलूबुखारे और ४.० संतरे तोड़े और सैम ने उसे ३.० आलूबुखारे दिए,उसके पास अब १४.० आलूबुखारे हैं,contradiction
295,एरन घर से कितने मील दूर तक जॉगिंग कर सकता है ताकि वह जॉगिंग और चलने में कुल ३ घंटे बिताए?,एरन घर से कितने मील दूर तक जॉगिंग कर सकता है ताकि वह जॉगिंग और चलने में कुल ४ घंटे बिताए?,Entailment
77,"हर सप्ताह, हैरी को पहले १८ घंटों के लिए प्रति घंटे x डॉलर और उस सप्ताह काम किए गए प्रत्येक अतिरिक्त घंटे के लिए १.५ x डॉलर दिए जाते हैं","हर सप्ताह, हैरी को पहले ६८ घंटों से कम समय के लिए प्रति घंटे x डॉलर और उस सप्ताह काम किए गए प्रत्येक अतिरिक्त घंटे के लिए १.५ x डॉलर दिए जाते हैं।",Entailment
238,"विंसेंट ने जानवरों के बारे में १०.० किताबें, अंतरिक्ष के बारे में १.० किताब और ट्रेनों के बारे में ३.० किताबें खरीदीं और उसने सभी किताबों के लिए $१६.० चुकाए",१.० किताब का औसत मूल्य ४.६ है,contradiction
413,एंड्रयू ने ७० रुपये प्रति किलो की दर से ८ किलो अंगूर और ५५ रुपये प्रति किलो की दर से ९ किलो आम खरीदे थे,एंड्रयू ने ७० रुपये प्रति किलो की दर से ५ किलो से अधिक अंगूर और ५५ रुपये प्रति किलो की दर से ९ किलो आम खरीदे थे,Entailment
16,टिया की आयु १४ वर्ष है।,टिया की आयु १५ वर्ष है।,contradiction
230,हेली के पास २५.० मीटबॉल हैं और किर्स्टन ने उसे ११.० और दिए,हेली के पास अब ३६.० मीटबॉल हैं,Entailment
351,"जिल के पास क्वार्ट, हाफ-गैलन और एक गैलन के जारों में २१ गैलन पानी जमा है","जिल के पास क्वार्ट, हाफ-गैलन और एक गैलन के जारों में ३१ गैलन पानी जमा है",contradiction
1,"चूँकि आप अच्छे हैं, आपने नकुल को २ बेसबॉल कार्ड दिए।","चूँकि आप अच्छे हैं, आपने नकुल को २ से अधिक बेसबॉल कार्ड दिए।",contradiction
20,उसके बाद से १.२ मिलियन से अधिक लोगों ने इसे देखा है।,यूट्यूब पर १.२ मिलियन से अधिक लोगों ने इसे देखा है,Entailment
273,किसानों ने बताया कि वे प्रतिदिन बगीचे के ८.० हिस्सों में से प्रत्येक से ४५.० बोरी सेब इकट्ठा करते हैं।,प्रतिदिन ३६०.० बोरियाँ काटी जाती हैं,Entailment
281,"काया के शिक्षक की डेस्क पर ६४ से कम गुलाबी हाइलाइटर, २८ पीले हाइलाइटर और २५ नीले हाइलाइटर हैं","काया के शिक्षक की डेस्क पर २४ गुलाबी हाइलाइटर, २८ पीले हाइलाइटर और २५ नीले हाइलाइटर हैं",neutral
57,"यदि ४ साल में सुनील की आयु श्याम की आयु से दोगुनी हो जाए, तो सुनील की आयु कितनी है?","यदि सुनील की आयु के दोगुने से श्याम की आयु २ साल अधिक हो, तो सुनील की आयु कितनी है?",Entailment
337,यूरोपीय चैंपियंस लीग में बुल्गारियाई अंडरडॉग लुडोगोरेट्स के विरुद्ध घरेलू मैदान पर अंतिम क्षणों में जीत के बाद वेस्ट हैम से ३-१ की हार ब्रेंडन रॉजर्स की टीम के लिए पाँच मैचों में तीसरी थी।,लिवरपूल लगातार दूसरे मैच में वेस्ट हैम से ३-१ से हारा,neutral
83,"फैज़ा के पास ५ से अधिक पर्स हैं, उसने उपहार के रूप में ३ पर्स दिए हैं","फैज़ा के पास ७ पर्स हैं, वह उपहार के रूप में ३ पर्स देती है",neutral
240,एक स्कूल में ५४२.० लड़कियाँ और ३८७.० लड़के हैं।,उस स्कूल में ९२८.० विद्यार्थी हैं,contradiction
368,८ महीने बाद एलेक्स रुपये निवेश करके उसके साथ जुड़ जाता है,एलेक्स ७ महीने से अधिक समय बाद रुपये निवेश करके उसके साथ जुड़ जाता है,Entailment
80,"२००० से कम, इसाबेला की पूँजी क्या है?","१०००, इसाबेला की पूँजी क्या है?",neutral
91,प्रीति मैच के दौरान एसी मिलान के इस मिडफील्डर ने रेफरी से तीन बार कहा कि उसके साथ दुर्व्यवहार हो रहा है।,जर्मन मूल के बोआटेंग ने रेफरी से तीन बार कहा कि उसके साथ दुर्व्यवहार हो रहा है,neutral
362,"यदि फ्रेड ५ मील प्रति घंटे की गति से चले और सैम ५ मील प्रति घंटे की गति से चले, तो जब वे मिले तब तक सैम कितने मील चला था?","यदि फ्रेड १ मील प्रति घंटे से अधिक गति से चले और सैम ५ मील प्रति घंटे की गति से चले, तो जब वे मिले तब तक सैम कितने मील चला था?",Entailment
26,जेक १६ दिनों में एक कुआँ खोद सकता है,जेक ६६ दिनों से भी कम समय में एक कुआँ खोद सकता है,Entailment
174,मोना और सोना १८ किमी और ३६ किमी प्रति घंटे की गति से एक बाइक पर ४०० मीटर लंबाई के एक वृत्ताकार ट्रैक के चारों ओर जाती हैं,मोना और सोना १८ किलोमीटर और ३६ किलोमीटर प्रति घंटे की गति से एक बाइक पर ४०० मीटर से कम लंबाई के एक वृत्ताकार ट्रैक के चारों ओर जाती हैं,contradiction
181,"यदि योलांडा की चलने की दर ३ मील प्रति घंटा और बॉब की ४ मील प्रति घंटा हो, तो जब वे मिले तब तक बॉब कितने मील चला था?","यदि योलांडा की चलने की दर ७ मील प्रति घंटे से कम हो और बॉब की ४ मील प्रति घंटा हो, तो जब वे मिले तब तक बॉब कितने मील चला था?",Entailment
176,"यदि श्रीहरि अपने घर से ४.५ किमी/घंटा की गति से पैदल चले, तो वह कितने समय में अपने घर से ७५० मीटर दूर अपने स्कूल पहुँचेगा?","यदि श्रीहरि अपने घर से ४.५ किमी/घंटा की गति से पैदल चलें, तो वे कितने समय में अपने घर से ८५० मीटर से कम दूर अपने स्कूल पहुँचेंगे?",Entailment
43,एर्नाकुलम और चेन्नई के बीच २४ स्टेशन हैं,एर्नाकुलम और चेन्नई के बीच ४४ स्टेशन हैं,contradiction
210,"बारबरा के पास कपड़ों के कितने संयोजन हैं, यदि वह ५ निश्चित पैंटों के साथ २ से अधिक निश्चित शर्ट न पहने?","बारबरा के पास कपड़ों के कितने संयोजन हैं, यदि वह ५ निश्चित पैंटों के साथ ६ निश्चित शर्ट न पहने?",neutral
414,मोहन ने रुपयों में २५ से अधिक किताबें खरीदीं,मोहन ने रुपयों में ६५ किताबें खरीदीं,neutral
105,सैंडी ने ६.० गाजरें उगाईं और सैम ने ३.० गाजरें ले लीं,सैंडी के पास ३.० गाजरें बची हैं,Entailment
166,शोभा के जन्म के समय उसके पिता की आयु ३८ वर्ष थी और उसकी माँ की आयु ३६ वर्ष थी जब उससे चार साल छोटे उसके भाई का जन्म हुआ,शोभा के जन्म के समय उसके पिता की आयु २८ वर्ष से अधिक थी और उसकी माँ की आयु ३६ वर्ष थी जब उससे चार साल छोटे उसके भाई का जन्म हुआ,Entailment
417,"कुल मिलाकर, स्टीव सड़क पर दिन में ७ घंटे से कम समय बिता रहा है","कुल मिलाकर, स्टीव प्रतिदिन ६ घंटे सड़क पर बिता रहा है",neutral
275,"यदि खिलौनों की दुकान में ३ प्रकार की गेंदें और ६ प्रकार के बोर्ड गेम हों, तो अमांडा ४ वस्तुओं के कितने अलग-अलग चयन कर सकती है?","यदि खिलौनों की दुकान में ४ प्रकार की गेंदें और ६ प्रकार के बोर्ड गेम हों, तो अमांडा ४ वस्तुओं के कितने अलग-अलग चयन कर सकती है?",contradiction
23,रेबेका की वार्षिक आय कितनी बढ़ानी होगी ताकि वह रेबेका और जिमी की संयुक्त आय का ५५% हो जाए?,रेबेका की वार्षिक आय कितनी बढ़ानी होगी ताकि वह रेबेका और जिमी की संयुक्त आय के ५५% से कम हो जाए?,contradiction
47,स्थानीय अधिकारियों का हवाला देते हुए समाचार रिपोर्ट में कहा गया है कि कुछ कच्ची सब्ज़ियों में ई. कोलाई के कारण १६ लोगों की मृत्यु हुई है।,"मीडिया रिपोर्ट में प्रकोप से जुड़े १६ लोग मारे गए हैं, जिनमें से १ स्वीडन में है",neutral
376,"लेकिन, अधिकांश विलासी अंतर्वस्त्र ४% से कम कपास से बनाए जाते हैं -- और अनुमति नहीं दी जाएगी।",इनमें बारीक अंतर्वस्त्र शामिल हैं -- अधिकांश ४% कपास और उससे कम सामग्री से बने,Entailment
114,जिल एक बास्केटबॉल खेल के लिए अपनी ६६ से कम व्यक्तियों वाली कक्षा को बराबर आकार की दो टीमों में बाँट रही है,जिल एक बास्केटबॉल खेल के लिए अपनी १६ व्यक्तियों वाली कक्षा को बराबर आकार की दो टीमों में बाँट रही है,neutral
95,कमल २० दिनों में काम पूरा करेंगे,कमल २० दिनों से अधिक समय में काम पूरा करेंगे,contradiction
375,"यदि योलांडा की चलने की दर ३ मील प्रति घंटा और बॉब की ४ मील प्रति घंटा हो, तो जब वे मिले तब तक बॉब कितने मील चला था?","यदि योलांडा की चलने की दर २ मील प्रति घंटे से अधिक हो और बॉब की ४ मील प्रति घंटा हो, तो जब वे मिले तब तक बॉब कितने मील चला था?",Entailment
58,"चूँकि आप शानदार हैं, आप जॉन को ७ बेसबॉल कार्ड देते हैं","चूँकि आप शानदार हैं, आपने जॉन को ७ से अधिक बेसबॉल कार्ड दिए हैं",contradiction
125,"यदि अब से पाँच साल बाद, उनकी आयु का योग ५१ होगा, तो स्टेफनी की आयु कितनी है?","यदि अब से पाँच साल बाद, उनकी आयु का योग ७१ से कम हो, तो स्टेफनी की आयु कितनी है?",Entailment
25,नाइन वेस्ट के प्रतिष्ठित महिला फुटवियर डिज़ाइनर और सह-संस्थापक विंस कैमूटो का निधन हो गया।,विंस कैमूटो का ७८ वर्ष की आयु में निधन हो गया,neutral
18,वेरिडैक्स कॉर्पोरेशन में २५० कर्मचारी हैं,वेरिडैक्स कॉर्पोरेशन में ६५० से भी कम कर्मचारी हैं।,Entailment
67,"यह योजना लगभग ३,००० सैनिक भेज सकती है, प्रस्ताव से परिचित एक अन्य अमेरिकी सैन्य अधिकारी ने कहा।","योजना लगभग ३,००० सैनिक भेज सकती है, सूत्रों का कहना है",Entailment
133,"यदि जोन्स एलिमेंटरी के लड़के कुल स्कूल जनसंख्या के x छात्रों के ६०% से अधिक हों, तो x कितना है?","यदि जोन्स एलिमेंटरी के लड़के x छात्रों की कुल स्कूल जनसंख्या का ७०% हों, तो x कितना है?",neutral
223,"मार्टिन ने ८० से कम कॉन्सर्ट टिकट खरीदे, कुछ $२.०० प्रति टिकट के पूरे मूल्य पर, और कुछ $१.६० प्रति टिकट के छूट वाले मूल्य पर।","मार्टिन ने १० कॉन्सर्ट टिकट खरीदे, कुछ टिकट $२.०० के पूरे मूल्य पर, और कुछ $१.६० प्रति टिकट के छूट वाले मूल्य पर।",neutral
32,१६ नाटो सदस्य और प्रतिद्वंद्वी वारसा संधि बनाने वाले १४ देश इस बात पर सहमत हुए कि यूरोप में मूल संधि के अंतर्गत लागू क्षेत्र में उल्लेखनीय रूप से कम उपकरणों की अनुमति दी जाएगी।,नाटो के सदस्यों की संख्या १६ है।,Entailment
85,आयशा के जन्म के समय उसके पिता की आयु ६० वर्ष से कम थी और उसकी माँ की आयु ३२ वर्ष थी जब उससे छह साल छोटे उसके भाई का जन्म हुआ,आयशा के जन्म के समय उसके पिता की आयु ४० वर्ष थी और उसकी माँ की आयु ३२ वर्ष थी जब उससे छह साल छोटे उसके भाई का जन्म हुआ,neutral
292,"यदि उनके घरों के बीच की दूरी ६१० किलोमीटर से कम हो, मैक्सवेल की चलने की गति ४ किमी/घंटा हो, और ब्रैड की दौड़ने की गति ७ किमी/घंटा हो, तो ब्रैड की यात्रा की दूरी कितनी है?","यदि उनके घरों के बीच की दूरी ११० किलोमीटर हो, मैक्सवेल की चलने की गति ४ किमी/घंटा हो, और ब्रैड की दौड़ने की गति ७ किमी/घंटा हो, तो ब्रैड की यात्रा की दूरी कितनी है?",neutral
212,"यदि घर वापसी की यात्रा में समुद्र तट की यात्रा से १/२ घंटा अधिक लगे, तो कार्ल ने प्रत्येक रास्ते में कितने किलोमीटर गाड़ी चलाई?","यदि घर वापसी की यात्रा में समुद्र तट की यात्रा से १/२ घंटे से अधिक लगे, तो कार्ल ने प्रत्येक रास्ते में कितने किलोमीटर गाड़ी चलाई?",contradiction
299,"यदि अरुण की वर्तमान आयु में से ६ वर्ष घटाए जाएँ और शेष को १८ से भाग दिया जाए, तो उनके पोते गोकुल की वर्तमान आयु मिलती है।","यदि अरुण की वर्तमान आयु में से ७ वर्ष से कम घटाया जाए और शेष को १८ से भाग दिया जाए, तो उनके पोते गोकुल की वर्तमान आयु मिलती है।",Entailment
412,४००० से अधिक जो उसने और डेव ने १ साल के अंत में कमाए थे,९००० जो उसने और डेव ने १ साल के अंत में कमाए,neutral
245,कैड के पास ८७.० कंचे थे और उसे डिलन से ८.० मिले,उसके पास अब ९८.० कंचे हैं,contradiction
403,कुल फैसला ८५ मिलियन डॉलर से अधिक का था।,प्रत्येक को ७ मिलियन डॉलर से अधिक का पुरस्कार दिया गया था,neutral
352,"मार्फा, अल्पाइन और मैराथन यूएस ९० के किनारे हिचिंग पोस्ट की तरह बसे हैं।","मार्फा, अल्पाइन और मैराथन शहर यूएस ९० के किनारे हिचिंग पोस्ट की तरह बसे हैं",Entailment
6,अशोक और प्यारेलाल ने मिलकर एक व्यवसाय में पैसा निवेश किया था और अशोक की पूँजी प्यारेलाल की १/९ है।,अशोक और प्यारेलाल ने एक व्यवसाय में मिलकर पैसा निवेश किया था और अशोक की पूँजी प्यारेलाल के ३/९ से कम है।,Entailment
46,"८% स्टॉक में १६२०, माइकल रुपये कमाते हैं","८% स्टॉक में १६२० से अधिक, माइकल रुपये कमाते हैं",contradiction
297,एक लाइब्रेरी में १४२४०.० किताबें हैं और वे अलमारियों पर इस तरह सजाई गई हैं कि प्रत्येक में ८.० किताबें हैं,लाइब्रेरी में १७८०.० अलमारियाँ हैं,Entailment
156,"सैंडी को ६०० मीटर की दूरी पार करने में कितने सेकंड लगते हैं, यदि सैंडी १८ किमी/घंटा की गति से दौड़े?",यदि सैंडी १८ किमी/घंटा की गति से दौड़े तो ६०० मीटर से कम दूरी पार करने में उसे कितने सेकंड लगते हैं?,contradiction
367,"विभाग शहर के केंद्र के पास बाढ़ग्रस्त नाले के किनारे के दो इलाकों को खाली करा रहा है, उन्होंने कहा।",भीषण बाढ़ शहर के पास के दो इलाकों को खाली कराने का अनुरोध करती है।,neutral
399,८ से कम लड़कों और ४ लड़कियों के एक समूह में से ४ लोगों की एक समिति बनानी है,६ लड़कों और ४ लड़कियों के एक समूह में से ४ लोगों की एक समिति बनानी है,neutral
17,"एक $ ५,००० का पुरस्कार दिया जाता है।",कुछ जानते हैं? ६४१-२२८-१८२ नंबर पर कॉल करें। एक पुरस्कार दिया जाता है,neutral
394,लॉयड अपनी वर्गाकार आकृति की १२० वर्ग फुट ज़मीन की प्रत्येक भुजा पर बाड़ लगाना चाहता है,लॉयड अपनी वर्गाकार आकृति की ज़मीन की प्रत्येक भुजा पर ८२० वर्ग फुट बाड़ लगाना चाहता है,contradiction
132,कल सिटी ए से सिटी बी जाने में रॉबर्ट को १ घंटे से अधिक समय लगा,कल सिटी ए से सिटी बी जाने में रॉबर्ट को ४ घंटे लगे थे,neutral
305,शुक्रवार के बास्केटबॉल खेल में मिसेज हिल्ट ने २४३६.० प्रशंसकों को मुग्ध किया और प्रशंसक ३.० सेट ब्लीचर्स में बराबर समूहों में बैठे थे,प्रत्येक सेट में ८१२.० प्रशंसक थे,Entailment
4,रोशन ने ६५ किताबें खरीदीं।,रोशन ने २५ से भी अधिक किताबें खरीदीं।,Entailment
19,"स्टुअर्ट फार्म में भेड़ों की संख्या और घोड़ों की संख्या के बीच अनुपात २ से ७ है। यदि प्रत्येक घोड़े को प्रतिदिन २३० औंस घोड़े का खाना खिलाया जाए और फार्म में प्रतिदिन कुल १२,८८० औंस घोड़े के खाने की आवश्यकता हो, तो क्या होगा? फार्म में भेड़ों की संख्या कितनी है?","स्टुअर्ट फार्म में भेड़ों की संख्या और घोड़ों की संख्या के बीच अनुपात २ से ७ से अधिक है। यदि प्रत्येक घोड़े को प्रतिदिन २३० औंस घोड़े का खाना खिलाया जाए और फार्म में प्रतिदिन कुल १२,८८० औंस घोड़े के खाने की आवश्यकता हो, तो क्या होगा? फार्म में भेड़ों की संख्या कितनी है?",contradiction
326,"एनर्जी ऑटोमोटिव एक्स प्राइज़ की एक केंद्रीय थीम है -- एक स्व-वर्णित ''$१० मिलियन की प्रतियोगिता जो ऐसी नई पीढ़ी के व्यावहारिक, अति-कुशल वाहनों को प्रेरित करती है जिन्हें लोग खरीदना चाहें।'",अन्य लोगों ने $१० मिलियन के ऑटोमोटिव एक्स पुरस्कार के लिए प्रतिस्पर्धा की,neutral
61,जाँचकर्ताओं को उसकी संपत्ति में एक नक्शा मिला है जिसमें ३४ स्थानों को लक्ष्य के रूप में चिह्नित किया गया है,"उन्होंने कहा, जाँचकर्ताओं को मैकविलियम्स की संपत्ति में लक्ष्य के रूप में चिह्नित ३४ स्थानों को शामिल करने वाला एक नक्शा मिला है।",Entailment
205,एक रेस्तराँ ने दोपहर के भोजन में परोसने के लिए ९.० हैमबर्गर बनाए और वास्तव में केवल ३.० परोसे गए,दोपहर के भोजन से ६.० हैमबर्गर बचे थे,Entailment
249,"यदि हाइब्रिड ताजिमा और नॉन-हाइब्रिड फ्रैंक का अनुपात ५ : ४ हो और डीलरशिप के स्वामित्व में कुल २८० मोटरगाड़ियाँ हों, तो कितनी हाइब्रिड फ्रैंक हैं?","यदि हाइब्रिड ताजिमा और नॉन-हाइब्रिड फ्रैंक का अनुपात ४ : ४ से अधिक हो और डीलरशिप के स्वामित्व में कुल २८० मोटरगाड़ियाँ हों, तो कितनी हाइब्रिड फ्रैंक हैं?",Entailment
64,"फ्लाइट ३७० के विषय में एक जाँच शुरू की गई थी, मलेशिया और विमानन अधिकारी वीडियो और अन्य दस्तावेज़ों की समीक्षा करके न केवल यह कि किन यात्रियों ने चोरी हुए पासपोर्ट का उपयोग किया बल्कि यह भी पहचानने की कोशिश कर रहे हैं कि अवैध पासपोर्ट सुरक्षा जाँच से कैसे निकले।",लापता मलेशियन एयरलाइंस की फ्लाइट के दो यात्री चोरी हुए पासपोर्ट लेकर यात्रा कर रहे थे,neutral
111,"मान लेते हैं कि करेन ६० मील प्रति घंटे की औसत गति से गाड़ी चलाती है और टॉम ४५ मील प्रति घंटे की औसत गति से गाड़ी चलाता है, करेन के बाज़ी जीतने से पहले टॉम कितने H मील चलाएगा?","मान लेते हैं कि करेन औसतन २० मील प्रति घंटे से अधिक गति से गाड़ी चलाती है और टॉम ४५ मील प्रति घंटे की औसत गति से गाड़ी चलाता है, करेन के बाज़ी जीतने से पहले टॉम कितने H मील चलाएगा?",Entailment
350,फ्रैंक जॉन से १५ साल छोटा है,फ्रैंक जॉन से २५ साल से भी कम छोटा है,Entailment
199,इसने लोरेंजो की लगातार दो रेस जीत की लय समाप्त कर दी और केवल चार रेस बाकी रहते मार्केज़ की कुल बढ़त को उल्लेखनीय ३९ अंकों तक पहुँचा दिया।,"चार रेस बाकी रहते, मार्क मार्केज़ मोटोजीपी स्टैंडिंग में ३९ अंकों से आगे हैं",Entailment
30,"ठीक ५/७ टट्टुओं के पास घोड़े की नाल है, और ठीक २/३ नाल वाले टट्टू आइसलैंड के हैं","ठीक ३/७ टट्टुओं के पास घोड़े की नाल है, और ठीक २/३ नाल वाले टट्टू आइसलैंड के हैं।",contradiction
406,"यदि डेव के पास सूचीबद्ध प्रत्येक पोशाक में से एक से अधिक हों और वह ७२०० अलग-अलग पोशाकें बना सके, तो डेव के पास ठीक कितनी पोशाकों के लिए पाँच विकल्प हैं?","यदि डेव के पास सूचीबद्ध प्रत्येक पोशाक में से एक से अधिक हों और वह ३२०० से अधिक अलग-अलग पोशाकें बना सके, तो डेव के पास ठीक कितनी पोशाकों के लिए पाँच विकल्प हैं?",Entailment
211,"स्वतंत्र रूप से काम करते हुए, एन वही काम ९ घंटे में कर सकती है","स्वतंत्र रूप से काम करते हुए, एन वही काम ७ घंटे से अधिक समय में कर सकती है",Entailment
209,मैंने कल अपनी अंग्रेज़ी की किताब के २१.० पृष्ठ पढ़े और आज १७.० पृष्ठ पढ़े,मेरे पढ़े गए कुल पृष्ठों की संख्या ३८.० है,Entailment
27,"डायना की आयु, वर्षों में, और रशीद की आयु का एक-तिहाई, वर्षों में, ७२ से कम है","डायना की आयु, वर्षों में, और रशीद की आयु का एक-तिहाई, वर्षों में, ३२ है",neutral
8,पाँच साल पहले कुणाल और सागर की आयु का अनुपात ३:२ था,पाँच साल पहले सागर और कुणाल की आयु का अनुपात ३:२ था,contradiction
322,एक जूते की दुकान एडिडास के जूते $१० से अधिक प्रत्येक और प्यूमा जूते $५० प्रत्येक पर बेचती है,एक जूते की दुकान एडिडास के जूते $६० प्रत्येक और प्यूमा जूते $५० प्रत्येक पर बेचती है,neutral
298,"डेविड ने अंग्रेज़ी, गणित, भौतिकी, रसायन और जीव विज्ञान में २६, ६५, ८२, ६७ और ८५ अंकों (१०० में से) से अधिक पाए। उसके औसत अंक कितने हैं?","डेविड ने अंग्रेज़ी, गणित, भौतिकी, रसायन और जीव विज्ञान में ७६, ६५, ८२, ६७ और ८५ अंक (१०० में से) पाए। उसके औसत अंक कितने हैं?",neutral
109,"२८२ लोगों को बाटान जहाज़ पर लाया गया, और नौसेना ने बचाए गए लोगों का एक यूट्यूब वीडियो पोस्ट किया है -- स्पष्ट रूप से अफ्रीकी प्रवासी -- वे युद्धपोत पर चढ़ते हुए थके हुए या कृतज्ञ दिख रहे हैं।",अमेरिकी नौसेना के दो जहाज़ों ने कुल २८२ लोगों को बचाया है,neutral
102,"आंद्रेया ने गेम खेला, १, २, ३, ४ और ५ में से प्रत्येक पर कम से कम एक स्कोर पाया और लगातार चरणों में कभी एक जैसा स्कोर नहीं पाया","आंद्रेया ने गेम खेला, १, २, ३, ४ और ५ से अधिक में से प्रत्येक पर कम से कम एक स्कोर पाया और लगातार चरणों में कभी एक जैसा स्कोर नहीं पाया",contradiction
251,स्कूल एक फील्ड ट्रिप की योजना बना रहा है और प्रत्येक स्कूल बस में १४.० विद्यार्थी और २.० सीटें हैं,ट्रिप के लिए ७.० बसों की आवश्यकता है,Entailment
398,"और यूरोपीय संघ से आने वाला माल सभी रूसी आयातों का १६% है, यूरोपीय संघ के आँकड़े दिखाते हैं।",रूस अपने सभी आयातों का १६% यूरोपीय संघ से पाता है,Entailment
119,"शेखर ने गणित, विज्ञान, सामाजिक अध्ययन, अंग्रेज़ी और जीव विज्ञान में क्रमशः ४६, ६५, ८२, ६७ और ९५ अंक पाए","शेखर ने गणित, विज्ञान, सामाजिक अध्ययन, अंग्रेज़ी और जीव विज्ञान में क्रमशः ७६, ६५, ८२, ६७ और ९५ अंक पाए।",neutral
115,"यदि मियामी हवाई अड्डे का उपयोग करने वाले ऐसे यात्रियों की संख्या कैनेडी हवाई अड्डे का उपयोग करने वाली संख्या का ५/४ और लोगान हवाई अड्डे का उपयोग करने वाली संख्या के ३ गुने से कम हो, तो उस साल इन यात्रियों में से लगभग कितने मिलियन लोगों ने लोगान हवाई अड्डे का उपयोग किया?","यदि मियामी हवाई अड्डे का उपयोग करने वाले ऐसे यात्रियों की संख्या कैनेडी हवाई अड्डे का उपयोग करने वाली संख्या का १/४ और लोगान हवाई अड्डे का उपयोग करने वाली संख्या का ३ गुना हो, तो उस साल इन यात्रियों में से लगभग कितने मिलियन लोगों ने लोगान हवाई अड्डे का उपयोग किया?",neutral
138,दो जुड़वाँ बहनें सीता और गीता पीठ से पीठ सटाकर खड़ी थीं और अचानक वे २० किलोमीटर से कम तक विपरीत दिशाओं में दौड़ने लगीं।,दो जुड़वाँ बहनें सीता और गीता पीठ से पीठ सटाकर खड़ी थीं और अचानक वे १० किमी तक विपरीत दिशाओं में दौड़ने लगीं।,neutral
374,"यदि मिसी को लॉरेंस से १८ संदेश मिले हों, तो कीथ को जुआन से कितने संदेश मिलते हैं?",यदि मिसी को लॉरेंस से ३८ से कम संदेश मिलें तो कीथ को जुआन से कितने संदेश मिलते हैं?,Entailment
284,"रॉबर्ट ने ५ से अधिक चॉकलेट खाई हैं, निकेल ने ३ चॉकलेट खाई हैं","रॉबर्ट ने ७ चॉकलेट खाई हैं, निकेल ने ३ चॉकलेट खाई हैं",neutral
333,पिछले सप्ताह टाउन एक्स के निवासी पैट ने जितने घंटे टेलीविज़न देखा वह औसत से १ से २ मानक विचलनों के बीच था,पिछले सप्ताह टाउन एक्स के निवासी पैट ने जितने घंटे टेलीविज़न देखा उनकी संख्या औसत से ७ से २ मानक विचलनों के बीच थी,contradiction
379,जेमी ने प्रत्येक २२ सेंट में सीपियाँ बेचकर ५५ सेंट प्रत्येक पर कई पुरानी पेपरबैक किताबें खरीदने लायक पैसे कमाए,जेमी ने २२ सेंट से कम दाम पर सीपियाँ बेचकर ५५ सेंट प्रत्येक पर कई पुरानी पेपरबैक किताबें खरीदने लायक पैसे कमाए,contradiction
313,"क्लारिसा काम से घर लौट रही है, ११० मील दूर।",७१० मील दूर क्लारिसा ऑफिस से घर लौट रही है,contradiction
343,"रेणु एक काम ७ दिनों से अधिक में कर सकती है, लेकिन अपनी सहेली सुमा की मदद से वह काम ३ दिनों में कर सकती है।","रेणु एक काम ८ दिनों में कर सकती है, लेकिन अपनी सहेली सुमा की मदद से, वह ३ दिनों में कर सकती है",neutral
153,४०-गैलन ईंधन टैंक वाले एक छोटे विमान का पायलट ४८० मील दूर क्लीवलैंड उड़ान भरना चाहता है,१०-गैलन से अधिक ईंधन टैंक वाले एक छोटे विमान का पायलट ४८० मील दूर क्लीवलैंड उड़ान भरना चाहता है,Entailment
384,मार्था के पास ५ से कम कुत्ते और ४ बिल्लियाँ हैं,मार्था के पास ४ कुत्ते और ४ बिल्लियाँ हैं,neutral
110,टेरेसा ५.० किलोमीटर प्रति घंटे की गति से २५.० किलोमीटर दौड़ीं,टेरेसा ने ५.० घंटे जॉगिंग की,Entailment
182,सैम एक कक्षा में शीर्ष से ९वें और नीचे से ३८वें स्थान पर है,सैम एक कक्षा में शीर्ष से ९वें और नीचे से ३८वें स्थान पर है।,contradiction
195,"मैथ्यू की चलने की दर ३ किमी प्रति घंटा थी और जॉनी की ४ किमी प्रति घंटा, उनके मिलने तक जॉनी कितने किमी चला था?","मैथ्यू की चलने की दर ३ किमी प्रति घंटे से अधिक थी और जॉनी की ४ किमी प्रति घंटा, उनके मिलने तक जॉनी कितने किमी चला था?",contradiction
388,वुड्स सात बार राइडर कप टीम में रहे हैं और उनका रिकॉर्ड १३-१७-२ का है।,टाइगर वुड्स ने सात राइडर कप खेले हैं,Entailment
169,बेवर्ली के बोतल ढक्कन संग्रह के प्रत्येक बॉक्स में ३५.० बोतल ढक्कन हैं और बोतल के ढक्कन ७.० बॉक्सों में व्यवस्थित हैं,कुल २४५.० बोतल ढक्कन हैं,Entailment
84,"यदि द्रविड़ टूल किराए पर लेने के लिए बिक्री कर छोड़कर कुल $ ८८ से कम दें, तो उन्होंने कितने घंटों के लिए किराया लिया?","यदि द्रविड़ टूल किराए पर लेने के लिए बिक्री कर छोड़कर कुल $ ३८ चुकाएँ, तो उन्होंने कितने घंटों के लिए किराया लिया?",neutral
407,"यदि उनके घरों के बीच की दूरी ३० किलोमीटर हो, मैक्सवेल की चलने की गति ४ किमी/घंटा हो, और ब्रैड की दौड़ने की गति ६ किमी/घंटा हो, तो ब्रैड की यात्रा की दूरी कितनी है?","यदि उनके घरों के बीच की दूरी २० किलोमीटर से अधिक हो, मैक्सवेल की चलने की गति ४ किमी/घंटा हो, और ब्रैड की दौड़ने की गति ६ किमी/घंटा हो, तो ब्रैड की यात्रा की दूरी कितनी है?",Entailment
377,"पुलिस ने बताया, सीमा रक्षक और फ्रांसीसी पुलिस भी इन चारों की तलाश में जुटी है।","पुलिस ने बताया, धूसर रंग की एक गाड़ी में वे चारों भाग गए",neutral
75,पॉल कोर्स का पहला चरण ८२ सेकंड से भी कम समय में चलाता है,पॉल कोर्स का पहला चरण २२ सेकंड में चलाता है,neutral
